node,threads,scale_factor,cross_warehouse,tput_1,tput_2,tput_3,tput,tp_1,tp_2,tp_3
2,2,1,0,192664,197708,203484,197952
2,2,1,20,150468,133732,143743,142647.6667
2,2,1,40,111588,110003,112181,111257.3333
2,2,1,60,88522.2,86581.7,86197.8,87100.56667
2,2,1,80,71522.3,68794.7,70520.5,70279.16667
2,2,1,100,58331.7,58211.6,60697.4,59080.23333
2,2,2,0,274177,274476,269544,272732.3333
2,2,2,20,186643,180975,190293,185970.3333
2,2,2,40,139127,145716,137205,140682.6667
2,2,2,60,115655,114144,113045,114281.3333
2,2,2,80,92791.9,93136.5,89079.6,91669.33333
2,2,2,100,77568.3,80644.7,81218,79810.33333
2,2,4,0,242438,247785,241406,243876.3333
2,2,4,20,180499,174194,180077,178256.6667
2,2,4,40,135289,145733,134182,138401.3333
2,2,4,60,117916,110735,113508,114053
2,2,4,80,93829.5,95544.7,96902,95425.4
2,2,4,100,82733.7,81407.9,84842.1,82994.56667
2,2,8,0,194185,197780,185571,192512
2,2,8,20,144578,145464,138117,142719.6667
2,2,8,40,111388,114487,116110,113995
2,2,8,60,96483.6,98094.7,97566.1,97381.46667
2,2,8,80,83337.3,82808.6,84249.9,83465.26667
2,2,8,100,71819.9,72950.9,71793.3,72188.03333
2,2,16,0,152041,155923,160182,156048.6667
2,2,16,20,128734,126519,129561,128271.3333
2,2,16,40,110633,106691,108901,108741.6667
2,2,16,60,93549.7,93864,96059.6,94491.1
2,2,16,80,83620.8,84353.9,81092.2,83022.3
2,2,16,100,76686,74564.5,75722.9,75657.8
2,2,32,0,130623,130431,130466,130506.6667
2,2,32,20,109622,106409,107438,107823
2,2,32,40,93822,92433.2,92847.6,93034.26667
2,2,32,60,82127.5,80219.3,82655.8,81667.53333
2,2,32,80,72851.1,73592.4,73329,73257.5
2,2,32,100,66846.6,66135.6,66620.9,66534.36667
2,2,128,0,99647.9,98295.8,100194,99379.23333
2,2,128,20,85603.7,87839.4,82020.1,85154.4
2,2,128,40,78222.7,72237.9,74533.2,74997.93333
2,2,128,60,67426,65408.1,65934.5,66256.2
2,2,128,80,58357.9,61701.3,59700.7,59919.96667
2,2,128,100,53827.3,53948.6,53198.8,53658.23333
2,2,256,0,80060.4,88228.5,80500.1,82929.66667
2,2,256,20,68830.7,69575.3,69447,69284.33333
2,2,256,40,63674,63794.2,63924.5,63797.56667
2,2,256,60,53256.5,55757.6,55541,54851.7
2,2,256,80,51316,48534.2,51680.1,50510.1
2,2,256,100,46638.4,45238.2,46323.1,46066.56667
2,4,1,0,200393,206441,214798,207210.6667
2,4,1,20,179723,189046,186920,185229.6667
2,4,1,40,153047,152706,152123,152625.3333
2,4,1,60,131590,131685,127423,130232.6667
2,4,1,80,111518,114098,110681,112099
2,4,1,100,98250.4,97212.8,101485,98982.73333
2,4,2,0,407754,390001,378059,391938
2,4,2,20,279597,284233,281775,281868.3333
2,4,2,40,226965,230906,220362,226077.6667
2,4,2,60,183786,191681,192450,189305.6667
2,4,2,80,160427,159886,155215,158509.3333
2,4,2,100,135803,136854,139796,137484.3333
2,4,4,0,509516,506839,510256,508870.3333
2,4,4,20,352557,347787,349743,350029
2,4,4,40,272917,276309,274528,274584.6667
2,4,4,60,210230,218843,215672,214915
2,4,4,80,185198,182604,189114,185638.6667
2,4,4,100,163642,163108,159901,162217
2,4,8,0,447768,424977,426663,433136
2,4,8,20,299107,314085,313763,308985
2,4,8,40,247695,249384,248804,248627.6667
2,4,8,60,202097,208092,204717,204968.6667
2,4,8,80,176864,171532,175346,174580.6667
2,4,8,100,154123,148724,150230,151025.6667
2,4,16,0,373657,378208,364683,372182.6667
2,4,16,20,270127,261009,269357,266831
2,4,16,40,214513,212305,218972,215263.3333
2,4,16,60,179734,176950,178404,178362.6667
2,4,16,80,153096,153570,146952,151206
2,4,16,100,132485,135127,134996,134202.6667
2,4,32,0,298755,289016,300036,295935.6667
2,4,32,20,228706,226925,221895,225842
2,4,32,40,175042,183881,182387,180436.6667
2,4,32,60,152310,150602,147929,150280.3333
2,4,32,80,131470,130807,131273,131183.3333
2,4,32,100,117090,117225,114316,116210.3333
2,4,128,0,212705,203228,214080,210004.3333
2,4,128,20,167836,168996,165890,167574
2,4,128,40,138575,140464,137882,138973.6667
2,4,128,60,119661,116854,118731,118415.3333
2,4,128,80,105905,104506,102905,104438.6667
2,4,128,100,90959.2,93155.3,93170.6,92428.36667
2,4,256,0,183409,186919,184408,184912
2,4,256,20,150117,150262,146743,149040.6667
2,4,256,40,127355,124253,117702,123103.3333
2,4,256,60,107063,105861,105892,106272
2,4,256,80,93316,88718.6,94540.2,92191.6
2,4,256,100,84707.5,81310.8,85213,83743.76667
2,8,1,0,183196,185662,179090,182649.3333
2,8,1,20,181597,183440,184511,183182.6667
2,8,1,40,174293,166765,177228,172762
2,8,1,60,163133,164157,164158,163816
2,8,1,80,146127,151975,151067,149723
2,8,1,100,146165,150548,148619,148444
2,8,2,0,399435,401466,376671,392524
2,8,2,20,324791,334769,346347,335302.3333
2,8,2,40,298244,288569,298072,294961.6667
2,8,2,60,261772,262315,259177,261088
2,8,2,80,232922,228170,229574,230222
2,8,2,100,209717,212103,209033,210284.3333
2,8,4,0,682013,685040,721174,696075.6667
2,8,4,20,503165,498656,516430,506083.6667
2,8,4,40,403661,415102,423412,414058.3333
2,8,4,60,343322,351256,353915,349497.6667
2,8,4,80,307670,313761,303378,308269.6667
2,8,4,100,267879,274344,278867,273696.6667
2,8,8,0,920042,882633,888189,896954.6667
2,8,8,20,601975,618437,622384,614265.3333
2,8,8,40,477419,470497,479898,475938
2,8,8,60,405631,406328,386468,399475.6667
2,8,8,80,348547,339077,338425,342016.3333
2,8,8,100,300981,292210,301241,298144
2,8,16,0,867474,829862,876112,857816
2,8,16,20,643607,620816,616805,627076
2,8,16,40,497500,505780,505870,503050
2,8,16,60,421987,410319,430849,421051.6667
2,8,16,80,368673,367313,368664,368216.6667
2,8,16,100,329269,324807,323329,325801.6667
2,8,32,0,698471,697977,702125,699524.3333
2,8,32,20,547391,546738,540327,544818.6667
2,8,32,40,443039,439719,430902,437886.6667
2,8,32,60,374950,368439,372255,371881.3333
2,8,32,80,321646,325429,318591,321888.6667
2,8,32,100,290100,286967,287560,288209
2,8,128,0,429113,434213,427847,430391
2,8,128,20,362955,356483,365149,361529
2,8,128,40,310762,311162,309626,310516.6667
2,8,128,60,270999,271375,273656,272010
2,8,128,80,242804,242880,241104,242262.6667
2,8,128,100,216624,215565,216972,216387
2,8,256,0,373580,353839,282629,336682.6667
2,8,256,20,284680,326088,302080,304282.6667
2,8,256,40,280596,285934,241351,269293.6667
2,8,256,60,221108,254163,229958,235076.3333
2,8,256,80,233379,218724,209855,220652.6667
2,8,256,100,201873,200983,194980,199278.6667
2,16,1,0,173168,178337,177761,176422
2,16,1,20,173899,175763,175123,174928.3333
2,16,1,40,177520,178071,179223,178271.3333
2,16,1,60,184411,177635,185882,182642.6667
2,16,1,80,180142,182198,185736,182692
2,16,1,100,194936,196695,201526,197719
2,16,2,0,367156,367333,355007,363165.3333
2,16,2,20,337540,338580,335939,337353
2,16,2,40,308140,303863,317255,309752.6667
2,16,2,60,305672,307849,293392,302304.3333
2,16,2,80,284959,281068,285785,283937.3333
2,16,2,100,266828,274846,269941,270538.3333
2,16,4,0,745814,762157,736453,748141.3333
2,16,4,20,620105,607384,602400,609963
2,16,4,40,524593,508821,517738,517050.6667
2,16,4,60,473266,477448,476603,475772.3333
2,16,4,80,439312,437583,438129,438341.3333
2,16,4,100,401649,397498,408193,402446.6667
2,16,8,0,1.19E+06,1.19E+06,1.20E+06,1.20E+06
2,16,8,20,854787,880807,870880,868824.6667
2,16,8,40,705111,697184,701416,701237
2,16,8,60,627546,623197,615787,622176.6667
2,16,8,80,551018,557435,565036,557829.6667
2,16,8,100,495676,512224,502224,503374.6667
2,16,16,0,1.73E+06,1.70E+06,1.73E+06,1.72E+06
2,16,16,20,1.20E+06,1.21E+06,1.24E+06,1.22E+06
2,16,16,40,913652,921284,923064,919333.3333
2,16,16,60,735875,789656,780007,768512.6667
2,16,16,80,648879,666734,662018,659210.3333
2,16,16,100,613746,627821,609496,617021
2,16,32,0,1.56E+06,1.52E+06,1.54E+06,1.54E+06
2,16,32,20,1.15E+06,1.16E+06,1.14E+06,1.15E+06
2,16,32,40,871201,871071,865452,869241.3333
2,16,32,60,713960,716039,715351,715116.6667
2,16,32,80,596195,597696,595061,596317.3333
2,16,32,100,542297,549615,549576,547162.6667
2,16,128,0,937767,923344,952022,937711
2,16,128,20,806867,755400,761427,774564.6667
2,16,128,40,652221,632411,651631,645421
2,16,128,60,555746,544501,553337,551194.6667
2,16,128,80,476652,472055,478616,475774.3333
2,16,128,100,419864,421879,425871,422538
2,16,256,0,742386,542463,751383,678744
2,16,256,20,526737,567868,663691,586098.6667
2,16,256,40,559139,547418,535155,547237.3333
2,16,256,60,467697,416910,505223,463276.6667
2,16,256,80,436993,415234,342889,398372
2,16,256,100,392544,404271,389120,395311.6667
2,32,1,0,66598.4,68365.4,57319.6,64094.46667
2,32,1,20,73931,73868.5,75165,74321.5
2,32,1,40,80689.5,87364.9,81545.1,83199.83333
2,32,1,60,89900,100794,90535.8,93743.26667
2,32,1,80,88018.4,90672.9,101323,93338.1
2,32,1,100,93691.3,101306,103076,99357.76667
2,32,2,0,121905,134764,128569,128412.6667
2,32,2,20,111921,135545,120116,122527.3333
2,32,2,40,120926,122929,129388,124414.3333
2,32,2,60,133396,141375,143170,139313.6667
2,32,2,80,118536,130109,133546,127397
2,32,2,100,146899,158438,120926,142087.6667
2,32,4,0,227496,295630,276011,266379
2,32,4,20,261738,249388,270212,260446
2,32,4,40,229261,215049,236091,226800.3333
2,32,4,60,247646,217620,215278,226848
2,32,4,80,238416,197357,252670,229481
2,32,4,100,228973,245794,218081,230949.3333
2,32,8,0,557991,520481,560544,546338.6667
2,32,8,20,345793,406016,322952,358253.6667
2,32,8,40,310422,302574,323363,312119.6667
2,32,8,60,295436,296155,250585,280725.3333
2,32,8,80,248019,300582,269972,272857.6667
2,32,8,100,284501,226059,295476,268678.6667
2,32,32,0,1.41E+06,1.42E+06,1.20E+06,1.34E+06
2,32,32,20,556150,664732,658410,626430.6667
2,32,32,40,347063,447528,438295,410962
2,32,32,60,319220,313601,319834,317551.6667
2,32,32,80,325778,277073,335109,312653.3333
2,32,32,100,294047,304761,242239,280349
2,32,128,0,858396,531165,827076,738879
2,32,128,20,329963,407093,319407,352154.3333
2,32,128,40,277322,306641,284420,289461
2,32,128,60,229045,208400,247628,228357.6667
2,32,128,80,188458,195302,206437,196732.3333
2,32,128,100,166098,165674,145845,159205.6667
2,32,256,0,484385,471738,481542,479221.6667
2,32,256,20,272591,290488,240879,267986
2,32,256,40,229392,203234,238699,223775
2,32,256,60,151611,197305,164620,171178.6667
2,32,256,80,165414,134438,184120,161324
2,32,256,100,145152,137942,105502,129532
4,2,1,0,387840,412688,401716,400748
4,2,1,20,278757,274175,282383,278438.3333
4,2,1,40,213457,212754,205845,210685.3333
4,2,1,60,167701,170031,168855,168862.3333
4,2,1,80,141588,140146,141374,141036
4,2,1,100,122334,124701,118629,121888
4,2,2,0,529937,533947,525035,529639.6667
4,2,2,20,348323,347006,347441,347590
4,2,2,40,256974,262608,246389,255323.6667
4,2,2,60,203556,202004,199584,201714.6667
4,2,2,80,168300,164658,166419,166459
4,2,2,100,141522,143016,139201,141246.3333
4,2,4,0,473815,473703,484076,477198
4,2,4,20,321556,324138,322380,322691.3333
4,2,4,40,241052,243574,245848,243491.3333
4,2,4,60,197498,193468,195521,195495.6667
4,2,4,80,162553,163256,162656,162821.6667
4,2,4,100,138447,138464,139762,138891
4,2,8,0,372715,377654,376210,375526.3333
4,2,8,20,266570,257712,271470,265250.6667
4,2,8,40,206043,208212,212355,208870
4,2,8,60,170834,174533,168488,171285
4,2,8,80,145028,144213,144160,144467
4,2,8,100,125498,124767,124257,124840.6667
4,2,16,0,310841,309823,311831,310831.6667
4,2,16,20,234246,233367,233060,233557.6667
4,2,16,40,189468,189602,185647,188239
4,2,16,60,160503,158194,159955,159550.6667
4,2,16,80,139539,136739,139900,138726
4,2,16,100,121415,121017,119167,120533
4,2,32,0,255466,253111,257047,255208
4,2,32,20,200711,198973,200197,199960.3333
4,2,32,40,165397,165494,164463,165118
4,2,32,60,138703,136807,139535,138348.3333
4,2,32,80,121980,119579,120867,120808.6667
4,2,32,100,109028,105868,106236,107044
4,2,128,0,192183,190851,198295,193776.3333
4,2,128,20,156153,159035,157706,157631.3333
4,2,128,40,132119,131954,134951,133008
4,2,128,60,112274,115115,112460,113283
4,2,128,80,99528.3,100193,100611,100110.7667
4,2,128,100,88314.2,87599,85280.8,87064.66667
4,2,256,0,155992,157666,149467,154375
4,2,256,20,131484,127141,134131,130918.6667
4,2,256,40,110498,106068,106067,107544.3333
4,2,256,60,95787.6,95220.7,94694.6,95234.3
4,2,256,80,88598.2,85260.9,84411.9,86090.33333
4,2,256,100,76187.9,78211.8,75514.8,76638.16667
4,4,1,0,426983,438432,421475,428963.3333
4,4,1,20,362960,353861,358348,358389.6667
4,4,1,40,298200,298125,289601,295308.6667
4,4,1,60,254111,242697,251138,249315.3333
4,4,1,80,220940,221330,213825,218698.3333
4,4,1,100,200340,204233,198593,201055.3333
4,4,2,0,756819,740213,735913,744315
4,4,2,20,512488,528929,519976,520464.3333
4,4,2,40,393772,404913,407588,402091
4,4,2,60,335577,323615,331485,330225.6667
4,4,2,80,281324,280536,281377,281079
4,4,2,100,247965,238385,244268,243539.3333
4,4,4,0,983507,994159,997635,991767
4,4,4,20,647038,649070,650147,648751.6667
4,4,4,40,479474,490449,474732,481551.6667
4,4,4,60,378708,386384,385119,383403.6667
4,4,4,80,318764,315766,315656,316728.6667
4,4,4,100,271600,274492,275266,273786
4,4,8,0,858065,860242,863427,860578
4,4,8,20,585544,586273,572440,581419
4,4,8,40,443706,419012,432041,431586.3333
4,4,8,60,358613,352804,360212,357209.6667
4,4,8,80,283475,298428,300354,294085.6667
4,4,8,100,253189,264183,254224,257198.6667
4,4,16,0,733864,727048,741557,734156.3333
4,4,16,20,500806,484939,498876,494873.6667
4,4,16,40,377029,379726,374860,377205
4,4,16,60,299109,304410,302988,302169
4,4,16,80,242996,259724,255216,252645.3333
4,4,16,100,223928,220255,225872,223351.6667
4,4,32,0,586707,585810,585247,585921.3333
4,4,32,20,394839,418079,411300,408072.6667
4,4,32,40,320122,325941,321661,322574.6667
4,4,32,60,264748,269208,263251,265735.6667
4,4,32,80,221703,225682,225632,224339
4,4,32,100,197892,191167,195361,194806.6667
4,4,128,0,427498,409923,424558,420659.6667
4,4,128,20,322537,314104,303022,313221
4,4,128,40,254532,253730,256764,255008.6667
4,4,128,60,207556,208178,210255,208663
4,4,128,80,179681,179038,180518,179745.6667
4,4,128,100,155835,155149,154743,155242.3333
4,4,256,0,343387,340110,319523,334340
4,4,256,20,251678,246651,255110,251146.3333
4,4,256,40,219198,214175,207036,213469.6667
4,4,256,60,179686,172942,187438,180022
4,4,256,80,152665,151448,157281,153798
4,4,256,100,140751,137924,140310,139661.6667
4,8,1,0,380187,374459,371211,375285.6667
4,8,1,20,368687,360460,360221,363122.6667
4,8,1,40,340719,337590,339066,339125
4,8,1,60,308817,311170,313496,311161
4,8,1,80,290102,294349,285976,290142.3333
4,8,1,100,276545,280898,278267,278570
4,8,2,0,787695,815824,805736,803085
4,8,2,20,655659,630568,642732,642986.3333
4,8,2,40,560695,548161,549547,552801
4,8,2,60,472585,476997,478771,476117.6667
4,8,2,80,413197,416930,424955,418360.6667
4,8,2,100,388961,384657,387536,387051.3333
4,8,4,0,1.42E+06,1.40E+06,1.42E+06,1.41E+06
4,8,4,20,976641,975098,949879,967206
4,8,4,40,752796,763679,747017,754497.3333
4,8,4,60,626529,631330,619223,625694
4,8,4,80,535843,527895,514252,525996.6667
4,8,4,100,458292,464863,464225,462460
4,8,8,0,1.76E+06,1.77E+06,1.74E+06,1.76E+06
4,8,8,20,1.14E+06,1.16E+06,1.15E+06,1.15E+06
4,8,8,40,855152,846652,842061,847955
4,8,8,60,689546,704724,687038,693769.3333
4,8,8,80,574192,575909,569634,573245
4,8,8,100,489779,495197,497210,494062
4,8,16,0,1.61E+06,1.61E+06,1.67E+06,1.63E+06
4,8,16,20,1.14E+06,1.14E+06,1.15E+06,1.15E+06
4,8,16,40,871099,887685,865243,874675.6667
4,8,16,60,719702,714046,697562,710436.6667
4,8,16,80,600927,609347,604903,605059
4,8,16,100,520197,509443,513119,514253
4,8,32,0,1.37E+06,1.39E+06,1.37E+06,1.38E+06
4,8,32,20,1.02E+06,1.01E+06,1.01E+06,1.01E+06
4,8,32,40,776856,795517,784732,785701.6667
4,8,32,60,637182,653277,648403,646287.3333
4,8,32,80,544237,553255,552195,549895.6667
4,8,32,100,474230,474716,478435,475793.6667
4,8,128,0,847157,851805,847162,848708
4,8,128,20,676671,670474,684069,677071.3333
4,8,128,40,558011,563186,561924,561040.3333
4,8,128,60,481986,466660,474004,474216.6667
4,8,128,80,415259,414639,409838,413245.3333
4,8,128,100,361524,363471,362832,362609
4,8,256,0,642845,632426,630036,635102.3333
4,8,256,20,529792,525668,554477,536645.6667
4,8,256,40,436981,424609,451840,437810
4,8,256,60,407488,394489,403489,401822
4,8,256,80,353988,346821,341788,347532.3333
4,8,256,100,320807,303468,298656,307643.6667
4,16,1,0,363758,358348,356440,359515.3333
4,16,1,20,359554,358978,352936,357156
4,16,1,40,358674,360403,360006,359694.3333
4,16,1,60,359082,355134,351458,355224.6667
4,16,1,80,348656,352750,357977,353127.6667
4,16,1,100,363679,360532,365102,363104.3333
4,16,2,0,711523,699311,708811,706548.3333
4,16,2,20,671691,673425,676215,673777
4,16,2,40,633872,627091,627465,629476
4,16,2,60,584367,586144,586988,585833
4,16,2,80,540490,545323,547427,544413.3333
4,16,2,100,516731,518689,528253,521224.3333
4,16,4,0,1.54E+06,1.52E+06,1.49E+06,1.52E+06
4,16,4,20,1.24E+06,1.26E+06,1.22E+06,1.24E+06
4,16,4,40,1.02E+06,1.02E+06,1.03E+06,1.02E+06
4,16,4,60,897629,886698,888553,890960
4,16,4,80,802682,796458,794614,797918
4,16,4,100,719061,719103,733212,723792
4,16,8,0,2.41E+06,2.40E+06,2.37E+06,2.39E+06
4,16,8,20,1.73E+06,1.70E+06,1.69E+06,1.71E+06
4,16,8,40,1.35E+06,1.35E+06,1.35E+06,1.35E+06
4,16,8,60,1.12E+06,1.10E+06,1.11E+06,1.11E+06
4,16,8,80,947832,982091,944130,958017.6667
4,16,8,100,858941,868660,872762,866787.6667
4,16,16,0,3.26E+06,3.33E+06,3.32E+06,3.30E+06
4,16,16,20,2.18E+06,2.26E+06,2.25E+06,2.23E+06
4,16,16,40,1.65E+06,1.69E+06,1.66E+06,1.67E+06
4,16,16,60,1.34E+06,1.35E+06,1.34E+06,1.34E+06
4,16,16,80,1.12E+06,1.14E+06,1.12E+06,1.13E+06
4,16,16,100,989810,993238,975660,986236
4,16,32,0,3.07E+06,3.02E+06,3.04E+06,3.04E+06
4,16,32,20,2.12E+06,2.14E+06,2.04E+06,2.10E+06
4,16,32,40,1.62E+06,1.60E+06,1.60E+06,1.60E+06
4,16,32,60,1.30E+06,1.28E+06,1.30E+06,1.29E+06
4,16,32,80,1.10E+06,1.10E+06,1.08E+06,1.09E+06
4,16,32,100,958181,958140,952308,956209.6667
4,16,128,0,1.84E+06,1.90E+06,1.87E+06,1.87E+06
4,16,128,20,1.44E+06,1.44E+06,1.42E+06,1.43E+06
4,16,128,40,1.16E+06,1.16E+06,1.17E+06,1.17E+06
4,16,128,60,974742,985437,967416,975865
4,16,128,80,837977,850406,841756,843379.6667
4,16,128,100,769342,748679,750214,756078.3333
4,16,256,0,1.27E+06,1.39E+06,1.23E+06,1.30E+06
4,16,256,20,1.06E+06,1.09E+06,1.07E+06,1.07E+06
4,16,256,40,774719,973232,865207,871052.6667
4,16,256,60,761490,827598,769879,786322.3333
4,16,256,80,687163,664932,643573,665222.6667
4,16,256,100,635394,599809,550963,595388.6667
4,32,1,0,137411,131872,130354,133212.3333
4,32,1,20,144842,133800,135716,138119.3333
4,32,1,40,152940,146686,147876,149167.3333
4,32,1,60,170525,162366,176829,169906.6667
4,32,1,80,169287,180582,172575,174148
4,32,1,100,184411,180080,179152,181214.3333
4,32,2,0,237763,254390,247693,246615.3333
4,32,2,20,238326,245377,254046,245916.3333
4,32,2,40,248280,228061,249936,242092.3333
4,32,2,60,233785,248135,266508,249476
4,32,2,80,272023,268162,297633,279272.6667
4,32,2,100,265362,257588,262362,261770.6667
4,32,4,0,607846,615322,490564,571244
4,32,4,20,497644,512318,468118,492693.3333
4,32,4,40,402603,417179,427761,415847.6667
4,32,4,60,354669,442933,427024,408208.6667
4,32,4,80,339747,432282,401638,391222.3333
4,32,4,100,380448,425150,362089,389229
4,32,8,0,995163,1.15E+06,999207,1048423.333
4,32,8,20,641991,678924,739645,686853.3333
4,32,8,40,637578,596443,674638,636219.6667
4,32,8,60,477744,480117,530084,495981.6667
4,32,8,80,501102,501093,510112,504102.3333
4,32,8,100,429968,433928,451557,438484.3333
4,32,32,0,2.55E+06,2.42E+06,1.85E+06,2.27E+06
4,32,32,20,1.17E+06,1.04E+06,1.04E+06,1.08E+06
4,32,32,40,807285,902552,791211,833682.6667
4,32,32,60,683221,726830,680688,696913
4,32,32,80,590954,568304,600830,586696
4,32,32,100,509565,555719,471412,512232
4,32,128,0,1.68E+06,1.48E+06,1.97E+06,1.71E+06
4,32,128,20,744563,779991,781357,768637
4,32,128,40,567686,564970,581027,571227.6667
4,32,128,60,550044,504593,521342,525326.3333
4,32,128,80,414594,398198,449728,420840
4,32,128,100,361131,371428,337769,356776
4,32,256,0,962970,740365,733046,812127
4,32,256,20,557579,449312,666126,557672.3333
4,32,256,40,403025,425808,371370,400067.6667
4,32,256,60,405142,307160,414662,375654.6667
4,32,256,80,310783,258086,285342,284737
4,32,256,100,335934,286155,342124,321404.3333
8,2,1,0,784224,787539,758323,776695.3333
8,2,1,20,538952,533695,534739,535795.3333
8,2,1,40,409074,404552,408944,407523.3333
8,2,1,60,330485,331048,328453,329995.3333
8,2,1,80,277663,276379,277524,277188.6667
8,2,1,100,244308,243212,241776,243098.6667
8,2,2,0,1.05E+06,1.01E+06,1.04E+06,1.03E+06
8,2,2,20,647571,641537,652156,647088
8,2,2,40,477817,483962,483022,481600.3333
8,2,2,60,378931,371054,379466,376483.6667
8,2,2,80,309603,317953,311528,313028
8,2,2,100,267823,268746,264054,266874.3333
8,2,4,0,945025,951341,965102,953822.6667
8,2,4,20,625377,626845,628840,627020.6667
8,2,4,40,468106,469960,464898,467654.6667
8,2,4,60,367799,368579,374663,370347
8,2,4,80,315158,310424,308879,311487
8,2,4,100,262508,261866,267436,263936.6667
8,2,8,0,772471,754387,769508,765455.3333
8,2,8,20,521165,536934,517438,525179
8,2,8,40,388174,408108,409144,401808.6667
8,2,8,60,324150,327858,326062,326023.3333
8,2,8,80,271900,261780,276362,270014
8,2,8,100,235950,231068,232020,233012.6667
8,2,16,0,616779,620983,625343,621035
8,2,16,20,450604,437025,448159,445262.6667
8,2,16,40,348268,345367,352837,348824
8,2,16,60,290166,299024,287892,292360.6667
8,2,16,80,251322,240928,250077,247442.3333
8,2,16,100,214989,219860,216928,217259
8,2,32,0,499914,503095,503121,502043.3333
8,2,32,20,378959,377490,382808,379752.3333
8,2,32,40,310215,305568,301885,305889.3333
8,2,32,60,246388,253712,252003,250701
8,2,32,80,220471,218694,219262,219475.6667
8,2,32,100,189254,178997,192733,186994.6667
8,2,128,0,369819,379679,372435,373977.6667
8,2,128,20,289512,287515,284304,287110.3333
8,2,128,40,239739,240247,236771,238919
8,2,128,60,200039,211532,203088,204886.3333
8,2,128,80,177233,173203,181396,177277.3333
8,2,128,100,159086,158340,156915,158113.6667
8,2,256,0,271696,274800,271748,272748
8,2,256,20,225178,224482,224489,224716.3333
8,2,256,40,197831,196354,192572,195585.6667
8,2,256,60,170041,168207,158977,165741.6667
8,2,256,80,146045,149748,144654,146815.6667
8,2,256,100,132197,129227,128843,130089
8,4,1,0,836978,871176,851607,853253.6667
8,4,1,20,675487,686248,671732,677822.3333
8,4,1,40,557111,567483,562061,562218.3333
8,4,1,60,476306,493288,481226,483606.6667
8,4,1,80,424048,419919,424967,422978
8,4,1,100,389566,387240,388254,388353.3333
8,4,2,0,1.49E+06,1.48E+06,1.46E+06,1.48E+06
8,4,2,20,1.00E+06,1.01E+06,1.00E+06,1.01E+06
8,4,2,40,778166,773708,768706,773526.6667
8,4,2,60,624618,614255,622554,620475.6667
8,4,2,80,532558,519431,524173,525387.3333
8,4,2,100,465705,456965,458424,460364.6667
8,4,4,0,1.98E+06,1.99E+06,1.97E+06,1.98E+06
8,4,4,20,1.28E+06,1.24E+06,1.25E+06,1.26E+06
8,4,4,40,917823,904472,912785,911693.3333
8,4,4,60,721053,711588,730792,721144.3333
8,4,4,80,603272,601581,598886,601246.3333
8,4,4,100,520018,513953,510264,514745
8,4,8,0,1.71E+06,1.71E+06,1.72E+06,1.71E+06
8,4,8,20,1.13E+06,1.12E+06,1.13E+06,1.13E+06
8,4,8,40,850637,832558,833889,839028
8,4,8,60,686079,670235,687110,681141.3333
8,4,8,80,563146,566703,560195,563348
8,4,8,100,478420,468604,476902,474642
8,4,16,0,1.46E+06,1.45E+06,1.46E+06,1.45E+06
8,4,16,20,965875,929328,948686,947963
8,4,16,40,718888,728384,721120,722797.3333
8,4,16,60,581410,565552,570562,572508
8,4,16,80,495578,483981,487736,489098.3333
8,4,16,100,419109,417108,415996,417404.3333
8,4,32,0,1.16E+06,1.16E+06,1.15E+06,1.15E+06
8,4,32,20,784888,785721,779951,783520
8,4,32,40,619546,603186,607322,610018
8,4,32,60,490047,497305,492096,493149.3333
8,4,32,80,419239,422597,421844,421226.6667
8,4,32,100,359605,364405,354801,359603.6667
8,4,128,0,814146,806902,804826,808624.6667
8,4,128,20,583411,585436,610077,592974.6667
8,4,128,40,477147,469300,465311,470586
8,4,128,60,380265,390668,384869,385267.3333
8,4,128,80,334422,339847,330802,335023.6667
8,4,128,100,288932,286638,279747,285105.6667
8,4,256,0,501822,524376,524325,516841
8,4,256,20,401306,428579,404046,411310.3333
8,4,256,40,336434,317978,331609,328673.6667
8,4,256,60,287669,292952,304066,294895.6667
8,4,256,80,265910,286592,263135,271879
8,4,256,100,230907,222032,242052,231663.6667
8,8,1,0,746449,745124,745307,745626.6667
8,8,1,20,717833,722395,719985,720071
8,8,1,40,665464,660217,664054,663245
8,8,1,60,603694,606003,598216,602637.6667
8,8,1,80,559964,560320,555177,558487
8,8,1,100,552692,540109,535647,542816
8,8,2,0,1.59E+06,1.58E+06,1.59E+06,1.59E+06
8,8,2,20,1.30E+06,1.30E+06,1.28E+06,1.29E+06
8,8,2,40,1.07E+06,1.07E+06,1.07E+06,1.07E+06
8,8,2,60,876492,907016,902608,895372
8,8,2,80,797841,805301,798962,800701.3333
8,8,2,100,728865,730419,731859,730381
8,8,4,0,2.78E+06,2.78E+06,2.79E+06,2.78E+06
8,8,4,20,1.88E+06,1.88E+06,1.90E+06,1.88E+06
8,8,4,40,1.43E+06,1.45E+06,1.44E+06,1.44E+06
8,8,4,60,1.18E+06,1.16E+06,1.19E+06,1.17E+06
8,8,4,80,1.00E+06,984792,1.01E+06,9.97E+05
8,8,4,100,877046,882666,866382,875364.6667
8,8,8,0,3.54E+06,3.50E+06,3.51E+06,3.51E+06
8,8,8,20,2.20E+06,2.23E+06,2.19E+06,2.21E+06
8,8,8,40,1.62E+06,1.60E+06,1.62E+06,1.61E+06
8,8,8,60,1.32E+06,1.31E+06,1.29E+06,1.30E+06
8,8,8,80,1.08E+06,1.09E+06,1.08E+06,1.08E+06
8,8,8,100,926324,938413,918122,927619.6667
8,8,16,0,3.24E+06,3.26E+06,3.28E+06,3.26E+06
8,8,16,20,2.20E+06,2.19E+06,2.15E+06,2.18E+06
8,8,16,40,1.62E+06,1.62E+06,1.60E+06,1.62E+06
8,8,16,60,1.31E+06,1.29E+06,1.30E+06,1.30E+06
8,8,16,80,1.07E+06,1.10E+06,1.09E+06,1.09E+06
8,8,16,100,936905,936978,950948,941610.3333
8,8,32,0,2.73E+06,2.74E+06,2.71E+06,2.73E+06
8,8,32,20,1.88E+06,1.87E+06,1.90E+06,1.88E+06
8,8,32,40,1.42E+06,1.42E+06,1.44E+06,1.43E+06
8,8,32,60,1.17E+06,1.19E+06,1.18E+06,1.18E+06
8,8,32,80,1.00E+06,998636,975088,9.92E+05
8,8,32,100,856798,852771,851422,853663.6667
8,8,128,0,1.61E+06,1.64E+06,1.63E+06,1.63E+06
8,8,128,20,1.26E+06,1.24E+06,1.28E+06,1.26E+06
8,8,128,40,998744,997618,999718,998693.3333
8,8,128,60,832858,868465,848742,850021.6667
8,8,128,80,726349,714826,722473,721216
8,8,128,100,632426,620304,620978,624569.3333
8,8,256,0,1.02E+06,1.05E+06,1.06E+06,1.04E+06
8,8,256,20,838413,792958,798929,810100
8,8,256,40,734275,682100,722591,712988.6667
8,8,256,60,630141,600741,619003,616628.3333
8,8,256,80,556690,567040,553595,559108.3333
8,8,256,100,495510,495542,484054,491702
8,16,1,0,719616,721948,719847,720470.3333
8,16,1,20,715490,710205,713215,712970
8,16,1,40,712899,720065,705589,712851
8,16,1,60,694142,693047,695995,694394.6667
8,16,1,80,676260,678959,688040,681086.3333
8,16,1,100,698889,691646,697828,696121
8,16,2,0,1.46E+06,1.46E+06,1.46E+06,1.46E+06
8,16,2,20,1.38E+06,1.36E+06,1.36E+06,1.37E+06
8,16,2,40,1.26E+06,1.25E+06,1.25E+06,1.25E+06
8,16,2,60,1.14E+06,1.13E+06,1.14E+06,1.14E+06
8,16,2,80,1.05E+06,1.05E+06,1.05E+06,1.05E+06
8,16,2,100,1.01E+06,1.01E+06,1.00E+06,1.01E+06
8,16,4,0,3.03E+06,3.01E+06,3.05E+06,3.03E+06
8,16,4,20,2.42E+06,2.42E+06,2.41E+06,2.42E+06
8,16,4,40,2.00E+06,1.97E+06,2.03E+06,2.00E+06
8,16,4,60,1.71E+06,1.73E+06,1.71E+06,1.72E+06
8,16,4,80,1.52E+06,1.50E+06,1.50E+06,1.51E+06
8,16,4,100,1.39E+06,1.39E+06,1.37E+06,1.38E+06
8,16,8,0,4.87E+06,4.85E+06,4.82E+06,4.85E+06
8,16,8,20,3.35E+06,3.42E+06,3.37E+06,3.38E+06
8,16,8,40,2.62E+06,2.59E+06,2.64E+06,2.62E+06
8,16,8,60,2.13E+06,2.16E+06,2.11E+06,2.13E+06
8,16,8,80,1.81E+06,1.83E+06,1.80E+06,1.81E+06
8,16,8,100,1.60E+06,1.62E+06,1.60E+06,1.60E+06
8,16,16,0,6.64E+06,6.58E+06,6.61E+06,6.61E+06
8,16,16,20,4.22E+06,4.28E+06,4.31E+06,4.27E+06
8,16,16,40,3.12E+06,3.16E+06,3.20E+06,3.16E+06
8,16,16,60,2.51E+06,2.50E+06,2.51E+06,2.51E+06
8,16,16,80,2.07E+06,2.06E+06,2.05E+06,2.06E+06
8,16,16,100,1.79E+06,1.81E+06,1.80E+06,1.80E+06
8,16,32,0,5.89E+06,6.01E+06,5.96E+06,5.95E+06
8,16,32,20,4.02E+06,3.99E+06,4.08E+06,4.03E+06
8,16,32,40,2.97E+06,2.91E+06,3.03E+06,2.97E+06
8,16,32,60,2.39E+06,2.42E+06,2.40E+06,2.41E+06
8,16,32,80,1.99E+06,2.01E+06,2.01E+06,2.00E+06
8,16,32,100,1.73E+06,1.72E+06,1.74E+06,1.73E+06
8,16,128,0,3.45E+06,3.52E+06,3.44E+06,3.47E+06
8,16,128,20,2.64E+06,2.65E+06,2.55E+06,2.61E+06
8,16,128,40,2.05E+06,2.12E+06,2.06E+06,2.08E+06
8,16,128,60,1.76E+06,1.70E+06,1.75E+06,1.74E+06
8,16,128,80,1.52E+06,1.54E+06,1.51E+06,1.52E+06
8,16,128,100,1.34E+06,1.35E+06,1.34E+06,1.34E+06
8,16,256,0,1.73E+06,1.79E+06,2.07E+06,1.87E+06
8,16,256,20,1.39E+06,1.50E+06,1.75E+06,1.55E+06
8,16,256,40,1.28E+06,1.24E+06,1.34E+06,1.29E+06
8,16,256,60,1.28E+06,1.16E+06,1.23E+06,1.22E+06
8,16,256,80,983933,1.07E+06,1.12E+06,1056531
8,16,256,100,1.03E+06,1.01E+06,1.01E+06,1.02E+06
8,32,1,0,254240,264531,,259385.5
8,32,1,20,266562,261136,252500,260066
8,32,1,40,283796,270828,281623,278749
8,32,1,60,277618,303263,313476,298119
8,32,1,80,321425,324222,336295,327314
8,32,1,100,304689,334095,331307,323363.6667
8,32,2,0,496232,494117,485249,491866
8,32,2,20,500100,489313,494607,494673.3333
8,32,2,40,486078,460460,,473269
8,32,2,60,488514,506959,517551,504341.3333
8,32,2,80,474351,504132,,489241.5
8,32,2,100,474086,479185,503192,485487.6667
8,32,4,0,1.18E+06,1.23E+06,1.21E+06,1.21E+06
8,32,4,20,910879,959620,946566,939021.6667
8,32,4,40,833558,895351,820932,849947
8,32,4,60,799556,747414,777103,774691
8,32,4,80,720048,707364,715547,714319.6667
8,32,4,100,654082,726015,657966,679354.3333
8,32,8,0,2.05E+06,2.19E+06,2.07E+06,2.10E+06
8,32,8,20,1.62E+06,1.54E+06,1.46E+06,1.54E+06
8,32,8,40,1.18E+06,1.02E+06,1.20E+06,1.13E+06
8,32,8,60,962562,1.04E+06,976103,993001.6667
8,32,8,80,955443,853512,889274,899409.6667
8,32,8,100,796809,784517,817025,799450.3333
8,32,32,0,5.34E+06,4.70E+06,5.13E+06,5.06E+06
8,32,32,20,1.81E+06,2.05E+06,1.73E+06,1.86E+06
8,32,32,40,1.39E+06,1.49E+06,1.58E+06,1.49E+06
8,32,32,60,1.21E+06,1.13E+06,1.18E+06,1.17E+06
8,32,32,80,999498,1.02E+06,987075,1001197.667
8,32,32,100,858774,950957,878360,896030.3333
8,32,128,0,2.48E+06,2.80E+06,2.97E+06,2.75E+06
8,32,128,20,1.56E+06,1.41E+06,1.52E+06,1.50E+06
8,32,128,40,1.10E+06,1.18E+06,1.08E+06,1.12E+06
8,32,128,60,836884,858211,884392,859829
8,32,128,80,781178,724125,747338,750880.3333
8,32,128,100,645151,661726,645257,650711.3333
8,32,256,0,1.17E+06,939730,1.30E+06,1.14E+06
8,32,256,20,849800,859684,789744,833076
8,32,256,40,709505,692864,784443,728937.3333
8,32,256,60,497958,615428,620750,578045.3333
8,32,256,80,580610,535472,551245,555775.6667
8,32,256,100,479398,464232,570706,504778.6667
2,32,16,0,889671,750440,812024,817378.3333
2,32,16,20,495812,522212,432848,483624
2,32,16,40,352849,380400,361215,364821.3333
2,32,16,60,312117,349886,296835,319612.6667
2,32,16,80,326956,265948,309307,300737
2,32,16,100,311704,288734,228524,276320.6667
4,32,16,0,1.71E+06,1.78E+06,1.75E+06,1.74E+06
4,32,16,20,950086,873861,940961,921636
4,32,16,40,757949,758079,741706,752578
4,32,16,60,572776,624309,635040,610708.3333
4,32,16,80,563602,518294,605941,562612.3333
4,32,16,100,533686,504960,516915,518520.3333
8,32,16,0,3.30E+06,3.29E+06,3.27E+06,3.28E+06
8,32,16,20,1.90E+06,1.88E+06,1.71E+06,1.83E+06
8,32,16,40,1.41E+06,1.50E+06,1.39E+06,1.43E+06
8,32,16,60,1.22E+06,1.09E+06,1.11E+06,1.14E+06
8,32,16,80,1.02E+06,1.03E+06,863712,9.71E+05
8,32,16,100,825378,872041,898318,865245.6667
2,2,64,0,111547,110486,110699,110910.6667
2,2,64,20,90910.7,92475.4,92250,91878.7
2,2,64,40,77402.2,78639.2,78469.2,78170.2
2,2,64,60,66870.6,65001.4,66310.7,66060.9
2,2,64,80,58990.6,58991.8,59190.3,59057.56667
2,2,64,100,51798.1,52707,52110.3,52205.13333
2,4,64,0,242659,242054,240026,241579.6667
2,4,64,20,196595,193843,188600,193012.6667
2,4,64,40,159606,156021,150786,155471
2,4,64,60,135169,135288,140567,137008
2,4,64,80,120768,119055,119958,119927
2,4,64,100,105718,107014,104274,105668.6667
2,8,64,0,536561,537785,536149,536831.6667
2,8,64,20,417629,410827,422118,416858
2,8,64,40,339211,341179,336625,339005
2,8,64,60,287553,283461,287933,286315.6667
2,8,64,80,245988,245384,247775,246382.3333
2,8,64,100,221696,218959,223460,221371.6667
2,16,64,0,1.23E+06,1.23E+06,1.23E+06,1.23E+06
2,16,64,20,916128,928838,930022,924996
2,16,64,40,717315,734793,733406,728504.6667
2,16,64,60,597316,595833,597504,596884.3333
2,16,64,80,521000,508277,499876,509717.6667
2,16,64,100,448487,444394,448939,447273.3333
2,32,64,0,1.06E+06,890432,1.04E+06,9.98E+05
2,32,64,20,390043,537392,557174,494869.6667
2,32,64,40,383939,322375,368880,358398
2,32,64,60,276847,292646,280932,283475
2,32,64,80,265479,275976,228152,256535.6667
2,32,64,100,212767,236658,233892,227772.3333
4,2,64,0,220432,222469,222012,221637.6667
4,2,64,20,171505,171236,171946,171562.3333
4,2,64,40,137555,138093,140545,138731
4,2,64,60,114079,116931,116578,115862.6667
4,2,64,80,100407,100405,102004,100938.6667
4,2,64,100,88574.9,86163,86619.7,87119.2
4,4,64,0,469988,475463,471553,472334.6667
4,4,64,20,358424,362155,360467,360348.6667
4,4,64,40,290714,282693,289700,287702.3333
4,4,64,60,242968,242282,240703,241984.3333
4,4,64,80,205713,202286,208637,205545.3333
4,4,64,100,182552,185635,180057,182748
4,8,64,0,1.06E+06,1.04E+06,1.05E+06,1.05E+06
4,8,64,20,770237,770685,773907,771609.6667
4,8,64,40,619411,601400,607364,609391.6667
4,8,64,60,515380,510831,514321,513510.6667
4,8,64,80,436565,439208,440786,438853
4,8,64,100,385044,376824,376456,379441.3333
4,16,64,0,2.42E+06,2.42E+06,2.46E+06,2.43E+06
4,16,64,20,1.71E+06,1.72E+06,1.72E+06,1.72E+06
4,16,64,40,1.35E+06,1.34E+06,1.34E+06,1.34E+06
4,16,64,60,1.10E+06,1.09E+06,1.08E+06,1.09E+06
4,16,64,80,941122,936680,921265,933022.3333
4,16,64,100,795741,814057,815776,808524.6667
4,32,64,0,2.00E+06,2.00E+06,2.12E+06,2.04E+06
4,32,64,20,960989,902095,942041,935041.6667
4,32,64,40,688073,651036,743258,694122.3333
4,32,64,60,631884,521402,586592,579959.3333
4,32,64,80,499173,544224,593248,545548.3333
4,32,64,100,424586,435428,402969,420994.3333
8,2,64,0,440494,444625,441614,442244.3333
8,2,64,20,331108,335234,336957,334433
8,2,64,40,265064,262200,268982,265415.3333
8,2,64,60,219236,223234,216389,219619.6667
8,2,64,80,187267,188667,184864,186932.6667
8,2,64,100,168200,164577,165274,166017
8,4,64,0,950989,950689,945793,949157
8,4,64,20,683836,687518,680648,684000.6667
8,4,64,40,547075,554910,550943,550976
8,4,64,60,455167,458350,456163,456560
8,4,64,80,368328,387275,391498,382367
8,4,64,100,341257,339830,335929,339005.3333
8,8,64,0,2.11E+06,2.10E+06,2.10E+06,2.10E+06
8,8,64,20,1.48E+06,1.48E+06,1.46E+06,1.47E+06
8,8,64,40,1.16E+06,1.16E+06,1.15E+06,1.16E+06
8,8,64,60,958243,954946,955499,956229.3333
8,8,64,80,821046,818766,803415,814409
8,8,64,100,702649,697579,700584,700270.6667
8,16,64,0,4.77E+06,4.83E+06,4.76E+06,4.78E+06
8,16,64,20,3.24E+06,3.35E+06,3.27E+06,3.29E+06
8,16,64,40,2.51E+06,2.53E+06,2.53E+06,2.52E+06
8,16,64,60,2.04E+06,2.07E+06,2.06E+06,2.05E+06
8,16,64,80,1.73E+06,1.75E+06,1.77E+06,1.75E+06
8,16,64,100,1.51E+06,1.53E+06,1.51E+06,1.52E+06
8,32,64,0,4.30E+06,4.30E+06,4.00E+06,4.20E+06
8,32,64,20,1.59E+06,1.70E+06,1.75E+06,1.68E+06
8,32,64,40,1.40E+06,1.24E+06,1.22E+06,1.29E+06
8,32,64,60,983479,1.05E+06,1.08E+06,1036719.667
8,32,64,80,943937,875351,905439,908242.3333
8,32,64,100,840372,834323,766207,813634
