warehouses,threads,cross,servers,tput_1,tput_2,tput_3
4,1,0,2,35.0624,27.6175,26.4838
4,1,0,4,64.8991,65.7658,66.8002
4,1,20,2,20.6293,19.4562,19.9865
4,1,20,4,27.9522,29.9284,30.6332
4,1,40,2,17.22,13.5841,16.314
4,1,40,4,21.4555,22.7366,23.1835
4,1,60,2,15.4839,14.0878,14.7829
4,1,60,4,18.12,19.7025,17.5615
4,1,80,2,14.5002,14.3891,14.7201
4,1,80,4,16.9126,17.2931,17.2278
4,1,100,2,15.4124,14.7703,14.6646
4,1,100,4,17.1184,16.8875,16.3204
4,2,0,2,51.4675,51.8202,47.2826
4,2,0,4,91.1515,81.2354,87.4701
4,2,20,2,30.9652,28.993,26.6242
4,2,20,4,36.3758,36.2091,37.7474
4,2,40,2,24.8434,25.3922,24.0571
4,2,40,4,29.411,28.272,26.9402
4,2,60,2,23.2241,23.0605,23.8221
4,2,60,4,24.1392,23.152,22.9774
4,2,80,2,21.2748,22.4434,22.0146
4,2,80,4,20.0166,20.7048,20.876
4,2,100,2,21.3961,21.2713,23.2506
4,2,100,4,19.3068,20.1993,19.2444
4,4,0,2,66.5761,46.8713,41.7754
4,4,0,4,76.6602,86.4866,78.0285
4,4,20,2,43.6402,34.1617,39.0772
4,4,20,4,39.7353,45.0525,41.2912
4,4,40,2,31.0576,29.829,29.7907
4,4,40,4,30.0626,34.7962,31.1998
4,4,60,2,31.0053,27.5853,26.6587
4,4,60,4,25.2114,28.4784,24.6204
4,4,80,2,29.9685,25.5456,25.6967
4,4,80,4,21.3098,25.2585,23.4482
4,4,100,2,30.6079,27.7179,27.4917
4,4,100,4,21.7314,23.4746,20.3181
4,8,0,2,50.1062,49.9582,44.1422
4,8,0,4,76.7666,90.6676,73.5783
4,8,20,2,41.0642,34.3983,32.5908
4,8,20,4,34.8901,41.8741,33.7997
4,8,40,2,34.2847,29.7356,29.3126
4,8,40,4,30.4705,31.8028,29.6149
4,8,60,2,30.5353,26.845,25.7276
4,8,60,4,22.9954,29.3025,24.53
4,8,80,2,30.8349,24.8539,24.5452
4,8,80,4,23.0538,24.5626,22.1365
4,8,100,2,31.518,26.1106,25.077
4,8,100,4,20.2669,22.3243,19.6272
4,16,0,2,52.5211,38.2309,37.1138
4,16,0,4,71.9635,89.4239,70.1446
4,16,20,2,34.2138,28.6733,28.7825
4,16,20,4,40.2204,47.2485,38.888
4,16,40,2,30.6907,27.0547,25.2006
4,16,40,4,30.883,35.3286,31.879
4,16,60,2,28.6642,24.9106,22.9209
4,16,60,4,26.0274,29.6155,26.1461
4,16,80,2,26.9798,25.4597,22.5671
4,16,80,4,22.7668,24.7702,22.1977
4,16,100,2,27.9898,23.1238,24.6591
4,16,100,4,22.9191,23.6991,20.9968
8,1,0,2,25.7434,27.6425,18.4823
8,1,0,4,58.6787,63.1418,55.6784
8,1,0,8,122.409,110.496,109.89
8,1,20,2,18.3586,18.1964,18.3169
8,1,20,4,29.7229,26.6763,30.6931
8,1,20,8,47.9772,43.6112,45.5455
8,1,40,2,14.0825,15.0047,15.0517
8,1,40,4,24.0173,20.5602,22.7133
8,1,40,8,36.8899,35.3297,35.0572
8,1,60,2,13.9632,14.0679,13.1281
8,1,60,4,19.7486,18.8431,19.8054
8,1,60,8,28.8665,29.2193,29.2691
8,1,80,2,11.3423,13.0809,12.7598
8,1,80,4,17.7378,16.3635,17.824
8,1,80,8,25.2385,24.633,25.3338
8,1,100,2,12.5717,12.8176,11.9396
8,1,100,4,16.9051,15.8599,16.4888
8,1,100,8,22.4172,23.1667,23.5535
8,2,0,2,40.0856,45.8161,38.4188
8,2,0,4,90.0685,84.2782,87.051
8,2,0,8,158.939,148.693,152.652
8,2,20,2,28.0337,27.7797,26.4343
8,2,20,4,40.7068,46.3763,40.933
8,2,20,8,53.8888,51.4715,50.9728
8,2,40,2,20.4372,22.1863,22.1025
8,2,40,4,29.3891,29.5144,31.135
8,2,40,8,40.2388,39.75,39.2356
8,2,60,2,16.705,21.5629,20.4945
8,2,60,4,24.0271,24.5645,25.3072
8,2,60,8,33.3144,31.1883,32.4347
8,2,80,2,19.5856,21.9837,20.3868
8,2,80,4,21.168,24.1519,22.8233
8,2,80,8,28.9885,26.2023,25.8959
8,2,100,2,18.2746,19.9356,20.0605
8,2,100,4,18.6487,21.0293,19.8898
8,2,100,8,25.0218,22.9754,22.0808
8,4,0,2,42.9986,46.3358,40.2939
8,4,0,4,106.122,87.9783,94.8271
8,4,0,8,151.638,165.182,165.222
8,4,20,2,32.8797,26.9413,29.8286
8,4,20,4,53.5571,45.89,47.3019
8,4,20,8,50.3485,57.817,59.5149
8,4,40,2,28.7476,26.1014,28.6185
8,4,40,4,40.9374,40.4579,36.0202
8,4,40,8,40.8842,47.8778,46.5517
8,4,60,2,26.7595,25.5424,26.6116
8,4,60,4,32.8691,27.8177,28.0695
8,4,60,8,34.8665,37.7136,37.1939
8,4,80,2,24.8529,24.0221,24.9469
8,4,80,4,27.071,26.5283,25.6239
8,4,80,8,29.5691,30.3237,30.7768
8,4,100,2,24.9631,25.9428,24.6669
8,4,100,4,24.3824,22.0569,23.9999
8,4,100,8,25.7198,26.6303,28.5456
8,8,0,2,43.49,41.2357,38.5284
8,8,0,4,96.4566,90.9049,84.218
8,8,0,8,140.015,155.227,161.054
8,8,20,2,29.442,33.2665,36.044
8,8,20,4,54.9507,46.5109,43.7027
8,8,20,8,45.8469,55.9903,55.7868
8,8,40,2,26.8966,29.4994,28.2191
8,8,40,4,41.2727,33.6994,38.2641
8,8,40,8,38.1119,46.0752,46.5996
8,8,60,2,27.0061,24.6772,25.6976
8,8,60,4,34.2592,28.4912,27.4548
8,8,60,8,32.9271,37.2289,36.8914
8,8,80,2,23.4283,25.2179,26.5145
8,8,80,4,27.3657,25.4169,25.0117
8,8,80,8,26.6134,30.427,30.7041
8,8,100,2,25.4396,24.3476,25.3912
8,8,100,4,26.0849,22.4755,22.3089
8,8,100,8,23.3872,25.8554,26.149
8,16,0,2,34.7683,41.9757,35.0393
8,16,0,4,88.7355,72.0718,74.4054
8,16,0,8,135.969,154.037,151.128
8,16,20,2,23.4209,22.9597,24.4764
8,16,20,4,50.2048,42.6645,41.2921
8,16,20,8,40.6908,52.6566,54.5758
8,16,40,2,22.5806,23.1016,25.0651
8,16,40,4,41.1029,29.4007,32.3618
8,16,40,8,34.0394,42.8538,41.5489
8,16,60,2,23.3662,23.6997,23.498
8,16,60,4,30.3428,27.0031,28.5264
8,16,60,8,28.6128,33.1549,31.4954
8,16,80,2,21.4273,21.2688,22.9263
8,16,80,4,26.0308,22.7508,23.3405
8,16,80,8,22.1195,26.4592,26.3939
8,16,100,2,21.3631,21.1401,22.2783
8,16,100,4,22.1686,19.8364,22.2705
8,16,100,8,20.3233,22.4923,22.7503
16,1,0,2,24.3239,20.664,20.3372
16,1,0,4,36.8995,48.5038,37.4562
16,1,0,8,93.837,96.6045,104.167
16,1,20,2,16.125,16.3189,15.0547
16,1,20,4,24.7428,27.1653,26.8754
16,1,20,8,41.8694,34.7782,36.7968
16,1,40,2,12.4593,12.7177,12.0949
16,1,40,4,19.1734,17.7519,20.2814
16,1,40,8,30.6445,29.7065,30.32
16,1,60,2,11.4134,11.0896,12.0589
16,1,60,4,16.3005,14.0973,17.6153
16,1,60,8,24.9652,26.1476,24.4692
16,1,80,2,11.3609,10.0277,10.4737
16,1,80,4,15.1898,16.0752,15.7797
16,1,80,8,22.588,22.8951,22.848
16,1,100,2,10.8926,10.41,9.92537
16,1,100,4,14.2413,15.5448,14.9799
16,1,100,8,19.8822,20.0218,19.4442
16,2,0,2,40.4002,37.1889,42.2871
16,2,0,4,61.1264,79.3671,85.9198
16,2,0,8,156.593,175.721,159.314
16,2,20,2,25.4575,24.2671,20.877
16,2,20,4,39.3064,31.9197,38.7837
16,2,20,8,50.7583,48.742,50.0507
16,2,40,2,18.393,20.0502,20.632
16,2,40,4,30.0207,27.8564,30.5416
16,2,40,8,37.9034,37.2431,35.5993
16,2,60,2,16.0208,19.0577,19.3448
16,2,60,4,23.2602,23.1396,22.4569
16,2,60,8,28.1487,27.4606,31.1406
16,2,80,2,17.8424,17.9306,17.5275
16,2,80,4,19.7991,18.4051,22.3727
16,2,80,8,25.1685,23.4193,23.6888
16,2,100,2,16.4755,16.7281,16.8807
16,2,100,4,17.9475,19.6961,19.5259
16,2,100,8,21.9026,21.2303,21.3301
16,4,0,2,44.448,40.8396,45.8062
16,4,0,4,82.8277,81.2758,79.4934
16,4,0,8,169.671,165.586,173.78
16,4,20,2,33.1911,22.7007,22.7381
16,4,20,4,44.0416,43.3578,42.5911
16,4,20,8,54.3363,53.2569,54.7212
16,4,40,2,27.1388,19.6853,25.2779
16,4,40,4,32.6581,32.9958,33.0935
16,4,40,8,40.5085,36.5303,39.2104
16,4,60,2,19.65,18.7502,22.1803
16,4,60,4,26.653,28.9361,27.6816
16,4,60,8,28.0885,29.5026,29.3643
16,4,80,2,19.2466,18.7165,24.5389
16,4,80,4,23.5598,23.9497,24.1157
16,4,80,8,24.8768,24.832,26.4425
16,4,100,2,21.8129,19.2268,18.43
16,4,100,4,20.6525,21.9471,22.219
16,4,100,8,21.5168,22.717,22.5461
16,8,0,2,45.2309,44.299,44.3786
16,8,0,4,80.368,82.2428,102.566
16,8,0,8,148.987,151.85,156.611
16,8,20,2,30.9129,34.6607,28.4383
16,8,20,4,44.6306,42.7191,58.3193
16,8,20,8,55.1335,47.8367,52.3765
16,8,40,2,26.9948,28.0545,29.4448
16,8,40,4,37.568,33.2393,44.3088
16,8,40,8,41.2482,38.7834,38.7435
16,8,60,2,21.9947,19.4231,22.0938
16,8,60,4,26.5675,26.6011,35.0162
16,8,60,8,28.2257,27.4451,28.131
16,8,80,2,20.1523,25.3763,18.7513
16,8,80,4,22.6754,23.1314,28.5015
16,8,80,8,26.892,24.3736,24.1786
16,8,100,2,18.5535,23.7008,19.7649
16,8,100,4,21.3191,20.7507,25.7425
16,8,100,8,21.5027,21.8781,20.6402
16,16,0,2,45.8593,36.1903,41.407
16,16,0,4,75.3318,74.0904,94.2326
16,16,0,8,138.23,133.3,132.989
16,16,20,2,17.7841,26.9996,27.7036
16,16,20,4,38.6835,38.4074,54.8636
16,16,20,8,51.4953,49.4397,49.2831
16,16,40,2,25.8527,26.2162,19.5305
16,16,40,4,30.5691,33.5777,42.0439
16,16,40,8,38.1284,37.2299,36.569
16,16,60,2,21.9549,23.7484,23.5727
16,16,60,4,27.1655,25.0149,32.6548
16,16,60,8,28.255,29.7483,28.6016
16,16,80,2,17.3297,23.4889,17.9153
16,16,80,4,22.7042,24.0485,27.7752
16,16,80,8,24.7072,23.0053,22.0705
16,16,100,2,21.8044,16.1895,22.5309
16,16,100,4,21.3053,19.0162,24.4785
16,16,100,8,20.8616,20.3755,22.2721
32,1,0,2,16.6826,15.6192,15.8076
32,1,0,4,35.0772,37.2294,30.3924
32,1,0,8,63.8821,59.2289,63.8754
32,1,20,2,12.2444,12.2331,12.2226
32,1,20,4,20.271,20.4521,20.8749
32,1,20,8,30.7875,34.9948,35.8054
32,1,40,2,9.90847,11.118,11.1105
32,1,40,4,16.5343,17.049,17.2676
32,1,40,8,27.9523,28.1234,25.3317
32,1,60,2,9.25011,10.1914,9.89486
32,1,60,4,14.1529,14.761,14.1738
32,1,60,8,22.3922,20.5177,18.4932
32,1,80,2,9.24372,9.37985,9.94878
32,1,80,4,12.5602,12.8665,13.6662
32,1,80,8,21.4124,18.7565,22.2205
32,1,100,2,8.47187,9.2582,10.1899
32,1,100,4,11.5191,12.5949,12.4751
32,1,100,8,18.0697,19.3178,18.797
32,2,0,2,25.3135,18.2867,25.528
32,2,0,4,52.1251,57.7898,62.7651
32,2,0,8,110.782,110.966,96.738
32,2,20,2,19.4565,17.8976,17.9521
32,2,20,4,33.6238,27.9376,32.711
32,2,20,8,46.391,52.7034,50.3454
32,2,40,2,12.3906,15.1496,14.7484
32,2,40,4,27.2292,23.2622,25.1746
32,2,40,8,38.7708,36.7886,36.5647
32,2,60,2,13.8637,15.0498,14.2297
32,2,60,4,21.0737,20.4846,20.1664
32,2,60,8,30.4799,27.3747,30.7014
32,2,80,2,12.2406,12.8518,13.4547
32,2,80,4,19.4544,18.8707,19.2815
32,2,80,8,24.9039,23.8506,24.9455
32,2,100,2,12.9458,14.7786,13.6626
32,2,100,4,16.4692,14.99,17.4821
32,2,100,8,21.3779,21.5252,21.3013
32,4,0,2,34.8362,33.7041,34.4644
32,4,0,4,63.5552,63.7444,57.4471
32,4,0,8,127.718,136.796,125.599
32,4,20,2,27.9491,24.6798,23.5418
32,4,20,4,41.2014,33.9723,38.208
32,4,20,8,55.3326,55.5211,55.8736
32,4,40,2,21.108,23.1501,15.9067
32,4,40,4,27.8416,25.0004,25.5226
32,4,40,8,43.8506,40.2078,40.7016
32,4,60,2,17.8698,14.1456,15.4929
32,4,60,4,22.5319,24.6739,21.5614
32,4,60,8,33.0364,32.8415,33.622
32,4,80,2,14.4036,13.8612,14.2722
32,4,80,4,20.7732,18.265,19.2569
32,4,80,8,28.4161,27.8161,27.4973
32,4,100,2,13.6726,13.4055,14.2155
32,4,100,4,19.4325,17.8106,18.8853
32,4,100,8,23.8295,24.1331,23.496
32,8,0,2,39.6418,38.0333,41.624
32,8,0,4,101.719,68.3011,74.1616
32,8,0,8,130.24,148.438,138.243
32,8,20,2,25.0271,28.1176,23.3878
32,8,20,4,42.137,27.4193,37.2184
32,8,20,8,56.5241,56.3177,58.345
32,8,40,2,24.3889,24.9743,19.1843
32,8,40,4,40.4005,24.1843,24.5893
32,8,40,8,43.7901,42.7526,42.8771
32,8,60,2,17.5749,12.7793,14.9058
32,8,60,4,28.5529,21.9933,20.0841
32,8,60,8,33.3065,34.2864,33.4674
32,8,80,2,18.1028,14.0772,14.1703
32,8,80,4,23.9669,22.907,20.7523
32,8,80,8,27.2798,28.9165,27.736
32,8,100,2,14.7199,13.1619,13.9324
32,8,100,4,24.6797,18.7448,18.3596
32,8,100,8,24.8111,24.2531,26.2104
32,16,0,2,36.4729,35.9206,32.4781
32,16,0,4,66.0251,59.589,60.7359
32,16,0,8,121.92,126.112,125.293
32,16,20,2,23.3745,29.2249,25.3856
32,16,20,4,22.8978,37.1097,35.6085
32,16,20,8,54.4628,53.5972,54.2839
32,16,40,2,23.7755,21.9197,21.9827
32,16,40,4,23.6283,25.2266,30.5392
32,16,40,8,43.8686,43.9126,45.3731
32,16,60,2,13.1789,20.2837,20.2714
32,16,60,4,24.8026,22.9987,20.2514
32,16,60,8,35.0752,34.7928,33.8199
32,16,80,2,12.9322,11.499,14.1326
32,16,80,4,20.4746,18.957,18.3197
32,16,80,8,27.157,28.444,27.2081
32,16,100,2,10.6146,11.4238,11.3752
32,16,100,4,16.9247,17.6333,16.9416
32,16,100,8,25.1117,23.2984,22.6825
64,1,0,2,9.76524,9.86956,10.4119
64,1,0,4,19.3207,24.4008,18.6258
64,1,0,8,57.8144,59.5306,38.9995
64,1,20,2,8.28536,9.17543,9.54119
64,1,20,4,10.1314,11.6971,14.3074
64,1,20,8,34.707,27.6766,25.3179
64,1,40,2,7.79051,7.82198,8.09734
64,1,40,4,11.3141,9.26648,12.1984
64,1,40,8,23.9402,20.1647,25.7877
64,1,60,2,7.37024,7.21033,8.17089
64,1,60,4,10.4406,10.0322,10.0864
64,1,60,8,22.3895,18.8408,19.7073
64,1,80,2,7.26476,7.1238,7.63007
64,1,80,4,8.32472,9.05407,9.99558
64,1,80,8,16.6346,20.263,15.9145
64,1,100,2,7.77676,6.97017,7.24412
64,1,100,4,8.40785,7.06176,9.02232
64,1,100,8,13.6632,17.3635,16.5958
64,2,0,2,14.6156,18.8358,21.4365
64,2,0,4,33.8319,31.1215,35.4419
64,2,0,8,69.458,78.0289,51.1464
64,2,20,2,16.2154,14.6573,17.1706
64,2,20,4,13.7783,13.3507,14.0295
64,2,20,8,39.7576,48.3674,34.7223
64,2,40,2,11.4661,13.4248,11.9338
64,2,40,4,11.4499,12.3712,13.6445
64,2,40,8,34.715,35.5639,29.3305
64,2,60,2,13.4014,13.1737,14.9131
64,2,60,4,11.7958,11.6074,10.8047
64,2,60,8,29.1062,28.6579,24.1931
64,2,80,2,12.7045,13.0087,12.4207
64,2,80,4,10.4452,10.8144,10.3827
64,2,80,8,22.4215,24.4718,20.733
64,2,100,2,11.909,13.0391,10.5543
64,2,100,4,9.5125,9.4078,11.1735
64,2,100,8,20.2692,21.0131,18.7537
64,4,0,2,33.0097,28.4255,37.266
64,4,0,4,37.0434,37.8703,33.2248
64,4,0,8,85.3454,103.635,94.5661
64,4,20,2,25.3413,25.4854,32.4875
64,4,20,4,16.1269,14.7236,15.5096
64,4,20,8,51.4788,54.2515,52.4588
64,4,40,2,19.8231,20.6118,26.0772
64,4,40,4,11.9124,12.7378,12.3378
64,4,40,8,37.1308,41.8405,42.8488
64,4,60,2,22.4945,22.1699,24.6414
64,4,60,4,11.017,12.8708,11.1119
64,4,60,8,30.3373,34.9524,34.8911
64,4,80,2,17.4942,20.0672,26.9543
64,4,80,4,9.96548,9.93571,9.61093
64,4,80,8,27.1017,29.2851,29.2691
64,4,100,2,19.4547,20.1051,27.2981
64,4,100,4,8.65046,9.04094,9.62354
64,4,100,8,21.7146,25.2499,25.8088
64,8,0,2,42.8275,42.9439,33.6237
64,8,0,4,49.7309,80.8683,53.8998
64,8,0,8,116.609,126.41,155.614
64,8,20,2,32.8363,33.3431,32.0177
64,8,20,4,11.8602,43.9719,12.9492
64,8,20,8,46.9636,49.6069,67.4954
64,8,40,2,27.6307,31.3584,41.6393
64,8,40,4,10.4004,34.3583,10.3391
64,8,40,8,37.8824,35.9701,49.4551
64,8,60,2,25.3993,25.1422,39.6793
64,8,60,4,10.9632,26.9089,11.0576
64,8,60,8,30.5117,30.1989,40.4351
64,8,80,2,28.6151,22.4075,36.9352
64,8,80,4,8.65903,22.4154,9.10012
64,8,80,8,24.9513,25.6093,32.4038
64,8,100,2,28.647,27.8113,30.3437
64,8,100,4,8.99904,21.3144,8.99743
64,8,100,8,22.1253,22.0351,27.7273
64,16,0,2,53.2846,50.522,52.0297
64,16,0,4,58.5351,72.9118,55.2305
64,16,0,8,107.309,148.571,145.33
64,16,20,2,34.7284,32.0946,47.8976
64,16,20,4,14.9488,42.0059,22.1044
64,16,20,8,45.4091,71.5083,72.3927
64,16,40,2,37.0637,32.5724,43.9141
64,16,40,4,11.9594,34.2699,11.533
64,16,40,8,37.7417,54.3141,53.8377
64,16,60,2,35.8484,31.2831,47.0335
64,16,60,4,9.16845,22.7874,9.25138
64,16,60,8,30.8597,42.1363,40.0556
64,16,80,2,24.3671,20.9839,32.3702
64,16,80,4,7.98122,25.3989,9.35057
64,16,80,8,25.8795,32.2124,32.5041
64,16,100,2,31.1348,23.885,32.2368
64,16,100,4,7.2442,22.1537,7.35046
64,16,100,8,21.7408,28.5628,27.9344
128,1,0,4,11.3792,10.9472,11.5234
128,1,0,8,23.3091,27.525,23.1099
128,1,20,4,10.1358,9.85652,10.9132
128,1,20,8,15.4377,13.4792,17.2051
128,1,40,4,9.50285,8.80004,10.6343
128,1,40,8,14.493,13.1749,15.7589
128,1,60,4,9.44416,8.78462,9.92234
128,1,60,8,12.0441,13.3828,14.3501
128,1,80,4,9.0921,8.689,10.0088
128,1,80,8,12.7602,14.1684,13.8515
128,1,100,4,8.82675,8.08487,9.53822
128,1,100,8,13.2771,11.3826,13.2518
128,2,0,4,16.3487,15.6991,15.14
128,2,0,8,36.1157,39.4707,37.4465
128,2,20,4,12.5968,11.8756,15.38
128,2,20,8,21.7399,17.1959,14.9193
128,2,40,4,11.4941,12.0817,13.92
128,2,40,8,13.8468,14.3761,14.3982
128,2,60,4,11.1678,11.4427,13.04
128,2,60,8,15.0814,14.2201,13.1953
128,2,80,4,11.0144,10.0986,12.86
128,2,80,8,12.2691,13.4872,11.973
128,2,100,4,10.7361,11.642,12.39
128,2,100,8,15.3716,14.4152,14.685
128,4,0,4,22.7222,21.5756,29.3869
128,4,0,8,43.319,45.4681,44.1004
128,4,20,4,20.7736,22.2581,25.1819
128,4,20,8,16.0125,26.3373,27.4613
128,4,40,4,21.8901,19.3334,22.9716
128,4,40,8,14.3284,26.4513,24.4626
128,4,60,4,18.1504,18.261,23.8641
128,4,60,8,14.0221,23.9994,23.9113
128,4,80,4,16.2494,18.9786,23.5975
128,4,80,8,12.4546,22.1594,21.3549
128,4,100,4,17.16,17.3739,21.6193
128,4,100,8,12.2421,20.9628,20.0879
128,8,0,4,32.1004,31.373,33.8907
128,8,0,8,41.6633,39.3075,55.5454
128,8,20,4,25.759,25.9177,32.7781
128,8,20,8,15.8737,14.9108,32.1102
128,8,40,4,24.6848,24.1701,30.9911
128,8,40,8,13.7744,14.2859,28.9875
128,8,60,4,25.6139,24.6006,26.8491
128,8,60,8,13.9103,13.766,25.471
128,8,80,4,21.5179,18.7627,27.922
128,8,80,8,13.0164,13.1085,24.2854
128,8,100,4,21.1685,20.1186,25.0051
128,8,100,8,11.4993,12.2821,21.9222
128,16,0,4,28.9414,26.4924,34.2622
128,16,0,8,38.5145,37.8285,60.7533
128,16,20,4,27.0056,26.1389,28.5337
128,16,20,8,14.6593,15.1646,34.9396
128,16,40,4,22.4255,24.094,33.9251
128,16,40,8,11.8327,12.996,27.6955
128,16,60,4,21.0391,21.6299,31.84
128,16,60,8,15.2295,13.1127,26.185
128,16,80,4,22.5382,20.9798,29.783
128,16,80,8,11.7934,12.5896,23.7809
128,16,100,4,22.0522,19.2169,23.3264
128,16,100,8,11.5426,12.9606,22.0268
256,1,0,8,16.552,16.5555,17.2615
256,1,20,8,15.1953,15.0564,16.9518
256,1,40,8,14.6379,13.5969,14.8971
256,1,60,8,14.0044,13.8164,15.0138
256,1,80,8,13.4628,12.566,15.0361
256,1,100,8,13.1706,13.2533,14.4393
256,2,0,8,23.119,21.6156,20.6845
256,2,20,8,18.6635,17.9656,19.8891
256,2,40,8,15.8835,17.0113,18.452
256,2,60,8,16.0185,15.8887,17.5888
256,2,80,8,16.0038,14.3055,18.5066
256,2,100,8,16.2328,14.9309,16.9417
256,4,0,8,30.2142,32.6862,28.8656
256,4,20,8,26.8663,24.9326,28.6649
256,4,40,8,24.6863,23.7838,28.6813
256,4,60,8,23.8585,20.9828,27.5115
256,4,80,8,22.9523,17.6484,25.1368
256,4,100,8,22.4014,17.2815,23.268
256,8,0,8,34.8815,33.0911,36.2851
256,8,20,8,27.793,27.3419,32.8907
256,8,40,8,27.6163,25.2036,29.4338
256,8,60,8,23.1096,19.6284,27.94
256,8,80,8,23.6684,22.4235,27.8804
256,8,100,8,19.0104,21.1772,27.6312
256,16,0,8,33.1075,29.1961,28.9478
256,16,20,8,26.7661,24.4139,29.2762
256,16,40,8,23.3495,25.4747,27.3619
256,16,60,8,24.5833,17.1971,26.164
256,16,80,8,23.5932,19.499,25.5285
256,16,100,8,22.7826,17.206,24.0655
