WH,terminal,num_chunk,chunk_size,tput_1,tput_2,tput_3
128,128,1,1024,914.3248988690062,930.4763118660364,2405.079102067259
128,128,1,2048,1317.078064999122,1031.6908696045834,3673.871021517997
128,128,1,4096,1572.815331885161,1122.5533826318658,4333.993374341609
128,128,1,8192,1328.4451220986618,1516.841593992535,3281.650939263764
128,128,2,1024,1150.86708309012,1682.3527615163869,4150.246930964136
128,128,2,2048,940.8292226936545,1653.4390154895204,3607.8902323341194
128,128,2,4096,1497.2441416330307,1426.7064621724744,4372.118651977506
128,128,2,8192,1698.8106177117002,2252.96246271652,5166.160594735783
128,128,4,1024,855.4685220650141,1682.6749641522783,3992.184312607733
128,128,4,2048,1826.0095187910906,1649.0069169957203,4795.429258626816
128,128,4,4096,1835.680750071598,2085.5039457673074,5196.094202088817
128,128,4,8192,1789.4972080617506,1788.5339448121595,5211.167542727298
128,128,8,1024,1660.4330460100143,2245.738654408132,4767.453204045776
128,128,8,2048,1790.2561959138134,1731.5125039882325,5378.741566043579
128,128,8,4096,1765.9626177971436,2418.0703301158446,5256.064869565856
128,128,8,8192,1780.7108815228332,1794.7493188627209,5175.570969670623
128,16,1,1024,1206.8884798069346,1233.3458114056687,1569.0162640838473
128,16,1,2048,1236.5074052468096,1242.160705226902,1556.711050312649
128,16,1,4096,1254.3958277441925,1314.379993822114,1631.9472919436246
128,16,1,8192,1281.1298285894968,1275.704258805596,1585.6741073263909
128,16,2,1024,1214.2169212893689,1206.8095894525102,1557.83893126583
128,16,2,2048,1268.7558510728304,1216.011152519771,1570.0274564588926
128,16,2,4096,1291.2149522129735,1254.5756132186589,1618.5472272400727
128,16,2,8192,1347.768393792407,1284.3086406580837,1625.9997638029222
128,16,4,1024,1278.1479884723396,1215.2976184015122,1615.7122403985347
128,16,4,2048,1300.9439658532856,1250.6115299843277,1629.8134712272115
128,16,4,4096,1333.002358441518,1271.5704786882786,1667.214136697001
128,16,4,8192,1289.806888576154,1254.165121744264,1643.0443626680524
128,16,8,1024,1260.5532133914874,1272.1114175109208,1643.0895105356544
128,16,8,2048,1276.546458702192,1261.5288353732963,1717.5412821794098
128,16,8,4096,1336.7540292837039,868.1019042320761,1655.9261513515683
128,16,8,8192,1305.1266960462642,1261.0285515761173,1658.256433512033
128,1,1,1024,77.49997091555258,85.76601836991041,78.34906749592774
128,1,1,2048,78.31590586288337,76.79874850679403,77.69878385604513
128,1,1,4096,80.38310383019387,80.43221230937428,81.29898035360834
128,1,1,8192,83.43230758038995,77.89868470278009,79.54936475987354
128,1,2,1024,79.33290656725131,79.59930113405589,78.9156421193529
128,1,2,2048,80.61560196566276,80.28241881489197,79.01627789341005
128,1,2,4096,80.48270443209125,80.83323755807181,78.94982156287662
128,1,2,8192,81.13278303535805,79.4152324249219,76.59998649542239
128,1,4,1024,78.59991850367449,79.84998661980391,78.89874066038091
128,1,4,2048,81.64924379328122,80.78228446288372,79.91623901089685
128,1,4,4096,81.01550878491356,81.01596183455003,79.08278986453897
128,1,4,8192,80.19923856971586,80.5156300332977,78.58298466324982
128,1,8,1024,79.81640057342015,79.39964813516598,81.38260228426802
128,1,8,2048,81.58248637795246,78.0652784097022,77.4653089025025
128,1,8,4096,86.24858391612516,79.36660953329002,80.38257113373646
128,1,8,8192,80.64894411714064,84.3830703591201,78.74892906837644
128,256,1,1024,806.2538354996889,888.2313789430264,2514.9427737614124
128,256,1,2048,1165.7999190764792,1042.1876594559244,3450.26875065745
128,256,1,4096,1246.5270258650314,1251.441674429686,3374.309806638591
128,256,1,8192,1352.670432081276,1411.8841610128538,3145.6381186125714
128,256,2,1024,1615.9637012116787,1503.797902552135,4443.27008913007
128,256,2,2048,1448.846683835139,1642.768699905688,3417.233330985984
128,256,2,4096,1660.3546579855672,1636.9113672104688,4164.391216683811
128,256,2,8192,2066.9859009939705,1645.6727086575013,5893.264725343414
128,256,4,1024,1048.44375559131,1727.634948152836,4491.743016462545
128,256,4,2048,1489.8194963616272,1609.1561703018833,5322.153103127725
128,256,4,4096,2245.606752387708,1706.247178037792,6118.548816060805
128,256,4,8192,1727.9837303131858,1739.7575175934571,6255.794816986455
128,256,8,1024,1606.651933561326,1496.5997747944418,5380.7681604152785
128,256,8,2048,2246.494394958677,1720.2464804630124,6354.516177070199
128,256,8,4096,1727.0644731848136,1973.800211649915,6230.761229091707
128,256,8,8192,1745.197418826161,2165.869945910709,6339.857371776961
128,2,1,1024,163.71593077447224,165.66664493120285,166.74722339749312
128,2,1,2048,160.9499354215209,166.9996002808901,166.89944952110898
128,2,1,4096,170.06448832197339,172.16491564043685,168.29913130159392
128,2,1,8192,170.7646985608246,167.04946419162778,169.7308206269494
128,2,2,1024,165.09792652413427,157.03103916742916,161.9637869073451
128,2,2,2048,161.1330460008857,173.2986845849996,171.06385031135002
128,2,2,4096,175.81662231106313,173.31409314880605,167.04912092905846
128,2,2,8192,171.18228399734457,167.91465954915816,164.3639717522464
128,2,4,1024,164.41381555299,165.61529207354374,171.0832865078378
128,2,4,2048,173.31585924007322,166.7138063439984,166.31477331434002
128,2,4,4096,169.91490373723826,166.7658540138806,166.0652960246039
128,2,4,8192,171.11625775584938,169.01649839102393,167.03205240628142
128,2,8,1024,165.53192532153543,172.34931553480078,169.88029906450436
128,2,8,2048,167.28310347519695,167.13171426992108,173.59685816304912
128,2,8,4096,171.03285088671808,166.3812628654871,168.1999192948754
128,2,8,8192,168.18049153711368,169.21399002849148,167.86631545955925
128,32,1,1024,1646.930214431791,1618.3586177870536,2742.7483903266825
128,32,1,2048,1709.7187560717518,1607.78444112161,2443.3607126038364
128,32,1,4096,1747.6393552451964,1668.2806265351308,2341.5080546075014
128,32,1,8192,1817.2626235661735,1874.9590041779563,2581.7845075717646
128,32,2,1024,1626.261280299576,1738.9143058296593,2500.458005557934
128,32,2,2048,1664.94895721509,1686.2311949673474,2723.445649794873
128,32,2,4096,1591.0486577383174,1747.697367152173,2779.255035808588
128,32,2,8192,1757.0911900911972,1785.4093689736467,2925.3451685486752
128,32,4,1024,1637.6964342708486,1752.360530455003,2826.247403903343
128,32,4,2048,1801.6781730292694,1855.7437910675997,2852.507362584967
128,32,4,4096,1820.483026938888,1881.4479309259532,3026.3600442318093
128,32,4,8192,1811.1716844204107,1952.2394523756122,2985.820870892604
128,32,8,1024,1772.4794103474255,1843.6896583145121,2916.8166534437646
128,32,8,2048,1853.7551337012803,1330.2238136087817,3029.2847634980303
128,32,8,4096,1820.5587331571899,1289.448207409102,2986.63763736105
128,32,8,8192,568.5085060207921,1741.8491107860289,3044.4376158310865
128,4,1,1024,320.16600713536417,327.728530269623,312.2826316290554
128,4,1,2048,347.06130922006076,327.963460665323,322.3789280306548
128,4,1,4096,340.6140332149458,322.2997437072438,326.3625573377985
128,4,1,8192,341.2131917515219,343.4121205827379,315.2320962207333
128,4,2,1024,327.1453007376848,326.3460603557985,323.64847713142643
128,4,2,2048,329.5109484819466,327.0784172629523,325.7109569698765
128,4,2,4096,327.6805525815507,331.4281290831364,327.04489272523574
128,4,2,8192,341.91100115009095,327.08163552343103,321.9613732675326
128,4,4,1024,326.060828601874,324.5654326905293,332.6802765061573
128,4,4,2048,339.1643070044863,334.7974279912989,320.8799013837401
128,4,4,4096,327.94658445818595,340.31314189598703,334.562413988062
128,4,4,8192,334.6654007166998,340.8999541830462,326.1471001500316
128,4,8,1024,333.28151746009485,337.9151512354837,332.1477299916973
128,4,8,2048,338.54468952593356,351.8946061125582,325.49689435818163
128,4,8,4096,331.99885085791084,328.59461635509484,328.91482040747866
128,4,8,8192,350.46642583197996,345.61094939177616,324.9324071947397
128,512,1,1024,914.7161152910377,664.2586093093746,2267.347019087795
128,512,1,2048,583.259052287786,1196.483045000861,3499.1829642275156
128,512,1,4096,1462.7904179897087,1198.9987158573922,3039.7233496308286
128,512,1,8192,1188.9929250957648,1483.342898865619,2694.3357633543546
128,512,2,1024,935.5526373064282,1530.4219596454418,4178.127938086565
128,512,2,2048,1360.4502443770025,1353.7912708667013,3852.5461032652697
128,512,2,4096,1538.5805640861681,1492.539365060008,3722.734015718437
128,512,2,8192,1490.5811021073246,1468.84894240921,4455.532705779536
128,512,4,1024,832.1683245950815,1494.4413362596274,4171.996698169337
128,512,4,2048,1457.5417212530776,1397.4327784360676,4639.012680457373
128,512,4,4096,1777.1560045244885,1796.9799654404155,5581.612735199816
128,512,4,8192,1536.5084783112356,1666.6495121994653,5573.441644143061
128,512,8,1024,1438.1161452567885,1354.7872687479185,4932.251965385385
128,512,8,2048,1608.846823144249,1475.5254563800715,5643.194609825974
128,512,8,4096,1629.7512499803925,1625.9472707120105,5364.515705723996
128,512,8,8192,2028.2309571085627,1813.4176108817524,5647.209926004466
128,64,1,1024,1428.8083090191574,1331.843553365299,2988.4230473627285
128,64,1,2048,1340.1304504670438,1783.7972135850737,3542.3879696310737
128,64,1,4096,1830.0365675620947,1826.8403826961871,2999.6186848808156
128,64,1,8192,1944.9889159862278,1809.9026208268826,3180.499339253258
128,64,2,1024,1378.0612178394265,1604.24650623451,3599.858821674329
128,64,2,2048,1768.6733940524784,1816.5111834922911,3370.864038572519
128,64,2,4096,2020.26214828303,1820.8855173850827,3585.76905285301
128,64,2,8192,2094.310127539396,1952.3995362155158,3814.739737475524
128,64,4,1024,1951.7932359093477,1889.0483365670032,3569.5268493473036
128,64,4,2048,2059.82833533153,1943.8404915422489,3780.6093843855183
128,64,4,4096,2134.144927190085,2106.554978797459,3924.4380528693428
128,64,4,8192,1377.395130449082,2197.3933725262873,3985.94843951939
128,64,8,1024,1405.8423386278687,2075.4155075895387,3755.575728074549
128,64,8,2048,2136.2040534498333,2157.9247685658925,3880.4573962267486
128,64,8,4096,2066.144103030068,1986.7350311766934,4007.431161305644
128,64,8,8192,2052.899162725076,2018.765961953169,3966.648985257955
128,8,1,1024,708.8775108970099,714.357064374255,689.6664218120981
128,8,1,2048,711.3871999271165,713.8415019191748,691.9553102961141
128,8,1,4096,727.5461300730022,724.9437680813096,708.0441437078837
128,8,1,8192,697.0211840798396,720.7408835888104,725.3282211112316
128,8,2,1024,706.008278335209,714.9933431140616,699.2426076537681
128,8,2,2048,710.3226204133142,703.7107184228056,727.4738971117946
128,8,2,4096,761.7299721363538,770.4487169589108,710.0066610042974
128,8,2,8192,696.8375126020904,707.158343530823,696.6922823099619
128,8,4,1024,720.6275392356982,718.9097112990827,712.387191123953
128,8,4,2048,720.0298419326308,713.5288484120803,700.928008757079
128,8,4,4096,722.8084455397815,751.1273008797544,702.5421267743118
128,8,4,8192,624.4947397871325,726.2725474597311,706.1720945926784
128,8,8,1024,747.5594725156236,711.9284360962762,721.5411105052874
128,8,8,2048,747.6412921595668,741.621971610566,724.8138843115288
128,8,8,4096,751.4429797566781,734.1080652448176,724.1164312564149
128,8,8,8192,643.2732861550891,719.4382687916266,700.7610818344315
16,128,1,1024,4750.46492605066,4972.16359782731,4519.882617284768
16,128,1,2048,4839.840710600935,4834.712381344696,4319.491208449383
16,128,1,4096,4878.054188123645,4898.594687532761,4379.741242631758
16,128,1,8192,4967.750955354728,4720.976573458384,4425.305755116511
16,128,2,1024,5343.427991488788,5368.545523276453,4745.316020383313
16,128,2,2048,5301.483548210583,5379.424686038492,5005.48676490902
16,128,2,4096,5308.078376602817,5323.69275796963,4648.657027797595
16,128,2,8192,5338.774282040796,5262.476850292219,4659.2425203227995
16,128,4,1024,5572.438798714486,5556.203398363777,4932.8058686011345
16,128,4,2048,5522.107409550147,5426.253240167079,5092.749284569683
16,128,4,4096,5585.4554297683,5716.401177837188,4933.352483518026
16,128,4,8192,5555.521818521709,5519.300100927671,5112.103076857875
16,128,8,1024,5498.700050923645,5467.645634940044,5071.998515495602
16,128,8,2048,5584.745371194855,5564.892456322304,5047.123837050687
16,128,8,4096,5601.818422032507,5617.414534314686,5087.8159537755155
16,128,8,8192,5514.953239593916,5489.946938942094,4923.758574049219
16,16,1,1024,1678.737075036645,1595.4142874105214,1663.0551748157243
16,16,1,2048,1641.3831508388835,1644.0617757925065,1713.0210812349121
16,16,1,4096,1642.410554873763,1697.8527445288396,1654.6795063806437
16,16,1,8192,1670.0956100423493,1659.0129543486792,1735.3074006970846
16,16,2,1024,1721.4066373001604,1736.087592263085,1679.7684419621262
16,16,2,2048,1667.3045143082645,1721.9625840285883,1702.9799054615416
16,16,2,4096,1669.7976792595255,1694.368423794867,1766.3894933680942
16,16,2,8192,1672.2347826356074,1748.6995275888225,1689.5821913728898
16,16,4,1024,1702.4306925065255,1715.2674540447629,1701.0029782264357
16,16,4,2048,1750.445147802635,1751.747506562599,1690.498945382233
16,16,4,4096,1765.6214663211692,1751.3938620942608,1758.5666774207614
16,16,4,8192,1662.5440669621155,1679.1662602704514,1668.0156246573058
16,16,8,1024,1726.390606109911,1669.6442693634563,1690.0661651676999
16,16,8,2048,1722.5503331573161,1661.8933405441005,1740.7771731599155
16,16,8,4096,1657.3596346650493,1722.7795526740454,1692.9590803683557
16,16,8,8192,1719.9071887088414,1672.946493580786,1753.03305436734
16,1,1,1024,81.09872308303366,81.76619780566075,79.94868649371507
16,1,1,2048,79.14961108123687,83.98276683737762,83.46652929049722
16,1,1,4096,78.94994429423514,77.93197150590179,76.71663752201607
16,1,1,8192,81.44965897842283,81.11582513324268,80.86616030972618
16,1,2,1024,81.74902761575377,82.7819640368662,82.04861033448189
16,1,2,2048,78.88231634438456,82.58277508203206,85.1158443951217
16,1,2,4096,78.63200534360575,80.88205306883975,82.79981158764873
16,1,2,8192,83.93287028687901,84.84874377333821,80.29925609163172
16,1,4,1024,80.96540506237555,79.84869485578203,82.81573637541577
16,1,4,2048,81.21597387275193,83.79855947622639,78.78197701231282
16,1,4,4096,78.76619526936676,83.83318236374409,82.91656131150192
16,1,4,8192,80.68286307864473,82.49916259637502,81.41620573153179
16,1,8,1024,80.48252732362558,78.34996027265265,85.01660197611729
16,1,8,2048,80.06574392898432,79.91585460570589,79.19897171091091
16,1,8,4096,79.26643099831956,85.86514603786291,79.13307649110698
16,1,8,8192,84.63265846405147,79.7660596549293,83.09970382850057
16,256,1,1024,4425.831757805071,4749.8805912754215,4182.372125990219
16,256,1,2048,4412.542192795564,4451.556195506303,4024.94054721748
16,256,1,4096,4433.404065841998,4563.505389484265,4180.0739863299095
16,256,1,8192,4492.746039569487,4495.444185881502,4158.304573390023
16,256,2,1024,4848.7661562614885,4681.721455516657,4262.290922587706
16,256,2,2048,4751.462830454456,4827.855232395061,4346.692472105859
16,256,2,4096,4781.788643055461,4722.073314068379,4502.899543884886
16,256,2,8192,4710.428678801741,4731.33658141946,4354.435990008669
16,256,4,1024,4875.202318189972,4908.696408634084,4523.527271708623
16,256,4,2048,4974.632967354183,4937.941913550709,4542.049276139451
16,256,4,4096,5044.659595544025,4950.192770436499,4584.844631811531
16,256,4,8192,4842.42131932798,4912.071379988314,4544.969092581199
16,256,8,1024,4946.1219030929215,4887.618142697605,4507.934464694107
16,256,8,2048,4846.538616098586,4917.373471310708,4563.88033249016
16,256,8,4096,4900.509129089024,4927.012454810069,4576.768144930917
16,256,8,8192,4911.6425625352085,4809.245736238355,4531.331860650479
16,2,1,1024,161.33116596473926,167.43281067507152,166.28128303522914
16,2,1,2048,166.46548282796456,172.44936884968078,167.03163875838408
16,2,1,4096,170.66494514376524,168.29841412123878,164.31464080407443
16,2,1,8192,168.89911213396232,166.09915720180308,169.2661636076284
16,2,2,1024,177.16409243401804,177.64810468125356,178.56598014892327
16,2,2,2048,167.7147382798107,168.19713152126647,172.94933555747767
16,2,2,4096,167.63219974852123,169.9328756701126,183.69859398626986
16,2,2,8192,176.3971248297636,170.68262387393895,166.66622395950927
16,2,4,1024,172.49722010954952,172.54999964339666,171.3645339150869
16,2,4,2048,168.1488288938514,172.816501609626,174.7163216630821
16,2,4,4096,168.63097469751128,170.06660142344947,175.09896913400237
16,2,4,8192,173.48112720275222,168.53327161364038,176.68084167409555
16,2,8,1024,167.28120652007362,163.71393693049652,166.34938095850364
16,2,8,2048,168.33153593688652,168.71452609830487,166.1162715120486
16,2,8,4096,175.49838452567053,171.56457607510313,173.64774721568102
16,2,8,8192,166.5303244717573,176.86618075631273,169.7977143076883
16,32,1,1024,3063.911081180143,3031.2304774106306,2929.874629336622
16,32,1,2048,2912.9994334855837,3015.9335469704915,2900.5432399457654
16,32,1,4096,3010.09196704414,2996.597929550604,2918.9886009804663
16,32,1,8192,3031.889733546209,3024.6115970088076,2877.564748817721
16,32,2,1024,3235.7057146755214,3194.8152508310413,3077.3865881387983
16,32,2,2048,3146.8579703923588,3202.3332495186246,3094.7652533683795
16,32,2,4096,3150.101836255466,3172.3043069747105,3116.279322733783
16,32,2,8192,3196.171759974013,3256.48455002199,3096.825768407346
16,32,4,1024,3350.397006212153,3290.847605533287,3130.5632004205113
16,32,4,2048,3241.2151062666117,3234.5094818507546,3121.2403464953204
16,32,4,4096,3240.503203456024,3226.937409834784,3146.7793290931822
16,32,4,8192,3218.580324388251,3225.9154221653034,3169.428292777482
16,32,8,1024,3264.1616452980024,3313.6794887844144,3149.482052781505
16,32,8,2048,3274.8099400268243,3311.8631755212978,3170.1860271305627
16,32,8,4096,3248.20428848609,3250.4545146410837,3129.457717304275
16,32,8,8192,3184.8302678280397,3231.8231768980904,3114.7787253816
16,4,1,1024,343.79466025582576,331.66467038254336,343.313796351619
16,4,1,2048,343.89400862126615,330.5609956063009,331.9828070243902
16,4,1,4096,338.4313573341673,327.4324639237407,331.8805167906082
16,4,1,8192,326.14569206657603,331.48173744765654,349.8331206931015
16,4,2,1024,328.4164130142501,333.3660459613135,345.0991611272075
16,4,2,2048,327.0788938042867,329.7959094259068,332.1281650149964
16,4,2,4096,344.39936166152313,338.8816034839482,331.6108463381018
16,4,2,8192,328.57811271998935,334.7656474112794,334.84490166268876
16,4,4,1024,334.04857413593123,334.3997659424572,346.9786523484281
16,4,4,2048,334.94899087684524,331.59842285158123,354.9310663590349
16,4,4,4096,333.6465126432382,348.5655730886565,333.04816875129654
16,4,4,8192,348.69848113915583,349.1637331792012,325.97990481251946
16,4,8,1024,331.8296524797302,351.1951136350799,340.1804813792406
16,4,8,2048,348.2115719773535,335.465572713434,332.8314677131074
16,4,8,4096,333.8792486267823,336.6642786844937,351.99538392666864
16,4,8,8192,335.3991549953689,350.81463988186005,335.8982584459062
16,512,1,1024,4037.0653778122214,4433.546735136184,4090.224343931462
16,512,1,2048,4229.505823621084,4334.414245249421,3973.7408913937493
16,512,1,4096,4177.896189329473,4267.7381884655315,3997.0891777556594
16,512,1,8192,4187.328756076077,4325.563363954852,3982.0857135400815
16,512,2,1024,4554.613860277672,4465.5663451458895,4163.609823232892
16,512,2,2048,4541.548072375637,4467.346898693327,4179.165037645326
16,512,2,4096,4513.671495487455,4471.074690587499,4088.35457791592
16,512,2,8192,4521.439676798606,4506.846440513713,3917.766392287279
16,512,4,1024,4583.214354316348,4658.394900177888,4352.147939156477
16,512,4,2048,4620.320792242596,4638.720024922894,4316.642249010287
16,512,4,4096,4739.803933954757,4716.38014081901,4284.056407486243
16,512,4,8192,4580.19220503941,4581.489723536468,4168.798261759229
16,512,8,1024,4567.15325037364,4504.9951682637675,4394.0180135162955
16,512,8,2048,4588.450510425804,4585.2715812058495,4352.10899317316
16,512,8,4096,4611.45193876518,4540.204920135188,4297.795953109771
16,512,8,8192,4564.216851434685,4618.020992670805,4332.9049984486865
16,64,1,1024,3922.249348971979,3898.830766742925,4034.1755926487294
16,64,1,2048,3959.404378605053,3960.11254518454,3825.003120997317
16,64,1,4096,3928.4615456370275,3874.6250257486295,3686.955766980782
16,64,1,8192,3971.185384448038,3916.2449532842716,3843.5132150636823
16,64,2,1024,4203.1832592815035,4191.866203465452,3992.0408662687337
16,64,2,2048,4235.327786884757,4147.446116380056,4141.028998624586
16,64,2,4096,4227.905171820705,4178.630803718307,3976.9239163502634
16,64,2,8192,4170.714420688472,4209.494447246922,4066.1928723423075
16,64,4,1024,4303.03059122709,4314.658437115064,4094.1623362994756
16,64,4,2048,4289.142398984916,4309.248316017579,4164.398828006015
16,64,4,4096,4337.440595705882,4296.734302574453,3895.571736310932
16,64,4,8192,4263.477011547417,4308.707972842966,4112.741258642637
16,64,8,1024,4376.325440280446,4250.06847750087,4239.777686968652
16,64,8,2048,4278.019111995625,4345.333108742085,4157.9032693137615
16,64,8,4096,4259.406406750494,4264.2106323099515,4235.264277365196
16,64,8,8192,4299.594792056311,4180.476260176525,4135.24877684016
16,8,1,1024,701.7394893225377,753.0883030450285,777.5077976481773
16,8,1,2048,749.6913656421088,725.9245863776223,758.1716441967366
16,8,1,4096,718.6316663114799,717.5302998065671,736.0862361810998
16,8,1,8192,743.6902341945051,731.9608073570018,769.9282426191216
16,8,2,1024,711.5560214683853,717.3282173843534,771.4885209065742
16,8,2,2048,723.9267228085295,758.7735646168917,725.6758133121098
16,8,2,4096,705.5115604444383,763.8919199332169,736.7979043502806
16,8,2,8192,758.536142227364,724.633004615648,724.9489621751482
16,8,4,1024,714.592009539338,762.5971450523581,770.8143587071606
16,8,4,2048,778.4918724670023,739.0205933450077,764.030188827019
16,8,4,4096,729.9092742671885,734.6897614859323,787.6640705915287
16,8,4,8192,723.6665618676874,725.3931005081537,747.6457355782535
16,8,8,1024,706.6373205710113,743.3826561612925,770.48826760821
16,8,8,2048,717.8931505814503,767.6735892524649,730.558878531566
16,8,8,4096,710.2240075120984,772.8290190668564,780.4204533782269
16,8,8,8192,705.0787415080293,773.1571532513868,730.1593480117965
1,128,1,1024,343.3289380591569,337.1309071314282,334.34457371016174
1,128,1,2048,342.41456845291555,349.0790461888434,331.7987912238237
1,128,1,4096,339.9454356319564,347.6449695309382,337.39381819173786
1,128,1,8192,339.5953639346503,339.34871626077387,337.582368978659
1,128,2,1024,341.9652330458201,337.74929107549633,336.57739909233294
1,128,2,2048,334.36507192917435,333.24495531009615,335.24921995887746
1,128,2,4096,333.3806847238074,341.9987345476824,335.29477059746335
1,128,2,8192,340.3281743666037,334.39491755394107,330.22825080683657
1,128,4,1024,332.46293479238784,343.9145377153081,336.0611695460858
1,128,4,2048,334.38083718038376,342.5617669372018,339.6628871018567
1,128,4,4096,337.24432258176114,335.562926515844,335.0288320032066
1,128,4,8192,335.48246375160454,331.64543851547415,335.66560562209287
1,128,8,1024,333.06468441554415,339.24954016986493,338.2278153776478
1,128,8,2048,337.41505096031875,340.82917338262104,331.297173085395
1,128,8,4096,341.58066952786805,336.41086653963447,328.1311145326123
1,128,8,8192,332.2979687511298,339.96311588224046,320.11104044837157
1,16,1,1024,401.77767761610625,398.5782979209784,409.14250444794715
1,16,1,2048,397.198641554166,410.1759842854218,398.5474291631657
1,16,1,4096,401.89790537510015,399.9481699171641,410.6132472643194
1,16,1,8192,393.496618099874,392.5318823196037,391.85954657217445
1,16,2,1024,411.44930959491603,419.62777444727345,398.49389529269575
1,16,2,2048,409.43078784753453,407.2138512579681,411.6789781128107
1,16,2,4096,401.8457307440746,398.5433001284359,394.9165700964014
1,16,2,8192,394.23236754287933,413.26030090830653,408.04888461877636
1,16,4,1024,410.8991295375873,397.9308360852106,394.69914342391894
1,16,4,2048,397.01444275718103,395.7476352297931,395.2816106236059
1,16,4,4096,399.17874802693154,401.6813846296533,407.33279244290713
1,16,4,8192,411.3290070708137,416.3101294874734,403.18327240562115
1,16,8,1024,401.0276668257687,405.58143639515686,394.74403016760857
1,16,8,2048,386.0960441564556,383.96153626221013,390.02749419271504
1,16,8,4096,380.4959555626316,395.2646804748228,393.31566270221657
1,16,8,8192,393.5665678748987,408.0993998966341,408.147464064164
1,1,1,1024,82.78195507724746,84.41570813192854,84.9325513848125
1,1,1,2048,83.3499584986665,86.466436232173,83.46650912780402
1,1,1,4096,80.9488595897678,84.21561744253566,83.69895397511266
1,1,1,8192,83.48310414299338,83.38294430047868,85.19885582906555
1,1,2,1024,83.09990112912264,84.0992208725798,84.51581024260673
1,1,2,2048,81.76533561421923,84.89858982451818,86.26528893667685
1,1,2,4096,81.7661214174626,82.64936871447934,86.88316001590962
1,1,2,8192,84.16588995016785,81.43186532445279,82.4994289747024
1,1,4,1024,85.19859176951637,84.68304065886512,87.69941105460505
1,1,4,2048,82.39869213637225,91.74834366409355,85.09881727819939
1,1,4,4096,83.83202060073674,82.79953903702628,84.18266646911654
1,1,4,8192,79.91638119336558,80.93328683446227,85.79989058511953
1,1,8,1024,83.89849884890596,80.66662302064583,82.4151878524906
1,1,8,2048,85.14860899103637,83.43198803007074,83.5661694604933
1,1,8,4096,79.41564301623491,81.18188254002865,83.64936869542615
1,1,8,8192,81.71592589545523,80.36661970041412,82.46547516012554
1,256,1,1024,326.5442991787401,337.81284130783297,319.7280650247995
1,256,1,2048,329.2828381468252,340.2297641870151,329.86546413661944
1,256,1,4096,336.5151871327778,319.24920830453,323.3160657568154
1,256,1,8192,319.21275747551414,328.98192635987976,325.4632230053967
1,256,2,1024,330.51106674605205,322.36636141795907,332.6127282658738
1,256,2,2048,325.34900364578874,334.3791907206855,328.1323556301665
1,256,2,4096,327.46182184172403,333.8804149847901,326.48260117433466
1,256,2,8192,319.6995552126655,329.8287959005767,321.9614779945136
1,256,4,1024,326.2283272345977,329.7309738059623,325.8314403721363
1,256,4,2048,333.29657032274196,332.06447061363434,322.3826802236345
1,256,4,4096,335.92853263466156,330.3474536873328,331.0830156205535
1,256,4,8192,315.9998082091831,338.4456398894327,328.93131373892453
1,256,8,1024,332.22790648461216,327.1798107628067,328.4791673634453
1,256,8,2048,328.06561190838556,330.64849739545764,332.5799859157751
1,256,8,4096,315.74872342791116,326.8477633970974,315.09813224006626
1,256,8,8192,325.7953604514404,328.4166491730065,310.96632950660666
1,2,1,1024,175.26402570069538,175.7978405081171,182.71393284903442
1,2,1,2048,172.36489549958273,178.24680948905822,178.73115104980982
1,2,1,4096,179.79958555895863,171.84895301598203,184.81612853446495
1,2,1,8192,171.21512906349292,168.24725673128313,182.1664750184266
1,2,2,1024,176.54769675580565,176.715914501884,189.34736960212044
1,2,2,2048,171.18054732713045,179.61410933893933,180.23190022538643
1,2,2,4096,172.08242083761644,174.5476240170141,183.68109726700496
1,2,2,8192,170.83257999582207,179.3486244857245,187.54843297657794
1,2,4,1024,176.23141678730389,171.18082045024337,175.1666274468588
1,2,4,2048,174.08175948335673,177.4322980188316,180.11368654763555
1,2,4,4096,170.53330449330932,176.0978014659081,176.24975263347218
1,2,4,8192,168.2818182388345,173.16666484264448,171.2157604901327
1,2,8,1024,175.78072433429952,173.14703020522418,177.86556842385673
1,2,8,2048,172.76554075939637,174.5990241253144,178.9160962582963
1,2,8,4096,164.9651143696852,171.0472741165192,173.71500922281118
1,2,8,8192,180.2475802273056,174.18037073134064,175.23092620654364
1,32,1,1024,367.8151608927005,371.06242350601013,385.9776700759692
1,32,1,2048,359.6449260934182,360.02869531767016,381.94405461428573
1,32,1,4096,371.68210442840206,382.6767717022879,372.31049015353335
1,32,1,8192,366.87842269621876,369.6792100484895,381.73323956056305
1,32,2,1024,376.7470300780454,370.2330774405713,387.142905464305
1,32,2,2048,368.460554790368,384.46665494043367,372.2123668321838
1,32,2,4096,368.4432943995899,382.83088539780283,380.32721074982925
1,32,2,8192,365.66289169095484,365.9317791356833,375.865611048098
1,32,4,1024,364.5786861642707,377.6443864735469,367.3438954424111
1,32,4,2048,384.5978754364663,367.14969760327074,362.24707531975054
1,32,4,4096,382.07643772604024,366.6466658741008,372.6935340032243
1,32,4,8192,385.1296020051843,384.46484056119795,357.73040068335723
1,32,8,1024,383.51120426544946,381.1271441207103,381.37870415226604
1,32,8,2048,382.67886451160126,364.27851401966245,387.2795350182924
1,32,8,4096,376.8971072644488,367.7320981212157,362.9103182643723
1,32,8,8192,367.5108782110801,367.1269403438825,373.8766537838937
1,4,1,1024,334.9329019955777,340.1636063791125,338.01506751738225
1,4,1,2048,342.0465412709809,336.61463440069343,338.72801646079563
1,4,1,4096,331.0143103743997,335.764636941456,345.2938443718227
1,4,1,8192,329.7773350353715,342.0296993817873,330.22835131579217
1,4,2,1024,331.54737833331217,327.32967215640576,334.44936294085346
1,4,2,2048,330.14610396783684,337.29919039761825,343.81439369824943
1,4,2,4096,334.4140276550881,339.28326207819356,335.7982587852887
1,4,2,8192,332.09405178041504,342.3638061371815,332.1493212362546
1,4,4,1024,337.16567085347725,341.04454211640655,333.42792093682107
1,4,4,2048,324.2122388136646,335.5607631237903,339.3992743926346
1,4,4,4096,323.0146533863186,326.2971217711568,344.17792010874217
1,4,4,8192,327.5453985821907,341.2475170205041,346.8130087894014
1,4,8,1024,328.97733120772097,337.97746227050663,340.62935852367156
1,4,8,2048,326.7145195750774,344.63260818037475,335.8327951668763
1,4,8,4096,321.28221560321464,335.2115234324598,331.11605720893317
1,4,8,8192,333.929229732684,334.1951196261299,329.565526715988
1,512,1,1024,302.48051077677775,319.6157336390901,293.48068009189694
1,512,1,2048,323.0994627663683,301.6490560496089,254.9646850216429
1,512,1,4096,319.5646493029703,317.14852413877134,276.96537994552057
1,512,1,8192,325.43058321167996,314.14819739146435,293.9614818720366
1,512,2,1024,319.2811126533745,310.8799933941243,268.2119489570607
1,512,2,2048,315.59893249713076,313.094947623358,323.7787285738408
1,512,2,4096,317.0811761825296,311.8816330898184,262.1973162531498
1,512,2,8192,324.79853035702314,323.59952126686824,296.09524315096
1,512,4,1024,310.2665075981993,313.9137490005585,289.4115544479101
1,512,4,2048,312.6812595061478,322.228912723214,277.4804241175747
1,512,4,4096,317.96524018450907,311.99723782085414,267.9311920004538
1,512,4,8192,298.964572913125,311.9784693758105,266.9823326212548
1,512,8,1024,306.1955360059001,301.08026219422686,293.44770293050783
1,512,8,2048,311.03233471736786,320.8456476485782,306.31303133850554
1,512,8,4096,295.7498823506968,312.4142575778436,284.62989080121775
1,512,8,8192,305.61484209512355,308.6954359842833,273.6644966029912
1,64,1,1024,350.1664795318639,341.94872629798596,350.32707172738407
1,64,1,2048,346.88256185495305,346.18037482392305,344.0804222581249
1,64,1,4096,351.6784757099132,350.89914764257713,348.51529532287407
1,64,1,8192,345.46369936379824,353.7136178792992,342.8288835915526
1,64,2,1024,348.7472731625085,358.21124410664464,354.41289283683557
1,64,2,2048,344.5109164005099,349.1818723331007,347.5105742850336
1,64,2,4096,353.628259251105,342.73219571378047,347.3295709783769
1,64,2,8192,337.8273683549035,351.0465642195143,348.4938175105811
1,64,4,1024,347.76423467022863,347.4664479249555,345.2490544779228
1,64,4,2048,347.0818243256857,356.03245871586296,343.56218839080134
1,64,4,4096,348.11095041217396,348.9313379636617,343.7300092407195
1,64,4,8192,342.5459154425406,343.12778129136143,341.9637647393615
1,64,8,1024,343.2996368576441,338.963445293668,345.34616251919783
1,64,8,2048,339.46454695385387,348.31404954519786,343.6466607567602
1,64,8,4096,336.01242506422074,351.6270713533309,343.67799574484496
1,64,8,8192,346.78098552202704,349.38009837641846,347.045667956177
1,8,1,1024,524.278837327736,521.6461354454642,545.0243496424757
1,8,1,2048,528.9956198545515,535.8607594001721,538.5421020467053
1,8,1,4096,535.1910874717403,528.2665437830641,523.1816869154435
1,8,1,8192,516.1796451265329,530.0961834665079,534.5306033964533
1,8,2,1024,498.04886478892166,529.3103268610486,523.3138628469304
1,8,2,2048,532.4112103479861,526.0736770405618,536.5100420195045
1,8,2,4096,544.7900618579731,520.5943578157031,520.5410378796536
1,8,2,8192,512.1614605881,528.9584028641464,533.0097942871171
1,8,4,1024,550.8133448674475,514.6751255431908,539.8422240226315
1,8,4,2048,534.1927360738845,544.0826481972585,545.6735421674533
1,8,4,4096,536.530238099332,544.0468832007433,534.3982341344752
1,8,4,8192,517.7645311382286,560.2467411194065,537.1404035211694
1,8,8,1024,517.0784043610056,526.7134121220503,523.8615120090849
1,8,8,2048,551.9824006026724,526.9415694706123,509.19453145440997
1,8,8,4096,506.4461309625787,536.8613349535863,515.0778087461108
1,8,8,8192,525.1482027415434,525.3828245876315,512.3297534547976
2,128,1,1024,763.2998806326203,756.0458210449295,747.8665895740857
2,128,1,2048,745.8829498251833,759.7368145270005,765.1624154625445
2,128,1,4096,759.5113907714248,768.3870908151324,757.248521169363
2,128,1,8192,758.0705453528623,768.8929231351652,753.6264030477331
2,128,2,1024,757.863137891693,766.7759503799766,768.9027218853478
2,128,2,2048,770.2599632482585,770.8498538468676,751.2615765815017
2,128,2,4096,744.7162621988527,769.8614924275761,748.1315410844758
2,128,2,8192,767.8251076741432,780.299504925974,754.6274509746216
2,128,4,1024,761.7939035538384,768.4494016981033,751.6988414441606
2,128,4,2048,753.5783796230567,765.3208575574166,770.8290007090748
2,128,4,4096,758.987188195065,765.5891283409018,757.2458059183793
2,128,4,8192,756.1235155357604,757.2927734453585,752.7442226880909
2,128,8,1024,756.1095062718368,764.1739896505995,782.7551383924936
2,128,8,2048,756.2408867301343,775.1806337796959,750.3981411887645
2,128,8,4096,740.0296658573137,771.8620773419916,772.563718924045
2,128,8,8192,772.232510802745,764.4715219043077,733.7224844637632
2,16,1,1024,1273.0977978590843,1223.5081773959614,1276.2955051979438
2,16,1,2048,1217.332451483179,1281.632742046149,1281.6366337474649
2,16,1,4096,1171.3880925081464,1273.3989333131215,1236.013996917634
2,16,1,8192,1250.9937637126884,1219.2292730560082,1261.235121881926
2,16,2,1024,1193.875784974091,1209.5179653593345,1231.7810082567069
2,16,2,2048,1251.7228377833728,1216.118015313499,1212.425621922443
2,16,2,4096,1228.1555521250202,1216.5073218223724,1259.2388185889104
2,16,2,8192,1196.4628382838523,1282.0413612206958,1236.511383947772
2,16,4,1024,1249.6590267928957,1217.7676563202253,1231.165561592978
2,16,4,2048,1258.3986971737104,1278.1195397394486,1254.4765258746497
2,16,4,4096,1247.249697689017,1215.7565401644035,1265.7457406830172
2,16,4,8192,1183.563904500607,1214.6329787205088,1182.9735158558415
2,16,8,1024,1204.2605037832545,1279.2623052137264,1210.1291768219744
2,16,8,2048,1180.8284727678129,1217.6492593963842,1206.8584861574468
2,16,8,4096,1248.3034615717186,1258.2961690220734,1268.8737666807174
2,16,8,8192,1165.4262845632315,1205.3608436487884,1181.253420228625
2,1,1,1024,91.79908118299645,84.48180832123465,83.46582955586682
2,1,1,2048,83.8663845960598,85.71573135803501,82.48249940639546
2,1,1,4096,82.84865063436143,85.73281628586271,83.26560330662653
2,1,1,8192,82.38240180530924,84.36556700930785,82.5991520660146
2,1,2,1024,86.16534553219803,81.59965381890865,84.23308495804348
2,1,2,2048,90.79928684272797,85.983221186851,82.34989299866653
2,1,2,4096,88.43236955020605,82.6326429224524,82.73231744666094
2,1,2,8192,84.21618225658993,83.93271233338021,85.6163589215184
2,1,4,1024,88.39997916265158,85.16571198742386,84.98270664252699
2,1,4,2048,83.18237874760493,83.49941163252919,80.01557076140719
2,1,4,4096,86.36522464810203,82.41539943512264,86.09955993797419
2,1,4,8192,79.33236090105312,84.29999173438581,80.6497796271655
2,1,8,1024,82.2831618003687,82.39905768025642,80.21636930057485
2,1,8,2048,82.51598850626459,84.3990145810188,84.99904226337475
2,1,8,4096,81.08269033949067,83.14872165630932,78.64897591168464
2,1,8,8192,79.96567848679648,82.18305560665465,81.11612280063845
2,256,1,1024,743.5884718504856,740.9055563062612,742.4782157403582
2,256,1,2048,748.1888483325043,751.331593687639,740.4999771555757
2,256,1,4096,733.7578245302315,747.6252677401178,738.4997448237215
2,256,1,8192,748.9618487948165,729.80550324544,755.4128724796125
2,256,2,1024,754.7658692439463,739.7976259400986,754.9704348396139
2,256,2,2048,740.4552051482052,743.5536070893927,733.7736228055708
2,256,2,4096,744.5617221563634,738.1614205534509,747.8246311099847
2,256,2,8192,752.4652484577897,740.9471217909054,745.6598334523806
2,256,4,1024,744.3230923531756,746.0322523077319,758.6751380865579
2,256,4,2048,755.9374514635035,760.0154696043013,726.2584804747436
2,256,4,4096,737.8702334188681,738.7431081670449,750.423369086768
2,256,4,8192,752.9804985876503,751.7245121218159,723.7976638585968
2,256,8,1024,732.4400031827505,754.1560022849003,733.7774641409087
2,256,8,2048,735.340650744154,749.8328437424752,750.4807537683785
2,256,8,4096,736.2779572157592,767.761056099197,721.3225601043912
2,256,8,8192,734.1378377586832,723.5644814657545,720.5498127411129
2,2,1,1024,168.64995210622445,176.56571535707718,174.36587170940876
2,2,1,2048,168.59967986573787,169.7486368194263,171.73258726686785
2,2,1,4096,171.83142581549222,169.21610977926966,171.33052579711728
2,2,1,8192,169.14787251444213,173.74814451750248,173.21524764116725
2,2,2,1024,174.6811699478025,171.96573139950942,174.43178896951054
2,2,2,2048,176.2148197708883,174.03292153373386,169.84761907324506
2,2,2,4096,172.53251387578095,171.01442483572126,168.5310088160261
2,2,2,8192,172.5328663587528,169.91447637844507,177.7996176063624
2,2,4,1024,177.36533440173775,171.9485606902437,173.8159385980508
2,2,4,2048,177.5664642527352,171.54909422364165,176.63104083022284
2,2,4,4096,168.19779571182127,175.89880089201102,175.14895733825696
2,2,4,8192,170.19849484393757,175.89740434649977,167.03069085491097
2,2,8,1024,175.74729089651854,174.09738280855237,171.0806682358322
2,2,8,2048,171.497563694177,174.36379914065333,176.09922237224887
2,2,8,4096,174.66440858481496,178.18072417062606,162.49764885672653
2,2,8,8192,167.06535911571143,174.89750631135502,170.0976000079127
2,32,1,1024,884.8436272972067,879.2359527549154,924.8386462183597
2,32,1,2048,932.6022529258067,870.4794871487354,879.1057019182372
2,32,1,4096,951.1356910671068,950.4089962641411,933.9685813618553
2,32,1,8192,875.1157784095664,893.1098528636662,890.4430621574035
2,32,2,1024,875.2659113413607,893.4959618450005,888.0602921994913
2,32,2,2048,895.6131197551016,885.0291758645283,887.5708844712076
2,32,2,4096,886.0516354947443,948.1869774104149,922.9307079492594
2,32,2,8192,896.0386612131675,949.8588007751206,934.3027268388388
2,32,4,1024,950.8963016314692,935.0666588276912,934.8493968040076
2,32,4,2048,889.4974425317781,896.326898796731,880.970695808702
2,32,4,4096,884.5306025220042,902.8655165965715,885.6621430882267
2,32,4,8192,936.2836546564469,951.7586585693135,915.3108646331372
2,32,8,1024,924.1324362317708,928.2896696367119,912.4376715831932
2,32,8,2048,880.1717733626353,896.1670713661673,926.8533662899653
2,32,8,4096,873.8259260565958,933.1160940134964,919.338360701362
2,32,8,8192,947.0669072944021,919.152514077108,895.0049758431708
2,4,1,1024,354.94725448890233,360.12723615714674,345.762911727547
2,4,1,2048,359.39837385413773,354.4288758585761,358.01643100235094
2,4,1,4096,358.0156221381883,357.09911482271417,349.01162060430426
2,4,1,8192,352.29418879579595,352.4969123209214,351.9492560144677
2,4,2,1024,352.89957890845915,349.8284900278546,347.6617652789505
2,4,2,2048,361.27826522548787,356.2294909054898,349.5957713128566
2,4,2,4096,348.42815835637555,343.44600613508385,350.73206414505836
2,4,2,8192,344.79554630466134,356.9608544396555,344.13113652633916
2,4,4,1024,346.69760275942576,360.16050498072076,350.9787202094264
2,4,4,2048,350.37914441051026,353.5444037397408,361.4453309636723
2,4,4,4096,357.08033032941466,354.32717273536275,346.5634730207262
2,4,4,8192,347.9979706730339,344.1788978080962,343.98068977293633
2,4,8,1024,357.6777349375809,352.8962882250772,349.9986605959591
2,4,8,2048,350.6785296570091,349.53031899551337,348.3295133022543
2,4,8,4096,348.9942254368476,347.7952932283309,347.76157696153484
2,4,8,8192,356.9447915627359,346.3452402004536,338.9786410158454
2,512,1,1024,729.5558932661537,690.5546323595793,707.5106032064624
2,512,1,2048,718.3549173494191,718.5724897990095,655.2433916956631
2,512,1,4096,695.2575367532713,700.6443337374668,698.3560053194649
2,512,1,8192,699.8881239250396,713.7889987865386,698.7796302904385
2,512,2,1024,717.872232181064,705.3933078866619,693.7642374049384
2,512,2,2048,693.3653683400145,707.3326014916572,708.0492853894579
2,512,2,4096,724.6137406763819,721.444977167804,707.4747555792418
2,512,2,8192,714.5961853188237,726.4123426971968,678.2381906296645
2,512,4,1024,706.9262036997985,707.8919628542142,709.1098068920353
2,512,4,2048,721.187331671411,723.7622803898054,699.5756412543062
2,512,4,4096,726.4206723416158,712.1758350832273,713.3407154901396
2,512,4,8192,695.7136380976525,708.0652621956169,672.8980699601108
2,512,8,1024,705.3745341857316,693.3709842689855,652.5396750713589
2,512,8,2048,706.9107276857883,723.3540797993303,661.8567955579225
2,512,8,4096,697.3946083144274,691.1055009243067,708.7823038979151
2,512,8,8192,690.3230241183235,716.4399472370584,677.0478628645684
2,64,1,1024,814.3861681802845,819.5888757475092,800.6380144088924
2,64,1,2048,804.3661359727023,812.1278566408483,817.9553659725541
2,64,1,4096,808.8408919797325,808.920834454844,807.1611599307272
2,64,1,8192,807.1806297221731,822.1493703843096,813.044000101149
2,64,2,1024,809.3660191603619,816.1980458042256,810.2099248018544
2,64,2,2048,807.0537706737597,819.6103061355266,821.0085459206208
2,64,2,4096,794.9315650345646,814.8914656688431,817.5445556982887
2,64,2,8192,819.7068192417497,812.8541006467442,796.9960302026234
2,64,4,1024,806.964535634721,812.2543807370424,816.0597190334407
2,64,4,2048,823.44682666924,816.5852417052193,803.478730203688
2,64,4,4096,812.8814202575547,801.8389724823433,802.8135624809855
2,64,4,8192,795.8075669387252,796.6300632067554,803.4298424172775
2,64,8,1024,811.3733884108489,826.8326280588822,797.5695113739442
2,64,8,2048,808.8499386891747,812.1268512616573,817.2943777093816
2,64,8,4096,805.952345833759,813.411604562228,797.0144792072942
2,64,8,8192,796.425393728762,809.2299241555602,799.4741997536629
2,8,1,1024,695.6498016006766,749.4252523557797,709.228406453619
2,8,1,2048,714.7082917744626,740.8821119768237,740.1921217898248
2,8,1,4096,698.6139308246522,700.0454051586439,706.0784265589878
2,8,1,8192,694.6462267627383,738.0262699176122,701.0748205206405
2,8,2,1024,695.6313423552746,719.5047395565165,693.6100543432966
2,8,2,2048,676.9589054794898,709.0386323617613,742.4759486427989
2,8,2,4096,717.1084716108121,750.3054513883964,727.7612490057301
2,8,2,8192,683.874020667459,699.944547746948,705.3907019512448
2,8,4,1024,702.4553106921609,730.4278561957061,738.6038088546011
2,8,4,2048,684.9103553204789,710.1102157532578,750.3698541394955
2,8,4,4096,689.622560716325,732.0884741820846,701.4728709356106
2,8,4,8192,713.4262754071907,747.6458049718491,720.8331948012071
2,8,8,1024,720.3491062988812,710.4451428049662,711.3068845017234
2,8,8,2048,701.3946364936643,687.3484912929732,740.498217472691
2,8,8,4096,669.7113268126972,731.5772442330352,712.0149443499839
2,8,8,8192,720.3824123604383,700.5826635879832,675.3061312719882
32,128,1,1024,4870.69195063567,4733.6350121616,4759.868400319252
32,128,1,2048,4605.8695372955435,4599.673061422024,4186.601114524096
32,128,1,4096,5628.792926763432,5533.304804487104,4555.591261077509
32,128,1,8192,5474.657274208517,5060.659564790067,4492.89136423489
32,128,2,1024,5127.333306625906,5246.16425355115,4435.96324703628
32,128,2,2048,5550.4514354048215,5634.549572234635,4959.422960369584
32,128,2,4096,5770.526335800748,5646.416048663452,5067.185987558011
32,128,2,8192,5763.160236499632,5589.616886097641,5109.930938649364
32,128,4,1024,5864.577274638551,5856.967101773185,4551.942414372677
32,128,4,2048,5800.393141162867,5888.0177911688115,5357.762694542524
32,128,4,4096,5769.898595710994,5878.466788780454,5068.508448376649
32,128,4,8192,5892.3243521177965,5868.136073530457,4947.38715713394
32,128,8,1024,5881.128106109759,5902.761659966588,5160.437761251929
32,128,8,2048,5965.914240499254,5937.610527474261,4993.825073755763
32,128,8,4096,5939.062508477221,5939.8655277924145,5179.2987133180095
32,128,8,8192,5877.399887453232,5839.312611854565,4978.494850793275
32,16,1,1024,1587.2601567572228,1571.7956769069735,1594.1415231226313
32,16,1,2048,1627.761947513487,1699.3094806359466,1656.039689993702
32,16,1,4096,1644.5912380016218,1634.8778293945077,1662.157313984487
32,16,1,8192,1646.9754056888173,1617.5150942331306,1631.8773587855412
32,16,2,1024,1682.2678986375145,1655.217759499782,1704.9543774679908
32,16,2,2048,1723.1105506815359,1731.265474810581,1661.1070383134531
32,16,2,4096,1638.1118501536955,1663.3478094034413,1672.7387523369155
32,16,2,8192,1676.0635602528253,1640.3463935162326,1676.3454623842852
32,16,4,1024,1655.4724976353968,1663.2830871674364,1734.9599417648344
32,16,4,2048,1667.1226385193243,1733.4915850947286,1678.7945609294618
32,16,4,4096,1660.7498841073373,1658.7697372271823,1676.6418846141867
32,16,4,8192,1663.0196309385183,1718.5683031073108,1769.1405421156906
32,16,8,1024,1666.7016162399584,1719.4251231853752,1697.849478770443
32,16,8,2048,1679.9412554017833,1649.0471782820819,1659.544111605583
32,16,8,4096,1728.2606321690603,1732.6307125561175,1674.6370868455126
32,16,8,8192,1666.3268951556256,1657.6529159936879,1689.5767261369167
32,1,1,1024,78.69996737099353,87.08231408419361,81.21589687261694
32,1,1,2048,84.34852186666215,78.58213854692423,78.61640344191439
32,1,1,4096,77.94976006674104,78.38277885747483,80.21563029008182
32,1,1,8192,79.84999814215672,80.4496526854411,78.63322369371897
32,1,2,1024,78.71568534970369,79.38251718050553,83.08286186994066
32,1,2,2048,84.54849815516329,79.6325011896224,79.7665785658101
32,1,2,4096,80.49951095071273,83.03189328768235,77.83204076625474
32,1,2,8192,77.21651533645297,80.81639565157774,80.28283129267614
32,1,4,1024,80.68225110599224,79.11525245515728,81.43234780241568
32,1,4,2048,84.33316107722962,81.9658882721443,80.16633753174298
32,1,4,4096,83.71534031848657,82.36624212909041,82.48306818326235
32,1,4,8192,80.4331537515715,77.91537288839281,80.14948407777099
32,1,8,1024,81.09986673669897,78.11569492564878,82.7161516607418
32,1,8,2048,83.4165290127105,83.28232571990699,81.73325276205499
32,1,8,4096,81.48189675996235,80.31534837589278,78.56541910018831
32,1,8,8192,80.73233122847104,83.94960065035055,78.74965280590573
32,256,1,1024,4310.496675242073,4587.215865062412,4670.113008157896
32,256,1,2048,5185.386326394298,5208.562293790407,4518.022421330281
32,256,1,4096,5474.417209855143,5734.012742672899,4505.454441145055
32,256,1,8192,5629.98930320799,5658.709862316292,4713.273570692663
32,256,2,1024,5915.429990466514,5943.023717124758,5187.026712757123
32,256,2,2048,6027.47014517075,6315.493553144181,5028.109870460157
32,256,2,4096,6399.8089716779905,6243.613811181868,5314.091320652251
32,256,2,8192,6257.0991270238255,6209.920185931568,5209.7485243850715
32,256,4,1024,6585.960176174711,6455.9603497916905,5494.172957410287
32,256,4,2048,6581.682184211583,6614.422550048202,5564.4929465947625
32,256,4,4096,6715.181816796057,6369.840809147214,5559.237191904425
32,256,4,8192,6511.704013289992,6588.182013933692,5559.830560070304
32,256,8,1024,6640.032282737436,6569.13186242069,5661.7618915805115
32,256,8,2048,6327.645311531206,6430.916093801267,5790.0303478971155
32,256,8,4096,6557.817084104663,6556.897182514942,5473.287178441739
32,256,8,8192,6221.581193475834,6546.48688709995,5556.469839993667
32,2,1,1024,164.36557910072116,163.44854520170614,167.2136987099083
32,2,1,2048,166.48235849865785,160.89937828212067,165.83028939952638
32,2,1,4096,174.181860297662,169.78127345637375,175.48103058643414
32,2,1,8192,170.96629437331347,166.48151362102217,170.31664265202005
32,2,2,1024,165.3992486132668,166.73105631230692,168.79945821563226
32,2,2,2048,165.0992495688776,176.7656149878559,174.41521803781788
32,2,2,4096,163.53160531121318,168.0153734579377,165.93203812868543
32,2,2,8192,165.43207221983198,160.2308764598943,172.113498355492
32,2,4,1024,174.18016720237404,166.96489511903997,175.2997902012111
32,2,4,2048,165.81438875557467,162.19966165691244,166.83049793223964
32,2,4,4096,164.66635425891494,171.51631854285353,168.33219110122292
32,2,4,8192,165.66366731216468,165.83170174009467,173.66482998453031
32,2,8,1024,171.6301787334617,176.94972824650566,169.48156465197155
32,2,8,2048,172.0308972926794,162.73329490115353,164.29878087566277
32,2,8,4096,165.23245370459665,171.01527926245984,166.4473954699934
32,2,8,8192,171.51491692008014,173.41617939610526,172.09902471195863
32,32,1,1024,2843.622392970113,2846.0695557477866,2574.8915049985394
32,32,1,2048,2597.189099177331,2623.5176455998117,2599.914091495091
32,32,1,4096,2694.2437948269558,2700.510099468187,2719.0900914130675
32,32,1,8192,2714.239023454095,2720.6418834473584,2766.6936528477468
32,32,2,1024,2761.2105078326904,2755.8921212632367,2759.263750884481
32,32,2,2048,2843.6778253320804,2925.3062073372394,2938.0527031055854
32,32,2,4096,2908.704632999284,2958.4303399484047,2881.306252406843
32,32,2,8192,2904.9796184938136,2937.9388804573773,2812.896300172295
32,32,4,1024,2999.516327533859,3023.939462299284,2974.39852600835
32,32,4,2048,3019.34848345959,2993.2512618932506,2923.620005461643
32,32,4,4096,3012.434711642802,3030.3803800625215,2941.1890834601445
32,32,4,8192,3004.2704708998103,2983.3888025959764,2959.0518277212304
32,32,8,1024,3084.4857538990327,3018.8771936909816,2958.399979466436
32,32,8,2048,2998.603143646767,3043.0460654572753,2940.0022914764627
32,32,8,4096,3045.342344548047,3023.761992111038,2914.6916475850803
32,32,8,8192,3007.004540018758,3107.971410481609,2966.8614450915966
32,4,1,1024,322.33289359605544,327.71455491777004,339.2147735090157
32,4,1,2048,341.2489252763222,331.5824733741886,338.4645073928542
32,4,1,4096,331.1809251346772,324.13271705439615,343.36153537459626
32,4,1,8192,319.99628329116905,329.5650953277559,328.19908330167044
32,4,2,1024,326.87917584426356,328.7305318369526,342.0774252571088
32,4,2,2048,344.13279660088153,328.39856112170446,345.4310415135166
32,4,2,4096,325.7495948815163,344.44775872436037,326.7831708131697
32,4,2,8192,336.9983659567065,330.49551661900324,336.4785723858531
32,4,4,1024,341.52731436978735,353.3615994848875,341.51518143991024
32,4,4,2048,339.79818493401535,327.27853056453444,347.9954551851552
32,4,4,4096,325.6664073602176,331.58232162040633,336.44612698358696
32,4,4,8192,342.1811648058255,333.8963914592688,338.77812752182194
32,4,8,1024,340.5945117622158,331.5651947216673,342.1310330837586
32,4,8,2048,326.54402041297664,327.91525535219915,332.92842471432266
32,4,8,4096,329.96302848881516,342.5460445637324,329.88022739003634
32,4,8,8192,344.9650961843192,334.09852217643856,336.2614168805697
32,512,1,1024,4550.750069094396,4857.822787173782,4583.792381424179
32,512,1,2048,5088.219020208889,5185.112586747269,4432.514094419578
32,512,1,4096,5292.682258596692,5256.774426994726,4322.3032885709445
32,512,1,8192,5074.130892536034,5287.238007046247,4260.538500972972
32,512,2,1024,5399.815911772402,5484.4432355791205,4513.22158641174
32,512,2,2048,5657.9157228492695,5541.115977178492,4994.24069425427
32,512,2,4096,5589.716340587213,5725.023749357326,4938.406873798145
32,512,2,8192,5502.6933108298645,5718.846903189597,4495.293917247679
32,512,4,1024,5873.475484020697,5859.771415582175,5177.9424413714
32,512,4,2048,5972.589328233991,5852.185749145269,4870.577133409719
32,512,4,4096,5962.130624566003,5823.99789531163,4980.287079279157
32,512,4,8192,5849.584855776279,5793.466564671257,5002.3286053572265
32,512,8,1024,5929.821815510004,5830.288169762275,4970.459175933449
32,512,8,2048,5826.138969374473,5769.42885280899,4768.282232388508
32,512,8,4096,5877.373419183938,5603.545679922677,5076.292292510804
32,512,8,8192,5951.200117106976,5926.045051872437,5064.564840805831
32,64,1,1024,3859.392734901721,3760.50657563682,3412.26406384851
32,64,1,2048,3421.7591957877316,3374.313649162184,3250.3027379437767
32,64,1,4096,3710.4600663369183,3825.8220637664817,3532.0551862845455
32,64,1,8192,3639.7131354732305,3593.953933781458,3440.328761818455
32,64,2,1024,3789.5215096899333,3823.8619647185324,3529.6049775838837
32,64,2,2048,3945.305344864189,4030.4914766591855,3755.6848319171627
32,64,2,4096,4060.5313094291773,3992.5175293248344,3989.1155469308737
32,64,2,8192,4050.512445629459,4012.7936671986613,3828.606824403293
32,64,4,1024,4097.160249487832,4168.015876288784,3822.9488364970093
32,64,4,2048,4172.794017952042,4177.829654697906,3975.3086974563926
32,64,4,4096,4155.176324290074,4208.5936266599465,4006.275151946396
32,64,4,8192,4281.808386758624,4172.32004705346,4030.0543121321675
32,64,8,1024,4163.186534996731,4243.982082988861,3968.254209785573
32,64,8,2048,4111.981577020408,4152.95065048742,3867.8924173192404
32,64,8,4096,4119.644404162873,4136.535164346536,3800.1155613757237
32,64,8,8192,4208.4455169133,4119.847984900295,3973.8800185668397
32,8,1,1024,733.5147706410119,687.2904330546301,754.4074968058226
32,8,1,2048,729.9983000529587,720.5425779791212,717.4964222997564
32,8,1,4096,705.4920827679578,721.5428738501664,729.14372253434
32,8,1,8192,743.3543348518748,708.5316617300105,737.6563308966322
32,8,2,1024,725.060857938278,708.8144303925794,744.2452009953072
32,8,2,2048,720.1281184655527,697.7777765800095,747.9831029545376
32,8,2,4096,737.6871276792864,751.0067211973088,736.1053737919536
32,8,2,8192,711.7771693667726,707.9933679547249,736.0288309345702
32,8,4,1024,731.5322516165928,740.5911852491926,730.0206166905328
32,8,4,2048,707.5738243194658,726.1652673098883,760.6866166825159
32,8,4,4096,749.7716983761179,717.8039296905436,747.9107868912245
32,8,4,8192,712.6603104731129,720.2578085519996,770.2465039923302
32,8,8,1024,741.8061787265527,744.9499636091942,773.8831070112187
32,8,8,2048,753.1763605772225,711.5480414284385,777.7715513128397
32,8,8,4096,716.0826724845043,710.1991809036114,738.7308310180772
32,8,8,8192,724.3742712059612,702.1332392825859,740.1609439026166
4,128,1,1024,1940.4278127926434,1942.138032318862,1927.6465226319954
4,128,1,2048,1909.2978483486115,1966.5589438726554,1916.2877955553577
4,128,1,4096,1936.3431077609775,1942.0499702219006,1902.7952310758367
4,128,1,8192,1913.3491851286126,1924.257126488472,1924.3215968638422
4,128,2,1024,1925.2012188271951,1911.6598216182047,1899.8143220108211
4,128,2,2048,1918.6174755122208,1901.9015339517643,1910.916470928665
4,128,2,4096,1900.5276755150103,1937.021808875147,1909.2751725821058
4,128,2,8192,1904.1372342514185,1929.9715217583855,1892.2379523972613
4,128,4,1024,1908.4194681569854,1898.35049325833,1900.2532855782551
4,128,4,2048,1917.123676326273,1917.6025912873909,1893.0309010534866
4,128,4,4096,1931.5051685112671,1924.0254777180787,1917.088586654769
4,128,4,8192,1893.289957674516,1916.2160854404112,1844.6805490647464
4,128,8,1024,1907.4283499860264,1920.843399682651,1894.3568827553838
4,128,8,2048,1937.178793897461,1895.0838610868223,1848.7708626008844
4,128,8,4096,1885.0108511568562,1899.0263363594245,1866.67134311043
4,128,8,8192,1868.997297647957,1918.202527576201,1846.8443604144995
4,16,1,1024,1636.930921624673,1638.8908880329066,1742.840017451859
4,16,1,2048,1619.3933246233262,1654.256365722561,1729.191341103204
4,16,1,4096,1642.4693292839636,1658.3497524636603,1650.9665232472257
4,16,1,8192,1720.6593825132697,1646.1299642388822,1741.1067598562583
4,16,2,1024,1719.1654928366952,1717.1780165495193,1668.8151573067978
4,16,2,2048,1707.7509243624834,1726.0392184973928,1657.5185202284447
4,16,2,4096,1644.9666597045257,1658.4164223819278,1662.2731625210565
4,16,2,8192,1716.357686826279,1653.3601340177208,1650.5866679638948
4,16,4,1024,1731.1347600416968,1658.6628979081188,1674.3724624980268
4,16,4,2048,1630.7718702301645,1639.8646736571357,1745.4854655612328
4,16,4,4096,1720.5946843661054,1655.758912416528,1648.358296138403
4,16,4,8192,1637.1661318044914,1628.648998815172,1652.7902602570505
4,16,8,1024,1633.8569823245366,1657.1413460764625,1678.182747777898
4,16,8,2048,1643.188571294849,1643.6744460403927,1730.9884326697986
4,16,8,4096,1720.6370719360054,1644.5937866698541,1733.1772187996505
4,16,8,8192,1615.4472082281059,1711.2205834051626,1634.4854026832827
4,1,1,1024,87.5827533661794,84.41572566628258,91.0497524417931
4,1,1,2048,82.26596317750915,86.26623198118811,81.11659296548224
4,1,1,4096,80.81621158923227,88.33254148657065,83.03218479617261
4,1,1,8192,83.39958459361911,82.48222107707855,85.93217326904504
4,1,2,1024,83.21658604921198,84.36630116513402,82.7165455972161
4,1,2,2048,85.36639045232818,86.46546696840011,81.38208667234406
4,1,2,4096,82.2160686160214,86.14897853012575,82.0991675377026
4,1,2,8192,84.78216906502273,83.98287810134315,85.91631532048679
4,1,4,1024,83.93182013354247,85.24889383592826,84.68263109132398
4,1,4,2048,81.69938072686402,81.98294433792628,88.48196266809784
4,1,4,4096,84.14998407601801,84.24870733838382,81.01540012591137
4,1,4,8192,83.24867415802824,84.64868997687391,85.53217223266974
4,1,8,1024,83.11542785060816,84.448944754136,81.49870526538555
4,1,8,2048,83.83221662253935,84.86551763140511,82.64995374495338
4,1,8,4096,83.81542328721298,84.1825307525186,83.23268308077118
4,1,8,8192,80.96579399169985,83.44867574461973,84.199027704711
4,256,1,1024,1850.595964682969,1839.592442770286,1795.5411721758392
4,256,1,2048,1798.8830665889561,1828.042109967656,1794.7483624416816
4,256,1,4096,1824.5119163914285,1835.9230469012914,1798.0977280136158
4,256,1,8192,1823.2838828086253,1800.8979712284056,1791.7059734667994
4,256,2,1024,1794.5298014604577,1818.980947709504,1784.8781363360667
4,256,2,2048,1810.9956511487326,1828.2060366327612,1787.5788434979065
4,256,2,4096,1811.9986685670915,1837.666548320941,1778.4648989814748
4,256,2,8192,1792.7592787056792,1845.760102473633,1785.1937979175702
4,256,4,1024,1814.6509485835686,1810.7974850739129,1788.161380612512
4,256,4,2048,1824.054587266669,1862.5966364576545,1785.1845943377757
4,256,4,4096,1827.9773992312348,1801.0233590523535,1797.1447136089678
4,256,4,8192,1777.7661536234427,1832.3161703532933,1762.6605826144382
4,256,8,1024,1829.6074148707467,1819.2818798483968,1802.7818648857838
4,256,8,2048,1791.3769130030519,1789.225637486234,1777.4569531310365
4,256,8,4096,1793.1467038078433,1826.1879849309541,1806.0040261922977
4,256,8,8192,1790.5448033913442,1782.013193525124,1775.917295616209
4,2,1,1024,169.81538416145008,172.78237701455333,174.93289209426848
4,2,1,2048,173.63158067300714,172.8332342566818,172.216305442966
4,2,1,4096,173.9479462661776,172.98133867975096,174.78212066876281
4,2,1,8192,174.54808545186992,173.8319251614684,166.63189622209876
4,2,2,1024,171.9142822728763,173.9640908499591,171.39957058979914
4,2,2,2048,172.64837030872826,170.4999133320524,171.2326714334419
4,2,2,4096,174.9645583787311,173.41550923953335,176.83209692920602
4,2,2,8192,173.34976543465405,177.9153114709129,180.63317168169746
4,2,4,1024,171.63070458025175,167.86632928891808,176.8139980218352
4,2,4,2048,170.1807042797052,172.56655060703307,175.9325635140118
4,2,4,4096,169.64911918742817,171.8997504101574,168.4161779481807
4,2,4,8192,168.28122755180172,173.2303043668154,168.28268228129213
4,2,8,1024,168.48265143911425,173.18158657478304,169.86515809702868
4,2,8,2048,168.54780086694993,179.9304895169523,182.4807580705937
4,2,8,4096,176.14775032313514,173.18163455427094,173.21431256290893
4,2,8,8192,162.98091784476057,170.91511119957408,170.36480195292395
4,32,1,1024,2733.9662190678314,2764.99006838609,2809.2233547378755
4,32,1,2048,2862.8085227078445,2867.6167752185193,2701.872087691392
4,32,1,4096,2842.0951190332107,2888.688710081765,2814.8494447609655
4,32,1,8192,2717.0438151478793,2801.484658556404,2680.0356804229104
4,32,2,1024,2743.4998590298324,2783.201299289405,2707.2763305086487
4,32,2,2048,2857.7014974431995,2751.278413836402,2706.8127243015197
4,32,2,4096,2742.088390683276,2865.1769994849324,2714.02251676762
4,32,2,8192,2748.647290658366,2770.4046806076176,2701.580423582803
4,32,4,1024,2883.657219695561,2870.6605903812733,2675.3681796466585
4,32,4,2048,2764.994868414872,2876.4851401977644,2704.9484046665134
4,32,4,4096,2755.215136747506,2856.7726004083124,2720.3738586369295
4,32,4,8192,2736.479915287487,2868.751370183692,2697.8468150090607
4,32,8,1024,2858.4183423583368,2759.4308347870515,2694.483205196366
4,32,8,2048,2869.766226588016,2747.442116527236,2774.732747501141
4,32,8,4096,2724.6951879185835,2750.285710569724,2723.2242203607757
4,32,8,8192,2820.6782487787223,2741.3519707367564,2664.6532537215044
4,4,1,1024,329.92775645449007,332.5832815390303,345.38204917409263
4,4,1,2048,337.04408239907985,345.23203455315775,326.1132582504663
4,4,1,4096,342.4625603807518,347.28302451769184,344.7295427217545
4,4,1,8192,351.3299075446823,349.13070845810904,347.87896777117686
4,4,2,1024,345.54880787389027,342.4294403329264,351.46599226786293
4,4,2,2048,336.8491141485855,339.4110964214578,351.264134977249
4,4,2,4096,347.67730898373503,337.933143707782,328.749481320985
4,4,2,8192,328.84664740842965,364.0653595870772,345.04894096428876
4,4,4,1024,341.1307408022439,346.86556563442605,333.6329402192004
4,4,4,2048,343.3296249957208,350.39868890738575,342.0812901445022
4,4,4,4096,322.83128690042514,356.5974496447566,345.09440222370154
4,4,4,8192,329.97768890547536,345.66139177589076,326.21634379404037
4,4,8,1024,342.38303091210855,356.7772703614877,355.47944314404725
4,4,8,2048,332.67904975234404,347.93213053775696,346.04387137271385
4,4,8,4096,337.5662448213827,335.4451928243937,337.1444967679029
4,4,8,8192,338.26394294848484,352.7997641474777,342.34769474473944
4,512,1,1024,1745.8837421851026,1764.2622252001968,1728.7142854491742
4,512,1,2048,1720.1853899494274,1771.7678208268842,1730.6914595782307
4,512,1,4096,1733.196052610549,1740.3334822628753,1701.6490516709837
4,512,1,8192,1694.7072395751952,1742.7613242608732,1705.0406453593614
4,512,2,1024,1741.5106975807003,1752.5580209333718,1690.6372332359817
4,512,2,2048,1764.628970199973,1737.937947676566,1703.9208006834588
4,512,2,4096,1733.0702632106363,1762.9126329462713,1682.6372112560955
4,512,2,8192,1701.746595983689,1741.1861201389484,1671.2023608959237
4,512,4,1024,1739.141890526293,1719.5949679575633,1683.8709571269571
4,512,4,2048,1701.1901195664977,1739.1431488774508,1696.6434665936163
4,512,4,4096,1724.4874012244827,1741.7744858156552,1632.6456086947626
4,512,4,8192,1759.8925616235708,1749.5706245050978,1665.5280583006258
4,512,8,1024,1773.1846960270786,1725.4964479505288,1692.364752912398
4,512,8,2048,1753.5097215949747,1753.0082877533246,1692.0124529972568
4,512,8,4096,1763.7193210724556,1721.8388498147988,1699.0525293886028
4,512,8,8192,1738.0578382553535,1725.6537771546264,1693.0873397418902
4,64,1,1024,2120.6619542377052,2143.928666638747,2109.117130779167
4,64,1,2048,2128.223336589398,2150.9807484997677,2113.965298543558
4,64,1,4096,2138.9332514396633,2149.407307736476,2104.5938053410737
4,64,1,8192,2125.6947788684843,2127.656500393379,2095.6118917309946
4,64,2,1024,2098.4892043679956,2124.612945864969,2102.8447632155912
4,64,2,2048,2117.3835436242302,2137.6909069924427,2120.778133574159
4,64,2,4096,2137.0927351460364,2128.4711147384755,2075.902369823251
4,64,2,8192,2114.8806681607152,2124.3313015072695,2080.614317070545
4,64,4,1024,2130.596817425089,2121.731764532762,2091.552072717181
4,64,4,2048,2140.7031343271824,2146.236196157913,2066.2016747205553
4,64,4,4096,2122.295890846068,2110.6110928392964,2081.2879705272035
4,64,4,8192,2105.132580151982,2120.264435971791,2056.1468244525754
4,64,8,1024,2145.8825802159977,2129.3251847962274,2090.181741102556
4,64,8,2048,2150.320527097598,2130.5286830993946,2091.681812547749
4,64,8,4096,2090.038455533255,2107.104060319613,2084.7098109271237
4,64,8,8192,2104.9064155268507,2128.340720809859,2050.1002802834632
4,8,1,1024,770.8532708427637,747.4628178934133,786.6193404109829
4,8,1,2048,743.1482613798709,738.8653371277502,751.2417934722101
4,8,1,4096,724.5779457823227,745.5211081415231,762.0394358218998
4,8,1,8192,794.8636955854022,731.9649182464652,751.0217551939273
4,8,2,1024,788.9638629915338,784.8395857019242,788.4893190185526
4,8,2,2048,742.6267506403071,746.1052790856235,760.5297855125859
4,8,2,4096,752.5538603823691,778.9595080417704,745.4089316451474
4,8,2,8192,762.6205665947658,747.3084272549673,764.1431353328795
4,8,4,1024,743.1377555049869,736.9660024392086,740.6082278802749
4,8,4,2048,764.565376742934,751.8736200158799,783.2651942194825
4,8,4,4096,768.290991928973,741.6415539016882,782.4630012839425
4,8,4,8192,742.3985387864493,741.1096123530623,759.0073084101568
4,8,8,1024,731.5114730571265,788.7593920702535,757.9209223529658
4,8,8,2048,759.4556656222526,745.511945252541,761.4372966496957
4,8,8,4096,766.3618225446771,797.8812754645437,733.3038713329679
4,8,8,8192,739.8564700634438,751.9552837430376,738.5489529714584
64,128,1,1024,3610.390361482839,3522.74362066071,3820.651620240133
64,128,1,2048,4702.36411351557,4761.105379655074,4250.783208076921
64,128,1,4096,4520.486449399655,4698.2178656255655,4662.949520157489
64,128,1,8192,4954.98804665571,5020.77354646402,4220.44669192554
64,128,2,1024,4803.4600827240465,4900.716226255635,4409.591144746032
64,128,2,2048,4867.896358533243,4878.324961280224,4630.416469896765
64,128,2,4096,5298.831203584461,5283.105711935895,4646.3361520088665
64,128,2,8192,5288.757070982563,5404.275696161553,4599.050282243433
64,128,4,1024,5115.267464835859,5087.876598730672,4459.656955984736
64,128,4,2048,5657.044460599153,5749.913996591971,4869.311987988243
64,128,4,4096,5591.255051356845,5668.788650668586,5153.821556574212
64,128,4,8192,5669.320821520235,5615.318732741271,4912.666905129569
64,128,8,1024,5632.462589862714,5612.626840222297,4983.780232741275
64,128,8,2048,5659.111990747008,5579.985242148031,4991.732810116539
64,128,8,4096,5731.775563627193,5766.1341720578,5155.522904977522
64,128,8,8192,5489.83721046601,5631.615000263656,4811.400903555026
64,16,1,1024,1536.3674999651828,1557.6213931148993,1558.4029073715571
64,16,1,2048,1575.5493756097824,1595.6353576787342,1603.50777026591
64,16,1,4096,1623.3007617281332,1599.1803905215786,1601.6369388376213
64,16,1,8192,1618.1061395647755,1620.194147291178,1649.6729214501843
64,16,2,1024,1579.6193210042225,1576.3089491737524,1616.738427177396
64,16,2,2048,1621.3553798154558,1623.742286636293,1610.945310538201
64,16,2,4096,1631.5757204554075,1643.2369152878655,1637.3816557812474
64,16,2,8192,1643.1122957450548,1617.558727003019,1662.3093181445504
64,16,4,1024,1646.375016313224,1611.9072300244395,1657.9896926649449
64,16,4,2048,1663.0800386609046,1650.8784929052872,1676.4450082544938
64,16,4,4096,1660.4976101841644,1649.2554559901425,1671.197254763541
64,16,4,8192,1643.7238548461787,1642.2034068868481,1680.9236446580985
64,16,8,1024,1647.440124227974,1640.728026836058,1668.0035142121094
64,16,8,2048,1636.8919751916546,1671.5375628411869,1664.4620119709093
64,16,8,4096,1638.1662367752197,1644.2706477578815,1676.500716690323
64,16,8,8192,1635.1139230817632,1642.1708763732026,1690.3971888960177
64,1,1,1024,78.46553738542157,76.5319970119601,76.23257037616978
64,1,1,2048,77.34945459739322,76.88312700977369,79.64933415147883
64,1,1,4096,80.28193122813688,78.64987490737396,77.66564468774791
64,1,1,8192,79.43313766568532,80.81518611360019,77.56554092048127
64,1,2,1024,80.84953899458115,79.09907927353407,80.88199650356283
64,1,2,2048,77.69901123605258,81.69853402329177,82.06586527981457
64,1,2,4096,80.21653393103104,80.0997750931815,79.81658968622646
64,1,2,8192,84.83239509128525,79.24936368176337,79.51588555826807
64,1,4,1024,82.6655967768247,78.96601505358755,81.53265563933518
64,1,4,2048,81.29982107535378,80.29901064927296,79.81649414331457
64,1,4,4096,77.99964544351167,80.59987838015685,86.53214061757312
64,1,4,8192,78.54874766589647,76.66632057828454,80.46587147744387
64,1,8,1024,78.26653025853996,82.11533746980481,80.49863715538967
64,1,8,2048,81.0155728632651,77.98270142000806,76.53269807622404
64,1,8,4096,77.98274669252478,80.66617324916257,80.08207753157333
64,1,8,8192,84.89897208994037,80.16614516184255,78.61597078822938
64,256,1,1024,3053.242311207187,3392.794110805952,3335.3585120486405
64,256,1,2048,3552.885070587246,4170.880199068604,4090.263945959422
64,256,1,4096,4147.729830729314,3975.866501601849,3579.0552103701593
64,256,1,8192,5207.08903919934,5236.9363715134505,4894.486352670493
64,256,2,1024,4600.685603199763,4810.387774559817,4187.597556720182
64,256,2,2048,4724.967749995947,5241.688209426994,4920.256481315474
64,256,2,4096,6209.380490401971,6293.726988808925,5397.762471147762
64,256,2,8192,6359.696561549331,6003.046154967734,5509.039898425435
64,256,4,1024,5881.4486777753555,5541.721490677082,3909.728833105122
64,256,4,2048,6448.947957532961,6370.724406676483,5746.818157072153
64,256,4,4096,6582.780358461334,6640.456947366979,5093.825263800231
64,256,4,8192,6618.205279492966,6547.028780666338,5065.298725439587
64,256,8,1024,6472.221671614505,6455.51234135106,5516.267469559417
64,256,8,2048,6118.8931830430865,6397.226136933856,4756.174339645466
64,256,8,4096,6601.192639291129,6551.013850713363,5050.6553577442555
64,256,8,8192,6485.013875881305,6418.559878310898,5295.906788659736
64,2,1,1024,167.18125738514695,162.1981511005723,167.63098206015732
64,2,1,2048,160.01644192890785,164.66536303843174,165.2979875713854
64,2,1,4096,161.68152540243221,164.56635359289282,163.56478370615056
64,2,1,8192,168.63161203458506,170.51435328138427,168.29971779783818
64,2,2,1024,166.63071640070942,163.33072082850973,163.06645327518814
64,2,2,2048,163.3985111699557,164.76424869090357,176.21574987192176
64,2,2,4096,169.74982987954965,164.7651315773966,168.4637854810827
64,2,2,8192,169.51362004640245,164.1142863284406,169.13120784735005
64,2,4,1024,163.33228035189956,160.26596226036713,162.28205771521866
64,2,4,2048,174.46603077578547,176.549039273093,168.11534101556046
64,2,4,4096,168.88244632894873,168.39785953690688,176.0303091912982
64,2,4,8192,170.39875600104182,169.21646567416903,168.21419991476415
64,2,8,1024,165.29740052205958,165.79977664006756,168.2974708929264
64,2,8,2048,165.08061136315405,169.28314997146805,165.03083707414123
64,2,8,4096,166.96539494969124,168.93125943464926,169.2649545177987
64,2,8,8192,165.0318836712629,165.23137077844993,176.94781457947386
64,32,1,1024,2741.3672619981944,2730.79877920645,2731.4760035540517
64,32,1,2048,2492.7332934106485,2542.1004458626685,2463.745109026028
64,32,1,4096,2640.8502619689243,2584.255684812471,2515.5913971318173
64,32,1,8192,2744.996465588301,2695.0429028291023,2637.4191377325233
64,32,2,1024,2628.0697236552637,2697.9519447972552,2600.6979836355085
64,32,2,2048,2702.726146279578,2861.735335752706,2737.281049894534
64,32,2,4096,2893.223745113763,2929.1726069961637,2908.207191969986
64,32,2,8192,2929.830110283702,2959.494375135666,2843.7097194995886
64,32,4,1024,2915.511947813395,2913.2744906887956,2791.024337768859
64,32,4,2048,2974.994971369265,3048.1827145522425,2907.7776119178575
64,32,4,4096,3066.7775430103115,3025.549222459218,2972.1327124910067
64,32,4,8192,3020.9410169138214,2991.358770576344,3009.32319387023
64,32,8,1024,2985.5196803558515,3012.2065089540806,2877.295235229017
64,32,8,2048,3016.341698122744,3010.6426208145867,2929.6660741333853
64,32,8,4096,3027.302092780297,3058.7803684926967,2970.758030326484
64,32,8,8192,3027.1365020180788,3037.221360941829,2948.90169042369
64,4,1,1024,315.2456185955486,326.29615245716525,322.2827844535231
64,4,1,2048,323.58268512710544,335.29553399201717,323.94836023279106
64,4,1,4096,334.0329830719145,326.1662418297006,326.915732946296
64,4,1,8192,325.4275513915185,327.67838447222834,340.1812773457293
64,4,2,1024,321.1959531397678,327.18144555637576,321.81656973015225
64,4,2,2048,329.31663807100523,329.67796397273213,326.7962872455942
64,4,2,4096,330.1824612168955,328.81266347113274,334.16323400826167
64,4,2,8192,330.9956129841455,328.597450023545,334.5141564222597
64,4,4,1024,326.4983264729696,331.4981497707019,357.1777604137498
64,4,4,2048,336.3967696434938,331.3830283560093,331.26108427143754
64,4,4,4096,325.4139705956496,342.34880519125824,323.21204491219106
64,4,4,8192,333.7110297589982,353.84819616446055,332.6116701519835
64,4,8,1024,324.32882521671763,331.8277258318991,331.72842353151276
64,4,8,2048,335.0778058675092,332.2661197510958,330.7611485288116
64,4,8,4096,332.36483545829043,345.0488005931167,329.1777791386111
64,4,8,8192,326.14751298931867,327.2823849780758,335.08153462124017
64,512,1,1024,2944.763401513007,3098.6692083691432,2801.452884948908
64,512,1,2048,3755.795013055382,3806.057551547602,2833.1511711179237
64,512,1,4096,3935.6997622458325,3610.324952310275,3807.955198201241
64,512,1,8192,4351.8622929495195,4741.052487858563,4052.7928635045932
64,512,2,1024,3979.8188413536645,4419.614001860405,3515.6290578078597
64,512,2,2048,4500.467037079265,4315.043093312073,2483.821963017342
64,512,2,4096,5729.381621767082,5703.5314274928005,5206.972668947593
64,512,2,8192,5930.156951389369,6133.707316466055,5210.523481352734
64,512,4,1024,3954.05633675009,5720.62923124513,4512.226695923067
64,512,4,2048,5990.895082556202,6533.085980868564,5100.102510055471
64,512,4,4096,6285.668011229942,5848.629712261897,4073.860455443945
64,512,4,8192,6257.640628899213,6017.605090613209,4918.552238714844
64,512,8,1024,5889.146388331715,5930.221566221077,4727.08820309106
64,512,8,2048,5820.439700569534,6304.116669925029,5839.88848785632
64,512,8,4096,5418.041970693578,5965.562898451706,6003.045821600654
64,512,8,8192,6064.191210486468,6328.6018759543995,5456.662677937194
64,64,1,1024,3245.907659597502,3303.5321903440217,3301.4205361469562
64,64,1,2048,3605.6233708488758,3537.473156846841,3561.02054392805
64,64,1,4096,2804.5359143227165,3150.828397274868,2822.114063924936
64,64,1,8192,3200.5098662579176,3203.038698960579,2961.3634869519788
64,64,2,1024,3392.865685902292,3700.8779762790587,3469.55481750088
64,64,2,2048,3671.5726609101534,3644.870604351722,3295.411012470999
64,64,2,4096,3942.10620730631,3825.489046413455,3547.463462900064
64,64,2,8192,3938.1465777215235,3895.798220179325,3746.580600452557
64,64,4,1024,3688.808982178446,3700.086183384846,3567.610278325322
64,64,4,2048,3967.9730473897616,3958.189448359161,3838.9170926828265
64,64,4,4096,3988.670676556265,3931.6751213109387,3612.6869215831775
64,64,4,8192,4031.91911752571,3971.0879878767087,3791.917802649192
64,64,8,1024,3980.3790029274087,3958.6304479031323,3917.8958499718397
64,64,8,2048,4070.429174508006,3945.048914885577,3792.037041156345
64,64,8,4096,4022.4411038694857,4026.9483270715727,3657.564550446755
64,64,8,8192,3976.242375801993,3986.2498428784766,3857.4350684873034
64,8,1,1024,675.8485526140039,687.3876752420911,697.0396897606636
64,8,1,2048,689.0546575464731,699.6148673505098,701.0442020606631
64,8,1,4096,708.2457050091793,751.0614401928343,718.3276947243165
64,8,1,8192,713.2267613647763,726.2577496498079,736.8792619280354
64,8,2,1024,712.2745694358035,723.354800332565,718.9729174768148
64,8,2,2048,703.7787120994465,705.6054335104858,723.4591158635861
64,8,2,4096,701.3974816907918,726.6418596250178,711.197518465912
64,8,2,8192,713.8206700237799,714.210518468743,735.3800258268475
64,8,4,1024,721.6322392907497,720.5895435731725,729.3645394992994
64,8,4,2048,709.2799317568154,718.7153954148538,729.2060145467406
64,8,4,4096,716.53097008283,718.9570715854154,731.4069591653221
64,8,4,8192,706.9641102137477,718.3036319338946,725.1980484678783
64,8,8,1024,708.9751886263664,703.9279809700015,784.3205154315178
64,8,8,2048,720.576486283455,726.7710325640273,726.7710597811428
64,8,8,4096,769.0552783038416,714.7582500428059,739.749237639094
64,8,8,8192,715.0458494329449,704.7263343319985,720.6108181412259
8,128,1,1024,3648.0042874073174,3645.9084763837714,3618.408393393175
8,128,1,2048,3615.971929138765,3692.4232240679667,3600.8889498685808
8,128,1,4096,3668.7904843304445,3655.62029934101,3635.3403716930875
8,128,1,8192,3629.8008788601987,3713.126077937701,3595.898537188475
8,128,2,1024,3738.1371850329474,3741.91660771448,3690.071658029152
8,128,2,2048,3721.7006393717547,3757.779444396174,3704.775028638374
8,128,2,4096,3723.390091184001,3738.3522830777174,3695.8903440795725
8,128,2,8192,3734.8304147982935,3719.698912975452,3636.1030627147347
8,128,4,1024,3797.329795480396,3777.254565070069,3744.147643246266
8,128,4,2048,3797.3109177121987,3775.4617454152058,3741.1429615996444
8,128,4,4096,3802.1088096007375,3763.2721277013134,3764.815335434887
8,128,4,8192,3759.244759174227,3787.8225381553148,3712.5953210379917
8,128,8,1024,3769.114075149466,3769.2805769987476,3705.6583748237263
8,128,8,2048,3776.543012640118,3763.081179431348,3695.785769522394
8,128,8,4096,3744.2794018561126,3732.807027501293,3681.4837509124527
8,128,8,8192,3742.801596314274,3753.6899061401577,3678.716655507893
8,16,1,1024,1721.2586217109913,1717.786987878086,1713.315938464939
8,16,1,2048,1795.817483252552,1712.0071419067385,1791.9560625395934
8,16,1,4096,1704.0700101755635,1730.9143626850098,1695.3606257011731
8,16,1,8192,1806.8661963393956,1729.4285962746305,1739.826325515874
8,16,2,1024,1727.0552836740762,1727.3377367824166,1752.4549810067624
8,16,2,2048,1726.2027714023563,1746.33839386414,1753.2665698841208
8,16,2,4096,1726.6754348867798,1732.2362334990808,1762.48589792223
8,16,2,8192,1728.3585124919593,1750.6719930928973,1805.2688901291388
8,16,4,1024,1691.0927704938515,1717.3073442909078,1818.0902370675374
8,16,4,2048,1725.6931737042744,1725.0645083809582,1760.1934801953466
8,16,4,4096,1704.6373667336009,1728.3466956494042,1736.4869612982366
8,16,4,8192,1801.0395922424561,1794.9198069373297,1747.8038465254524
8,16,8,1024,1737.0734915381497,1714.3146114177496,1855.1163479111815
8,16,8,2048,1715.9129138266662,1724.3228900004888,1788.8072238434672
8,16,8,4096,1719.9850351555358,1704.1644231342036,1742.771562102325
8,16,8,8192,1707.627738774875,1794.6316921844343,1804.9611286247666
8,1,1,1024,80.83247272077394,80.93284016772289,79.68316252716225
8,1,1,2048,81.41618005437091,84.11564895843955,84.34936367964698
8,1,1,4096,82.18193950983316,83.98309909047279,85.04892886260531
8,1,1,8192,81.68185536822865,81.98258933860234,83.3156792134024
8,1,2,1024,83.53209694831457,81.81527246760801,83.96607003036227
8,1,2,2048,83.76644115484211,81.16588910286012,82.54979511966349
8,1,2,4096,82.69941634335586,83.31545333399963,78.39869528760637
8,1,2,8192,81.59871184601538,84.26579947327998,83.34920494443641
8,1,4,1024,85.31664164471762,88.44873714367252,81.41638064277983
8,1,4,2048,84.94961011810105,85.18272547224379,84.36527786233555
8,1,4,4096,81.34911823250273,82.53222596269363,81.58233815118139
8,1,4,8192,82.31644597353113,82.06666303248127,82.48203630606183
8,1,8,1024,84.36650811809406,81.1499500089258,81.83323517300386
8,1,8,2048,82.64982685274524,82.84955371707063,84.88284453971718
8,1,8,4096,83.48325125677486,83.26586777368608,83.78190691145903
8,1,8,8192,79.71657896780093,85.53222072165296,81.59870769270672
8,256,1,1024,3503.6328316193353,3557.3458548245253,3469.293420485028
8,256,1,2048,3493.761790539794,3555.1113124912745,3531.7792868680845
8,256,1,4096,3528.1858797296845,3529.8145713687722,3456.329383932868
8,256,1,8192,3528.3798190434877,3512.1174925429127,3479.1455178688357
8,256,2,1024,3599.2970407796925,3613.7915965700467,3534.8426980754384
8,256,2,2048,3555.605685299085,3613.122852975452,3375.6946842734924
8,256,2,4096,3625.757150922849,3619.0850902138814,3492.5469594468263
8,256,2,8192,3601.656272471279,3598.318661197548,3548.4605832267134
8,256,4,1024,3657.7079458984203,3654.496493542306,3535.29272607774
8,256,4,2048,3626.881258394565,3604.556786035833,3512.894933175993
8,256,4,4096,3586.917654677137,3628.8635787072267,3527.1527849569925
8,256,4,8192,3616.6945272257863,3581.332806677773,3551.955227654055
8,256,8,1024,3595.7211217849745,3620.788259769642,3459.8649872839096
8,256,8,2048,3625.5288437805402,3625.8752151800204,3496.325928731256
8,256,8,4096,3622.1409660446907,3607.730193091068,3503.7290870115758
8,256,8,8192,3559.2979134716206,3556.8068177534674,3518.470156160212
8,2,1,1024,164.14957425619258,171.34944172067227,164.18121837276908
8,2,1,2048,173.66647331220415,166.6814799964012,167.73065297233924
8,2,1,4096,173.7468198337705,166.71496595728445,164.66558078498304
8,2,1,8192,167.98233079518522,167.01478721586318,163.3977182924754
8,2,2,1024,166.78121576505083,167.24935172478777,175.98116888520985
8,2,2,2048,166.16578423219178,178.9162814420211,174.39894413647252
8,2,2,4096,172.79749657322873,166.93061552485327,174.09997908769083
8,2,2,8192,168.7971875181413,166.5805977661912,173.1483207960417
8,2,4,1024,174.7160442174637,164.64783713936112,170.13072174168923
8,2,4,2048,176.71482377256498,171.11430166168054,163.39950125570232
8,2,4,4096,170.3992862712295,167.58065371030148,169.88220020206975
8,2,4,8192,166.36463310580115,174.03307531769698,164.93143659707275
8,2,8,1024,174.21589374914325,165.83234896356538,171.26429465904005
8,2,8,2048,170.09968402566196,174.0158459905354,171.64722088845446
8,2,8,4096,174.2154102454531,164.9485292611811,166.59798371458248
8,2,8,8192,174.04785609881415,165.2136636054389,171.9973126566546
8,32,1,1024,3196.167267122299,3225.6666123141845,3240.994433528553
8,32,1,2048,3309.9083677611266,3237.1771020563883,3140.6969214891974
8,32,1,4096,3245.409700125049,3328.9281363759037,3158.4425165567613
8,32,1,8192,3195.181271620106,3288.176221885012,3160.04123723549
8,32,2,1024,3284.2478215127358,3386.9967113749417,3188.7795566919626
8,32,2,2048,3267.3043703519056,3376.9372616094265,3255.951163228781
8,32,2,4096,3348.0463211639385,3303.0309212399525,3205.0569361138087
8,32,2,8192,3276.2981335764093,3330.4336354702746,3235.4409468999684
8,32,4,1024,3279.268519790405,3291.6300494386146,3209.626536156606
8,32,4,2048,3285.7613256068694,3332.7984486378687,3228.4207983438996
8,32,4,4096,3290.4931329948367,3385.089220634722,3224.9767157348624
8,32,4,8192,3259.5412036003,3347.3482957534047,3226.0284493772183
8,32,8,1024,3317.527128580931,3378.8483784049877,3248.033507059522
8,32,8,2048,3300.632823385562,3302.277088801558,3273.5475269431286
8,32,8,4096,3382.579863990296,3290.602615267497,3209.8976119966715
8,32,8,8192,3233.3837402292957,3271.123950277838,3260.2610987384246
8,4,1,1024,346.7948781517651,338.0453588513184,347.0786190512204
8,4,1,2048,341.1797466698738,328.6634184970571,335.311204547738
8,4,1,4096,340.61116415007837,342.03047695701315,351.27759670086635
8,4,1,8192,333.5474600027373,329.76653203947996,333.46318577229795
8,4,2,1024,333.46051633757634,350.8494098654451,344.8772570271611
8,4,2,2048,338.27979162284703,341.41111429202476,331.31438263500996
8,4,2,4096,352.28272910973914,345.9159495194854,327.59539086388867
8,4,2,8192,332.5658820384384,351.463842912429,348.9474741495241
8,4,4,1024,343.78305084680045,348.2463704428328,350.0952765553732
8,4,4,2048,333.9452273104688,330.9941470911793,332.18151810528224
8,4,4,4096,346.3326781815782,335.41172253017066,329.99398618959566
8,4,4,8192,347.27964554183734,343.71516229414436,344.1304224086518
8,4,8,1024,332.33091467324715,331.3819956381085,339.3447757984881
8,4,8,2048,331.862443977026,348.72758607604186,356.39988426507756
8,4,8,4096,345.5136187470717,345.7437420786051,335.89596237378083
8,4,8,8192,336.6819756183757,325.76645491847097,335.49773648064644
8,512,1,1024,3472.8863182128794,3472.3892494250103,3305.922956812554
8,512,1,2048,3450.840581701444,3446.043698277323,3271.4540694133434
8,512,1,4096,3462.841096784374,3380.715101001158,3336.459794930017
8,512,1,8192,3442.0157753487424,3416.813929720388,3280.752225451521
8,512,2,1024,3486.910072338568,3495.2794045904,3400.8817121897023
8,512,2,2048,3522.285226279099,3502.2408201014746,3380.9884448235703
8,512,2,4096,3508.055864437368,3481.6776714208136,3371.5961016482006
8,512,2,8192,3444.98562866673,3513.572475037291,3411.9338055405196
8,512,4,1024,3520.8775230112997,3521.796741455939,3462.0263066420634
8,512,4,2048,3545.7904525528816,3559.450313662063,3432.7790759715185
8,512,4,4096,3507.4458293401967,3553.575867232967,3450.8602639980472
8,512,4,8192,3470.0073113241046,3540.5024527758983,3401.677553089446
8,512,8,1024,3513.1139594466777,3535.7780998829016,3427.2250881723367
8,512,8,2048,3514.0893398780286,3516.4728742212874,3324.716756905115
8,512,8,4096,3476.6022331562835,3491.517519634546,3304.577168951721
8,512,8,8192,3470.408569221378,3481.685402002178,3470.3516466072415
8,64,1,1024,4012.4475500212416,4011.638881609118,3980.6779020627623
8,64,1,2048,3976.973775105815,3995.822543171574,3884.843835711961
8,64,1,4096,4024.8027940688526,3988.8036967213066,3839.7071596495043
8,64,1,8192,4023.2292406735487,3986.595963552126,3856.9483417695374
8,64,2,1024,4101.30155275525,4199.735078377283,4062.2639912994546
8,64,2,2048,4105.813379141894,4126.6861071804815,3930.451590633501
8,64,2,4096,4115.076247496164,4114.771943827625,4015.911022036143
8,64,2,8192,4145.986632878502,4156.622439587967,4038.2571229019104
8,64,4,1024,4144.222711483313,4187.538992093386,4074.1187908039396
8,64,4,2048,4169.411126283671,4206.947598821635,4087.3126309586137
8,64,4,4096,4189.516442178411,4172.238060236806,4107.575716546954
8,64,4,8192,4181.546135135224,4204.621090948334,3868.238211777439
8,64,8,1024,4124.9121238881535,4178.141659145664,4094.459937967686
8,64,8,2048,4163.903036606998,4188.594395491406,4082.464841532718
8,64,8,4096,4118.79218298706,4148.0347006653465,4043.178450004867
8,64,8,8192,4164.807489680594,4198.3593070127745,4006.613384782866
8,8,1,1024,721.9936560463092,735.7264870672943,741.9162372950096
8,8,1,2048,754.3443664808367,755.4634462141329,752.2215147423193
8,8,1,4096,773.5028154357252,758.0976229849032,779.5803826345781
8,8,1,8192,748.1894670635016,752.7535860299645,775.4326629201007
8,8,2,1024,756.9435328006131,764.3898003646988,769.6289399065299
8,8,2,2048,746.9480321903075,761.2716177310843,771.7480423581908
8,8,2,4096,733.6613403831569,762.7492822275004,772.8704608151355
8,8,2,8192,743.7261294285076,713.6710332487588,722.7979224257916
8,8,4,1024,718.4145794448154,773.760276786653,788.1578198184505
8,8,4,2048,751.8243686798045,770.8883268877507,749.1723767497544
8,8,4,4096,769.5769729207412,729.7217529288409,737.2309833849994
8,8,4,8192,742.8122878129903,726.6997225218227,753.3962808843726
8,8,8,1024,773.7081265537366,773.7575555682822,722.2109198056777
8,8,8,2048,703.1471746608993,765.8639978221003,754.7543226471405
8,8,8,4096,719.8137392441736,729.6414555702166,770.2937577447989
8,8,8,8192,760.1653818984853,760.0704130103932,734.011538189217
256,128,1,1024,,2218.3256491435727,858.6313507106129
256,128,1,2048,,2787.4805575554014,838.9644814158819
256,128,1,4096,,3930.919774568215,1417.0468424411329
256,128,1,8192,,3483.518574017771,3709.648660978469
256,128,2,1024,,4136.242552256702,1648.0637601315539
256,128,2,2048,,4157.71827429072,1597.8862053152322
256,128,2,4096,,4363.266970718588,1442.9570922206892
256,128,2,8192,,4441.594621606045,4723.7817646277945
256,128,4,1024,,4275.265572255268,1473.8908105855742
256,128,4,2048,,4135.764867314574,1771.3731407576352
256,128,4,4096,,3660.638233782208,1680.9034484948925
256,128,4,8192,,5321.714951863804,5259.736758349724
256,128,8,1024,,4345.362129631863,1563.8337532008186
256,128,8,2048,,4436.09051370558,1755.0679074717689
256,128,8,4096,,4689.251345109585,1710.644343383839
256,128,8,8192,,5309.875385187673,5264.919462614729
256,16,1,1024,,1528.3066064092875,1182.6011968238909
256,16,1,2048,,1525.6186284039136,1222.0892391579907
256,16,1,4096,,1559.3612765319278,1213.9543508165218
256,16,1,8192,,1565.5439070335758,1579.365514484112
256,16,2,1024,,1549.3596119159004,1193.5797043139214
256,16,2,2048,,1576.9921983041966,1207.0533358690375
256,16,2,4096,,1601.5589455411048,1270.8932205507242
256,16,2,8192,,1602.979234114687,1606.1295021523254
256,16,4,1024,,1592.6057912865606,1297.0290150697822
256,16,4,2048,,1611.9454028929053,1316.3803207723947
256,16,4,4096,,1629.0326352723232,1226.68547430618
256,16,4,8192,,1643.6634767815628,1640.761058764136
256,16,8,1024,,1601.9428562958183,1248.600623542925
256,16,8,2048,,1664.4533654650054,1352.8654345403224
256,16,8,4096,,1645.648180195552,1293.459975210177
256,16,8,8192,,1626.0448503752189,1654.6633461307986
256,1,1,1024,,73.21640667886737,75.78280966022507
256,1,1,2048,,77.01644951108563,79.06649344252173
256,1,1,4096,,79.98300663341139,80.54877314552647
256,1,1,8192,,80.33290448281716,79.34868371113548
256,1,2,1024,,80.04960064454983,82.0997837067515
256,1,2,2048,,85.08310016309733,80.89998719083536
256,1,2,4096,,83.58215932160708,80.74895792662305
256,1,2,8192,,78.86544457693847,77.49863622549888
256,1,4,1024,,78.8999007281449,83.91549937829426
256,1,4,2048,,80.49851963490721,82.88214210974586
256,1,4,4096,,79.71536503432871,83.29999799385838
256,1,4,8192,,79.33204917090919,79.31555566195229
256,1,8,1024,,80.8332678799419,84.89911313961919
256,1,8,2048,,79.29889079354855,78.91566284496741
256,1,8,4096,,81.51604824652524,80.33313375101807
256,1,8,8192,,80.69887950009308,79.21649370669458
256,256,1,1024,,1546.7156963920334,653.1776375154712
256,256,1,2048,,1561.5018368755216,594.3778252340269
256,256,1,4096,,2769.9850028856968,879.955379317691
256,256,1,8192,,2409.586076528135,2622.8063492459178
256,256,2,1024,,3549.27838536787,1269.5127889559794
256,256,2,2048,,3602.300035292842,1299.1430356622764
256,256,2,4096,,3427.4765942002978,1128.257259953392
256,256,2,8192,,3469.677821136857,3198.080360299472
256,256,4,1024,,4130.639661130398,1385.0551426154477
256,256,4,2048,,3774.6672580949703,1275.9705269700746
256,256,4,4096,,3937.5370334671597,1202.547761473436
256,256,4,8192,,5445.510827400299,5338.177342881607
256,256,8,1024,,3342.40282911674,1361.8462756682002
256,256,8,2048,,4070.124673329066,1471.021596542355
256,256,8,4096,,4884.518821872134,1515.0935454237294
256,256,8,8192,,5363.017482075804,5348.944274826995
256,2,1,1024,,160.7306171010946,170.53294365134602
256,2,1,2048,,161.46558310881375,165.0657445076273
256,2,1,4096,,168.2136329646353,167.79842289058965
256,2,1,8192,,165.31646919614423,165.81561156258516
256,2,2,1024,,157.61586720221118,163.09757988743402
256,2,2,2048,,164.0804897993024,163.7332957947464
256,2,2,4096,,161.99816294623213,171.31599591600312
256,2,2,8192,,161.53272038665696,166.0643690858559
256,2,4,1024,,166.83298875647836,163.64890213952015
256,2,4,2048,,165.31469498309679,166.38156264805613
256,2,4,4096,,166.11514933766958,167.11549149381895
256,2,4,8192,,162.36645441311913,163.93256082299814
256,2,8,1024,,166.08176435890545,169.11399519261457
256,2,8,2048,,166.21476072078892,170.9805300163541
256,2,8,4096,,166.64840209179653,170.04992006803508
256,2,8,8192,,163.3825457259873,168.04770884874074
256,32,1,1024,,2564.6383939441475,1621.4948089194938
256,32,1,2048,,2623.013779202778,1685.783804815469
256,32,1,4096,,2335.5492038502025,1545.9353312637813
256,32,1,8192,,2397.934180588417,2369.480077313278
256,32,2,1024,,2765.204055031839,1774.4447105577624
256,32,2,2048,,2561.3795125235147,1684.824127145418
256,32,2,4096,,2654.672197381666,1640.6095008280151
256,32,2,8192,,2801.32445248134,2793.1791892795823
256,32,4,1024,,2782.730701808962,1738.464887608624
256,32,4,2048,,2711.2895869389067,1808.0477967732231
256,32,4,4096,,2826.4804768921636,1812.5501480815196
256,32,4,8192,,2939.1237158574777,2990.266019742917
256,32,8,1024,,2430.215718234479,1720.6898772746454
256,32,8,2048,,2773.0519455044564,1831.1232562958292
256,32,8,4096,,2938.8242639322343,1718.5197556524479
256,32,8,8192,,3020.7025305155985,2957.55062915121
256,4,1,1024,,313.56224852232464,317.11254123334317
256,4,1,2048,,321.399885672704,327.1611741976313
256,4,1,4096,,323.68086325992965,328.73179354265466
256,4,1,8192,,317.82991450050906,320.4467408750588
256,4,2,1024,,327.1441997169818,333.9449383743061
256,4,2,2048,,332.04530018101445,334.06170086175416
256,4,2,4096,,333.2636925659302,345.47871083394034
256,4,2,8192,,320.0281265397202,327.7164638156375
256,4,4,1024,,325.4778914406318,326.29644743111373
256,4,4,2048,,326.1318796493996,331.365049257293
256,4,4,4096,,327.7962838117733,340.9142396129663
256,4,4,8192,,325.78306802646216,335.9636875478631
256,4,8,1024,,332.1123304807702,335.2161441317412
256,4,8,2048,,334.59627401396506,328.0997319917339
256,4,8,4096,,333.93189886764094,334.7119418282676
256,4,8,8192,,339.299523923183,322.61179912134895
256,512,1,1024,,1302.9102951964562,758.3980638855827
256,512,1,2048,,1803.4109356972247,660.6490790331623
256,512,1,4096,,2384.564175784488,774.249980140488
256,512,1,8192,,2473.731863505012,2444.593721465538
256,512,2,1024,,3129.8958845985585,1295.3802443070217
256,512,2,2048,,1467.2166305636645,1213.2747122480955
256,512,2,4096,,2694.124372047043,1053.502588395527
256,512,2,8192,,3465.8393358544768,2984.1574180665248
256,512,4,1024,,2479.095947049991,1388.3434548167556
256,512,4,2048,,3622.5253811967586,1157.4641780415197
256,512,4,4096,,3844.6947712159244,1299.8344944692906
256,512,4,8192,,4841.206858558509,4456.0274658047765
256,512,8,1024,,3140.9940496823924,1418.6911652426375
256,512,8,2048,,2439.709095593332,1326.8788142788385
256,512,8,4096,,4366.190527638019,1464.2328684266315
256,512,8,8192,,4519.878249901597,4650.721723409636
256,64,1,1024,,3161.916974620378,1117.4976666089974
256,64,1,2048,,3474.413973127234,1755.6065343883743
256,64,1,4096,,2893.4380722649175,1733.928101412841
256,64,1,8192,,3162.8473356073223,2991.381966568613
256,64,2,1024,,3475.7732191229134,1660.652599693658
256,64,2,2048,,3393.7622261550446,1774.540527887146
256,64,2,4096,,3231.453129765082,1718.4799559362073
256,64,2,8192,,3617.182598457955,3500.5772933205853
256,64,4,1024,,3257.7877725197773,1924.004670377556
256,64,4,2048,,3460.9554865114283,1868.6488247765435
256,64,4,4096,,3682.932574327289,2067.6832988719448
256,64,4,8192,,3931.779872791344,3922.3726670768147
256,64,8,1024,,3547.2767590936714,1840.4556989003688
256,64,8,2048,,3550.0173966402294,1943.3087294253946
256,64,8,4096,,3729.867663471766,1764.3976482931878
256,64,8,8192,,3881.4721564401857,3917.0595782602363
256,8,1,1024,,707.8227555356982,704.9165292549379
256,8,1,2048,,713.9243236559638,714.559130497341
256,8,1,4096,,724.0613449485259,722.1880777821909
256,8,1,8192,,681.5165435052686,698.69351291021
256,8,2,1024,,738.3117493627535,708.0644017102585
256,8,2,2048,,731.777071565717,714.4116403164095
256,8,2,4096,,702.8976467923983,723.0414153895285
256,8,2,8192,,704.9418095395936,703.9281563406361
256,8,4,1024,,734.158718138237,737.1238765745544
256,8,4,2048,,745.2728766580252,743.4151359749017
256,8,4,4096,,714.4563927956459,748.6230914582502
256,8,4,8192,,711.2663347068137,704.5624974415734
256,8,8,1024,,747.2605079821923,728.6387232713753
256,8,8,2048,,736.7699830980781,736.6272880787225
256,8,8,4096,,707.5887144081447,751.5802915501038
256,8,8,8192,,704.6563704391787,715.3735521142156
