alg,trans,threads,warehouse,remote,tput_1,tput_2,tput_3
PartitionedStore,NP,1,1,N/A,151735.0,152793.0,152648.0
PartitionedStore,NP,1,2,N/A,136498.0,138793.0,135106.0
PartitionedStore,NP,1,4,N/A,130686.0,129543.0,129158.0
PartitionedStore,NP,1,8,N/A,122025.0,119439.0,120958.0
PartitionedStore,NP,1,16,N/A,116506.0,115261.0,113446.0
PartitionedStore,NP,1,32,N/A,109996.0,109420.0,109805.0
PartitionedStore,NP,1,64,N/A,103806.0,103574.0,102999.0
PartitionedStore,NP,1,128,N/A,98332.4,97774.5,97829.5
PartitionedStore,NP,1,256,N/A,91099.1,91000.6,91016.7
PartitionedStore,NP,1,512,N/A,189.429,210.306,175.599
PartitionedStore,NP,2,1,N/A,,,
PartitionedStore,NP,2,2,N/A,288498.0,285666.0,284295.0
PartitionedStore,NP,2,4,N/A,267442.0,264593.0,265333.0
PartitionedStore,NP,2,8,N/A,252543.0,253300.0,254748.0
PartitionedStore,NP,2,16,N/A,239661.0,239680.0,236765.0
PartitionedStore,NP,2,32,N/A,226295.0,225685.0,225559.0
PartitionedStore,NP,2,64,N/A,217132.0,216590.0,213372.0
PartitionedStore,NP,2,128,N/A,205832.0,,204015.0
PartitionedStore,NP,2,256,N/A,193816.0,193467.0,193056.0
PartitionedStore,NP,2,512,N/A,207.939,75.9218,154.873
PartitionedStore,NP,4,1,N/A,,,
PartitionedStore,NP,4,2,N/A,,,
PartitionedStore,NP,4,4,N/A,532640.0,534203.0,538409.0
PartitionedStore,NP,4,8,N/A,493986.0,504285.0,505602.0
PartitionedStore,NP,4,16,N/A,,470172.0,476935.0
PartitionedStore,NP,4,32,N/A,445400.0,445340.0,449450.0
PartitionedStore,NP,4,64,N/A,416791.0,420448.0,
PartitionedStore,NP,4,128,N/A,,,407455.0
PartitionedStore,NP,4,256,N/A,380924.0,376418.0,386628.0
PartitionedStore,NP,4,512,N/A,,7486.16,10654.4
PartitionedStore,NP,8,1,N/A,,,
PartitionedStore,NP,8,2,N/A,,,
PartitionedStore,NP,8,4,N/A,,,
PartitionedStore,NP,8,8,N/A,920482.0,954135.0,948345.0
PartitionedStore,NP,8,16,N/A,887797.0,900118.0,
PartitionedStore,NP,8,32,N/A,842864.0,839927.0,833868.0
PartitionedStore,NP,8,64,N/A,797310.0,797019.0,796838.0
PartitionedStore,NP,8,128,N/A,,,
PartitionedStore,NP,8,256,N/A,,717392.0,
PartitionedStore,NP,8,512,N/A,4320.37,6230.13,9947.72
PartitionedStore,NP,16,1,N/A,,,
PartitionedStore,NP,16,2,N/A,,,
PartitionedStore,NP,16,4,N/A,,,
PartitionedStore,NP,16,8,N/A,,,
PartitionedStore,NP,16,16,N/A,1735980.0,,1731870.0
PartitionedStore,NP,16,32,N/A,1503810.0,,1636120.0
PartitionedStore,NP,16,64,N/A,1492780.0,,
PartitionedStore,NP,16,128,N/A,,,
PartitionedStore,NP,16,256,N/A,,,1378460.0
PartitionedStore,NP,16,512,N/A,3808.73,,
PartitionedStore,NP,28,1,N/A,,,
PartitionedStore,NP,28,2,N/A,,,
PartitionedStore,NP,28,4,N/A,,,
PartitionedStore,NP,28,8,N/A,,,
PartitionedStore,NP,28,16,N/A,,,
PartitionedStore,NP,28,32,N/A,,,
PartitionedStore,NP,28,64,N/A,,,
PartitionedStore,NP,28,128,N/A,,2535540.0,
PartitionedStore,NP,28,256,N/A,,,
PartitionedStore,NP,28,512,N/A,,,23991.8
PartitionedStore,all,1,1,N/A,,,
PartitionedStore,all,1,2,N/A,92030.4,92824.5,93102.0
PartitionedStore,all,1,4,N/A,94498.5,93705.3,94551.4
PartitionedStore,all,1,8,N/A,92773.8,93361.3,91524.1
PartitionedStore,all,1,16,N/A,90723.3,90814.3,88917.7
PartitionedStore,all,1,32,N/A,84555.6,85158.8,84281.9
PartitionedStore,all,1,64,N/A,,,
PartitionedStore,all,1,128,N/A,,,
PartitionedStore,all,1,256,N/A,,,
PartitionedStore,all,1,512,N/A,,,
PartitionedStore,all,2,1,N/A,,,
PartitionedStore,all,2,2,N/A,154736.0,155739.0,154035.0
PartitionedStore,all,2,4,N/A,175043.0,174852.0,175073.0
PartitionedStore,all,2,8,N/A,183917.0,182452.0,183545.0
PartitionedStore,all,2,16,N/A,182339.0,182944.0,181660.0
PartitionedStore,all,2,32,N/A,176376.0,178619.0,175301.0
PartitionedStore,all,2,64,N/A,,,
PartitionedStore,all,2,128,N/A,,,
PartitionedStore,all,2,256,N/A,,,
PartitionedStore,all,2,512,N/A,,,
PartitionedStore,all,4,1,N/A,,,
PartitionedStore,all,4,2,N/A,,,
PartitionedStore,all,4,4,N/A,296845.0,295536.0,295853.0
PartitionedStore,all,4,8,N/A,331413.0,281687.0,336605.0
PartitionedStore,all,4,16,N/A,347512.0,346890.0,351626.0
PartitionedStore,all,4,32,N/A,342107.0,344596.0,349754.0
PartitionedStore,all,4,64,N/A,,,
PartitionedStore,all,4,128,N/A,,,
PartitionedStore,all,4,256,N/A,,,
PartitionedStore,all,4,512,N/A,,,
PartitionedStore,all,8,1,N/A,,,
PartitionedStore,all,8,2,N/A,,,
PartitionedStore,all,8,4,N/A,,,
PartitionedStore,all,8,8,N/A,534171.0,539877.0,496068.0
PartitionedStore,all,8,16,N/A,601841.0,567334.0,602162.0
PartitionedStore,all,8,32,N/A,629246.0,635539.0,630077.0
PartitionedStore,all,8,64,N/A,,,
PartitionedStore,all,8,128,N/A,,,
PartitionedStore,all,8,256,N/A,,,
PartitionedStore,all,8,512,N/A,,,
PartitionedStore,all,16,1,N/A,,,
PartitionedStore,all,16,2,N/A,,,
PartitionedStore,all,16,4,N/A,,,
PartitionedStore,all,16,8,N/A,,,
PartitionedStore,all,16,16,N/A,1000440.0,1000360.0,919362.0
PartitionedStore,all,16,32,N/A,1078350.0,1122020.0,1082910.0
PartitionedStore,all,16,64,N/A,,,
PartitionedStore,all,16,128,N/A,,,
PartitionedStore,all,16,256,N/A,,,
PartitionedStore,all,16,512,N/A,,,
PartitionedStore,all,28,1,N/A,,,
PartitionedStore,all,28,2,N/A,,,
PartitionedStore,all,28,4,N/A,,,
PartitionedStore,all,28,8,N/A,,,
PartitionedStore,all,28,16,N/A,,,
PartitionedStore,all,28,32,N/A,1578300.0,1635430.0,
PartitionedStore,all,28,64,N/A,,,
PartitionedStore,all,28,128,N/A,,,
PartitionedStore,all,28,256,N/A,,,
PartitionedStore,all,28,512,N/A,,,
PartitionedStore,new_order,1,1,0,99702.7,99090.3,102510.0
PartitionedStore,new_order,1,1,10,100308.0,101344.0,98872.1
PartitionedStore,new_order,1,1,20,102233.0,100208.0,101262.0
PartitionedStore,new_order,1,1,30,101384.0,100652.0,103258.0
PartitionedStore,new_order,1,1,40,101075.0,102956.0,103334.0
PartitionedStore,new_order,1,1,50,101795.0,101078.0,100413.0
PartitionedStore,new_order,1,1,60,101297.0,101446.0,92273.5
PartitionedStore,new_order,1,1,70,100459.0,102462.0,100291.0
PartitionedStore,new_order,1,1,80,99592.0,100488.0,101673.0
PartitionedStore,new_order,1,1,90,102907.0,102089.0,100648.0
PartitionedStore,new_order,1,1,100,102642.0,101627.0,100470.0
PartitionedStore,new_order,1,2,0,94393.25,93630.15,93827.75
PartitionedStore,new_order,1,2,10,92041.2,92253.95,91003.8
PartitionedStore,new_order,1,2,20,91012.95,90316.0,90515.15
PartitionedStore,new_order,1,2,30,88739.41,90253.7,90408.5
PartitionedStore,new_order,1,2,40,90073.3,90195.95,89025.5
PartitionedStore,new_order,1,2,50,89392.85,89588.95,88832.3
PartitionedStore,new_order,1,2,60,89561.15,89420.85,88569.35
PartitionedStore,new_order,1,2,70,89918.7,89599.91,89389.16
PartitionedStore,new_order,1,2,80,89761.65,90121.6,89835.75
PartitionedStore,new_order,1,2,90,89314.7,90184.34,90294.16
PartitionedStore,new_order,1,2,100,89979.05,90024.7,90434.5
PartitionedStore,new_order,1,4,0,88405.8,87990.8,88416.25
PartitionedStore,new_order,1,4,10,87003.35,86926.2,86189.95
PartitionedStore,new_order,1,4,20,85241.25,86007.45,86179.8
PartitionedStore,new_order,1,4,30,83948.4,85172.7,84565.2
PartitionedStore,new_order,1,4,40,83934.05,84627.2,84166.25
PartitionedStore,new_order,1,4,50,84076.7,84108.95,84524.34
PartitionedStore,new_order,1,4,60,83300.25,83710.25,84188.65
PartitionedStore,new_order,1,4,70,83719.75,84385.09,84314.84
PartitionedStore,new_order,1,4,80,83032.75,84580.8,83267.1
PartitionedStore,new_order,1,4,90,84040.9,84130.45,84374.41
PartitionedStore,new_order,1,4,100,83899.8,84648.7,83861.0
PartitionedStore,new_order,1,8,0,83446.0,83707.84,82839.65
PartitionedStore,new_order,1,8,10,82187.15,81474.2,82070.7
PartitionedStore,new_order,1,8,20,80413.8,80731.7,79963.5
PartitionedStore,new_order,1,8,30,79884.85,80324.3,79540.85
PartitionedStore,new_order,1,8,40,78788.15,78811.95,78593.4
PartitionedStore,new_order,1,8,50,77933.85,78827.59,78315.9
PartitionedStore,new_order,1,8,60,77997.84,78404.95,77828.0
PartitionedStore,new_order,1,8,70,78545.7,78054.85,78616.95
PartitionedStore,new_order,1,8,80,78396.25,78056.05,77959.0
PartitionedStore,new_order,1,8,90,78497.3,78644.45,77546.95
PartitionedStore,new_order,1,8,100,78331.95,78460.3,77818.95
PartitionedStore,new_order,1,16,0,78810.55,78656.7,78210.2
PartitionedStore,new_order,1,16,10,76658.8,77034.45,76294.59
PartitionedStore,new_order,1,16,20,75602.35,76320.2,75571.4
PartitionedStore,new_order,1,16,30,74659.85,75183.9,75071.4
PartitionedStore,new_order,1,16,40,74787.2,74918.4,74332.2
PartitionedStore,new_order,1,16,50,74194.0,73912.7,72922.3
PartitionedStore,new_order,1,16,60,73698.7,73542.55,72933.9
PartitionedStore,new_order,1,16,70,73552.9,73352.84,73278.75
PartitionedStore,new_order,1,16,80,72673.75,72407.65,73045.65
PartitionedStore,new_order,1,16,90,72832.5,73029.3,73275.91
PartitionedStore,new_order,1,16,100,72616.25,72847.2,73260.2
PartitionedStore,new_order,1,32,0,74332.75,73807.3,72833.9
PartitionedStore,new_order,1,32,10,73137.95,72262.7,71181.0
PartitionedStore,new_order,1,32,20,71008.75,71806.45,70833.7
PartitionedStore,new_order,1,32,30,70315.9,71068.65,70515.45
PartitionedStore,new_order,1,32,40,69294.2,69776.05,70090.15
PartitionedStore,new_order,1,32,50,69200.25,69065.66,69734.95
PartitionedStore,new_order,1,32,60,69272.85,69567.75,68535.1
PartitionedStore,new_order,1,32,70,68959.55,69119.55,68332.55
PartitionedStore,new_order,1,32,80,67385.3,68084.3,68314.8
PartitionedStore,new_order,1,32,90,68177.45,68024.34,67949.8
PartitionedStore,new_order,1,32,100,68655.0,68210.9,68356.84
PartitionedStore,new_order,1,64,0,69638.2,70305.7,69925.8
PartitionedStore,new_order,1,64,10,68299.8,67910.9,67839.6
PartitionedStore,new_order,1,64,20,66845.1,67517.4,67743.6
PartitionedStore,new_order,1,64,30,66331.4,66917.9,65881.0
PartitionedStore,new_order,1,64,40,65273.7,64445.8,64388.6
PartitionedStore,new_order,1,64,50,64751.8,64685.8,64675.9
PartitionedStore,new_order,1,64,60,64329.0,63558.1,64520.1
PartitionedStore,new_order,1,64,70,63465.8,64051.7,62931.6
PartitionedStore,new_order,1,64,80,61697.2,62033.3,62399.1
PartitionedStore,new_order,1,64,90,62333.0,63198.4,63243.3
PartitionedStore,new_order,1,64,100,62533.2,62728.6,62102.1
PartitionedStore,new_order,1,128,0,65477.2,65516.9,65825.2
PartitionedStore,new_order,1,128,10,63494.3,63450.8,62620.6
PartitionedStore,new_order,1,128,20,62551.7,63368.9,62343.4
PartitionedStore,new_order,1,128,30,62610.2,60892.7,61354.3
PartitionedStore,new_order,1,128,40,61173.8,60974.1,60497.1
PartitionedStore,new_order,1,128,50,60870.0,59703.1,60073.4
PartitionedStore,new_order,1,128,60,59137.3,59574.4,59809.4
PartitionedStore,new_order,1,128,70,59596.5,59424.7,58619.0
PartitionedStore,new_order,1,128,80,58504.5,58308.7,59025.6
PartitionedStore,new_order,1,128,90,57567.8,58239.0,58517.2
PartitionedStore,new_order,1,128,100,57967.0,58733.7,57723.8
PartitionedStore,new_order,1,256,0,59644.1,60028.5,59467.1
PartitionedStore,new_order,1,256,10,59015.8,58395.1,59261.0
PartitionedStore,new_order,1,256,20,57842.9,58108.5,57235.3
PartitionedStore,new_order,1,256,30,57165.1,57284.8,57481.9
PartitionedStore,new_order,1,256,40,56124.6,56249.5,56017.8
PartitionedStore,new_order,1,256,50,55354.9,54873.8,55542.4
PartitionedStore,new_order,1,256,60,55188.2,54691.1,54221.3
PartitionedStore,new_order,1,256,70,53923.6,54752.8,53876.5
PartitionedStore,new_order,1,256,80,54063.6,54436.8,53235.6
PartitionedStore,new_order,1,256,90,53860.6,53807.2,53506.5
PartitionedStore,new_order,1,256,100,53022.4,52986.6,52845.6
PartitionedStore,new_order,1,512,0,54758.4,55281.5,55003.7
PartitionedStore,new_order,1,512,10,53878.0,53183.5,53507.2
PartitionedStore,new_order,1,512,20,52164.3,53185.7,53175.5
PartitionedStore,new_order,1,512,30,51678.8,51653.7,51620.7
PartitionedStore,new_order,1,512,40,51577.8,51472.4,51538.9
PartitionedStore,new_order,1,512,50,50707.9,49818.2,50250.3
PartitionedStore,new_order,1,512,60,49678.5,50201.0,50345.4
PartitionedStore,new_order,1,512,70,49590.9,49659.6,49695.5
PartitionedStore,new_order,1,512,80,49430.5,49054.3,49309.9
PartitionedStore,new_order,1,512,90,48929.7,48804.9,48638.2
PartitionedStore,new_order,1,512,100,48362.5,48887.9,48425.9
PartitionedStore,new_order,2,1,0,88752.4,89617.9,88469.9
PartitionedStore,new_order,2,1,10,89771.4,89398.2,89150.6
PartitionedStore,new_order,2,1,20,89984.2,87555.6,89331.6
PartitionedStore,new_order,2,1,30,88405.8,89719.0,89012.7
PartitionedStore,new_order,2,1,40,87993.5,88305.0,89903.3
PartitionedStore,new_order,2,1,50,89411.8,88986.2,89179.0
PartitionedStore,new_order,2,1,60,88136.1,88077.3,91030.9
PartitionedStore,new_order,2,1,70,90732.6,88662.5,88938.9
PartitionedStore,new_order,2,1,80,89434.0,89569.4,90170.9
PartitionedStore,new_order,2,1,90,87387.8,89059.6,90749.2
PartitionedStore,new_order,2,1,100,88361.7,89783.0,89289.7
PartitionedStore,new_order,2,2,0,204913.0,204008.5,203526.0
PartitionedStore,new_order,2,2,10,106739.5,101048.75,106248.0
PartitionedStore,new_order,2,2,20,97275.45,97745.5,97270.84
PartitionedStore,new_order,2,2,30,94784.85,96148.8,94358.9
PartitionedStore,new_order,2,2,40,94545.15,95634.35,94638.8
PartitionedStore,new_order,2,2,50,94458.3,94047.85,94501.7
PartitionedStore,new_order,2,2,60,94619.0,95165.85,95510.35
PartitionedStore,new_order,2,2,70,94157.5,95659.66,96362.25
PartitionedStore,new_order,2,2,80,97150.45,96983.05,97131.05
PartitionedStore,new_order,2,2,90,97830.9,98247.75,98102.95
PartitionedStore,new_order,2,2,100,100733.0,101622.5,101395.0
PartitionedStore,new_order,2,4,0,188022.5,187846.5,187297.5
PartitionedStore,new_order,2,4,10,127590.5,128292.0,128175.5
PartitionedStore,new_order,2,4,20,108195.95,109115.6,108780.45
PartitionedStore,new_order,2,4,30,101978.05,101710.1,102218.4
PartitionedStore,new_order,2,4,40,98068.85,98669.55,98317.3
PartitionedStore,new_order,2,4,50,96901.4,98393.05,97169.55
PartitionedStore,new_order,2,4,60,96460.0,96589.05,96079.05
PartitionedStore,new_order,2,4,70,95916.95,96464.15,95960.3
PartitionedStore,new_order,2,4,80,95551.6,95945.4,95695.35
PartitionedStore,new_order,2,4,90,96117.85,96583.95,96415.1
PartitionedStore,new_order,2,4,100,97573.4,96143.45,96759.45
PartitionedStore,new_order,2,8,0,177414.5,176468.0,178472.0
PartitionedStore,new_order,2,8,10,142139.0,141853.0,142664.5
PartitionedStore,new_order,2,8,20,123342.5,123020.0,123177.5
PartitionedStore,new_order,2,8,30,112362.2,112938.5,113176.5
PartitionedStore,new_order,2,8,40,106950.3,107946.65,107014.8
PartitionedStore,new_order,2,8,50,104310.0,105202.2,104324.85
PartitionedStore,new_order,2,8,60,102633.85,103364.1,104198.05
PartitionedStore,new_order,2,8,70,101634.9,102884.0,101533.75
PartitionedStore,new_order,2,8,80,102002.95,102091.15,101335.25
PartitionedStore,new_order,2,8,90,100653.85,102541.7,101341.65
PartitionedStore,new_order,2,8,100,101387.65,102449.85,100902.65
PartitionedStore,new_order,2,16,0,166769.0,166437.0,165761.5
PartitionedStore,new_order,2,16,10,145716.5,145944.5,146487.0
PartitionedStore,new_order,2,16,20,131991.0,132568.0,131461.5
PartitionedStore,new_order,2,16,30,121095.0,121241.0,121043.5
PartitionedStore,new_order,2,16,40,114529.85,113670.3,114353.15
PartitionedStore,new_order,2,16,50,107270.25,109421.15,109050.6
PartitionedStore,new_order,2,16,60,106731.6,106674.05,106295.05
PartitionedStore,new_order,2,16,70,104787.4,105520.35,104068.3
PartitionedStore,new_order,2,16,80,103042.0,103233.3,103371.4
PartitionedStore,new_order,2,16,90,102873.75,102772.95,102493.4
PartitionedStore,new_order,2,16,100,102009.3,102649.05,102528.5
PartitionedStore,new_order,2,32,0,158810.0,157281.0,157169.5
PartitionedStore,new_order,2,32,10,143870.0,145072.0,144849.5
PartitionedStore,new_order,2,32,20,134363.0,134543.5,134729.0
PartitionedStore,new_order,2,32,30,124304.0,125246.5,126011.0
PartitionedStore,new_order,2,32,40,117861.0,119082.0,118936.5
PartitionedStore,new_order,2,32,50,112228.35,112223.4,113348.5
PartitionedStore,new_order,2,32,60,108411.25,108687.95,108651.0
PartitionedStore,new_order,2,32,70,105460.9,107013.3,106760.05
PartitionedStore,new_order,2,32,80,102474.4,104131.65,102788.7
PartitionedStore,new_order,2,32,90,101878.2,101956.35,101301.1
PartitionedStore,new_order,2,32,100,100999.4,101625.05,100558.3
PartitionedStore,new_order,2,64,0,146775.0,146078.0,147739.0
PartitionedStore,new_order,2,64,10,138227.0,138028.0,137640.0
PartitionedStore,new_order,2,64,20,129268.0,127666.0,128546.0
PartitionedStore,new_order,2,64,30,117981.0,117929.0,119076.0
PartitionedStore,new_order,2,64,40,107826.0,109800.0,110143.0
PartitionedStore,new_order,2,64,50,100940.0,100560.0,101203.0
PartitionedStore,new_order,2,64,60,93552.3,93057.8,93233.7
PartitionedStore,new_order,2,64,70,86994.6,86496.7,86727.3
PartitionedStore,new_order,2,64,80,81133.0,80982.2,81902.4
PartitionedStore,new_order,2,64,90,77168.5,78181.1,78457.2
PartitionedStore,new_order,2,64,100,73788.2,73238.6,74557.2
PartitionedStore,new_order,2,128,0,139330.0,139540.0,141065.0
PartitionedStore,new_order,2,128,10,131882.0,132197.0,132127.0
PartitionedStore,new_order,2,128,20,124701.0,126053.0,126143.0
PartitionedStore,new_order,2,128,30,118972.0,119812.0,119340.0
PartitionedStore,new_order,2,128,40,112458.0,112906.0,112662.0
PartitionedStore,new_order,2,128,50,107128.0,106109.0,106262.0
PartitionedStore,new_order,2,128,60,100385.0,99454.8,100841.0
PartitionedStore,new_order,2,128,70,94637.3,94738.0,94852.8
PartitionedStore,new_order,2,128,80,89227.7,88846.2,89552.4
PartitionedStore,new_order,2,128,90,85480.9,84653.6,85018.1
PartitionedStore,new_order,2,128,100,80777.7,81107.1,80471.2
PartitionedStore,new_order,2,256,0,133530.0,131750.0,132169.0
PartitionedStore,new_order,2,256,10,122538.0,124713.0,125332.0
PartitionedStore,new_order,2,256,20,119609.0,120381.0,119917.0
PartitionedStore,new_order,2,256,30,114901.0,115690.0,115581.0
PartitionedStore,new_order,2,256,40,110664.0,111603.0,110866.0
PartitionedStore,new_order,2,256,50,106404.0,106763.0,106775.0
PartitionedStore,new_order,2,256,60,101815.0,101750.0,102402.0
PartitionedStore,new_order,2,256,70,97160.7,99065.5,98028.6
PartitionedStore,new_order,2,256,80,93742.9,95274.6,94296.7
PartitionedStore,new_order,2,256,90,91345.4,90468.4,90637.7
PartitionedStore,new_order,2,256,100,86643.7,85136.4,87374.4
PartitionedStore,new_order,2,512,0,123052.0,119715.0,121451.0
PartitionedStore,new_order,2,512,10,114766.0,114974.0,115386.0
PartitionedStore,new_order,2,512,20,110496.0,109296.0,110644.0
PartitionedStore,new_order,2,512,30,108064.0,106182.0,106595.0
PartitionedStore,new_order,2,512,40,103691.0,103159.0,103475.0
PartitionedStore,new_order,2,512,50,100718.0,99635.5,100695.0
PartitionedStore,new_order,2,512,60,97162.5,95449.8,97132.0
PartitionedStore,new_order,2,512,70,94729.5,93761.7,94119.1
PartitionedStore,new_order,2,512,80,91544.9,90255.8,91579.7
PartitionedStore,new_order,2,512,90,88655.5,87854.0,88452.6
PartitionedStore,new_order,2,512,100,87755.1,85641.9,86868.4
PartitionedStore,new_order,4,1,0,94564.0,94612.0,93650.8
PartitionedStore,new_order,4,1,10,93816.5,90477.6,92875.0
PartitionedStore,new_order,4,1,20,94061.7,94594.3,91095.4
PartitionedStore,new_order,4,1,30,93505.9,94144.2,91847.3
PartitionedStore,new_order,4,1,40,94169.0,93648.9,95549.6
PartitionedStore,new_order,4,1,50,92477.1,91542.4,93198.3
PartitionedStore,new_order,4,1,60,95269.3,94151.9,94618.4
PartitionedStore,new_order,4,1,70,93740.2,92533.0,73113.8
PartitionedStore,new_order,4,1,80,93876.6,91060.8,87133.5
PartitionedStore,new_order,4,1,90,93407.7,92404.0,87006.6
PartitionedStore,new_order,4,1,100,92974.6,90592.4,93001.0
PartitionedStore,new_order,4,2,0,199618.0,200332.0,200157.0
PartitionedStore,new_order,4,2,10,94229.8,94808.5,96956.1
PartitionedStore,new_order,4,2,20,92388.45,93262.15,94696.25
PartitionedStore,new_order,4,2,30,90534.55,93697.75,94371.35
PartitionedStore,new_order,4,2,40,90986.15,91096.15,92581.3
PartitionedStore,new_order,4,2,50,90435.8,91811.55,93178.15
PartitionedStore,new_order,4,2,60,91129.66,89689.16,92795.3
PartitionedStore,new_order,4,2,70,91985.1,91848.8,91235.25
PartitionedStore,new_order,4,2,80,92450.85,92355.95,93141.95
PartitionedStore,new_order,4,2,90,93882.84,93118.4,93588.3
PartitionedStore,new_order,4,2,100,95317.8,95993.05,95398.45
PartitionedStore,new_order,4,4,0,393152.0,396092.0,370962.0
PartitionedStore,new_order,4,4,10,138378.5,139896.5,140895.0
PartitionedStore,new_order,4,4,20,103967.0,104556.0,105012.5
PartitionedStore,new_order,4,4,30,94775.35,94881.05,95204.25
PartitionedStore,new_order,4,4,40,90094.9,92082.95,91680.95
PartitionedStore,new_order,4,4,50,88795.05,89898.2,89999.05
PartitionedStore,new_order,4,4,60,81450.05,89398.25,89937.55
PartitionedStore,new_order,4,4,70,89042.16,89321.2,89750.55
PartitionedStore,new_order,4,4,80,88981.7,79816.59,89682.05
PartitionedStore,new_order,4,4,90,89318.85,90290.95,90278.05
PartitionedStore,new_order,4,4,100,90292.55,90370.55,91069.45
PartitionedStore,new_order,4,8,0,363149.5,361929.0,360994.0
PartitionedStore,new_order,4,8,10,193182.5,193540.0,192769.0
PartitionedStore,new_order,4,8,20,134205.0,135054.0,134379.5
PartitionedStore,new_order,4,8,30,111233.4,111337.5,112227.0
PartitionedStore,new_order,4,8,40,101323.7,100447.95,100442.0
PartitionedStore,new_order,4,8,50,85951.2,93829.0,94220.55
PartitionedStore,new_order,4,8,60,90083.0,90033.34,90389.59
PartitionedStore,new_order,4,8,70,88048.4,88860.85,88880.35
PartitionedStore,new_order,4,8,80,86915.3,86496.05,87353.35
PartitionedStore,new_order,4,8,90,86450.05,78627.05,86277.5
PartitionedStore,new_order,4,8,100,85218.84,85664.41,86716.2
PartitionedStore,new_order,4,16,0,335535.5,338250.5,338152.0
PartitionedStore,new_order,4,16,10,235889.0,238063.0,238091.0
PartitionedStore,new_order,4,16,20,175871.5,177073.0,178247.0
PartitionedStore,new_order,4,16,30,143317.5,142566.5,145380.5
PartitionedStore,new_order,4,16,40,126203.0,126183.5,125486.5
PartitionedStore,new_order,4,16,50,113376.6,113505.05,114009.6
PartitionedStore,new_order,4,16,60,106061.3,106853.85,106849.7
PartitionedStore,new_order,4,16,70,102957.2,102252.35,103339.1
PartitionedStore,new_order,4,16,80,99200.1,99100.6,90565.55
PartitionedStore,new_order,4,16,90,97021.65,97078.05,97996.45
PartitionedStore,new_order,4,16,100,95139.05,96139.55,96841.05
PartitionedStore,new_order,4,32,0,312781.0,319063.5,318427.0
PartitionedStore,new_order,4,32,10,260318.0,259516.5,241272.5
PartitionedStore,new_order,4,32,20,212278.5,213690.0,212645.5
PartitionedStore,new_order,4,32,30,179830.0,180876.0,182568.5
PartitionedStore,new_order,4,32,40,156660.0,157470.0,148109.0
PartitionedStore,new_order,4,32,50,140739.0,141304.5,142504.0
PartitionedStore,new_order,4,32,60,131677.6,132490.25,132597.84
PartitionedStore,new_order,4,32,70,123455.05,124770.8,124890.95
PartitionedStore,new_order,4,32,80,118258.75,119026.4,119432.65
PartitionedStore,new_order,4,32,90,116192.5,116339.7,117098.2
PartitionedStore,new_order,4,32,100,113489.8,114082.5,114011.55
PartitionedStore,new_order,4,64,0,295925.0,296620.0,296866.0
PartitionedStore,new_order,4,64,10,261150.0,260944.0,260266.0
PartitionedStore,new_order,4,64,20,224084.0,225136.0,225303.0
PartitionedStore,new_order,4,64,30,188035.0,187879.0,186825.0
PartitionedStore,new_order,4,64,40,159197.0,157198.0,156124.0
PartitionedStore,new_order,4,64,50,133915.0,133241.0,133192.0
PartitionedStore,new_order,4,64,60,116071.0,116381.0,116268.0
PartitionedStore,new_order,4,64,70,101052.0,102719.0,102568.0
PartitionedStore,new_order,4,64,80,93106.4,92114.2,92596.7
PartitionedStore,new_order,4,64,90,84124.6,84360.4,84377.9
PartitionedStore,new_order,4,64,100,79016.8,79448.4,79154.8
PartitionedStore,new_order,4,128,0,277530.0,279114.0,278389.0
PartitionedStore,new_order,4,128,10,255878.0,257827.0,254076.0
PartitionedStore,new_order,4,128,20,233497.0,233931.0,233667.0
PartitionedStore,new_order,4,128,30,207249.0,206011.0,208832.0
PartitionedStore,new_order,4,128,40,184023.0,185443.0,183549.0
PartitionedStore,new_order,4,128,50,162500.0,161904.0,163655.0
PartitionedStore,new_order,4,128,60,145673.0,144372.0,143745.0
PartitionedStore,new_order,4,128,70,128852.0,128483.0,129513.0
PartitionedStore,new_order,4,128,80,115633.0,115663.0,114179.0
PartitionedStore,new_order,4,128,90,104479.0,105862.0,104986.0
PartitionedStore,new_order,4,128,100,95707.7,96310.1,96321.7
PartitionedStore,new_order,4,256,0,264909.0,263914.0,262150.0
PartitionedStore,new_order,4,256,10,246526.0,244321.0,244109.0
PartitionedStore,new_order,4,256,20,230932.0,231658.0,231055.0
PartitionedStore,new_order,4,256,30,215510.0,213419.0,214043.0
PartitionedStore,new_order,4,256,40,200426.0,198534.0,200367.0
PartitionedStore,new_order,4,256,50,181287.0,182966.0,184329.0
PartitionedStore,new_order,4,256,60,167153.0,167789.0,168970.0
PartitionedStore,new_order,4,256,70,155645.0,153402.0,154461.0
PartitionedStore,new_order,4,256,80,142482.0,142181.0,140714.0
PartitionedStore,new_order,4,256,90,130807.0,131347.0,132378.0
PartitionedStore,new_order,4,256,100,121002.0,120424.0,122041.0
PartitionedStore,new_order,4,512,0,243852.0,244013.0,244343.0
PartitionedStore,new_order,4,512,10,229893.0,226857.0,229916.0
PartitionedStore,new_order,4,512,20,219247.0,217197.0,219794.0
PartitionedStore,new_order,4,512,30,208678.0,206858.0,205690.0
PartitionedStore,new_order,4,512,40,195474.0,198453.0,196196.0
PartitionedStore,new_order,4,512,50,185516.0,187713.0,184183.0
PartitionedStore,new_order,4,512,60,177001.0,176142.0,176512.0
PartitionedStore,new_order,4,512,70,166222.0,164552.0,167304.0
PartitionedStore,new_order,4,512,80,156185.0,157318.0,156854.0
PartitionedStore,new_order,4,512,90,149147.0,147727.0,146858.0
PartitionedStore,new_order,4,512,100,139555.0,138075.0,138645.0
PartitionedStore,new_order,8,1,0,86548.8,69331.2,85440.0
PartitionedStore,new_order,8,1,10,85443.4,64324.4,83274.2
PartitionedStore,new_order,8,1,20,85284.4,62735.5,83881.1
PartitionedStore,new_order,8,1,30,85189.7,69061.3,85038.4
PartitionedStore,new_order,8,1,40,85654.2,83916.0,86036.1
PartitionedStore,new_order,8,1,50,83336.1,84820.5,86407.3
PartitionedStore,new_order,8,1,60,84031.1,85410.3,83689.5
PartitionedStore,new_order,8,1,70,67037.7,83149.5,83684.8
PartitionedStore,new_order,8,1,80,67955.4,82197.4,67264.5
PartitionedStore,new_order,8,1,90,83785.0,81730.4,83120.5
PartitionedStore,new_order,8,1,100,74051.9,84423.2,68022.6
PartitionedStore,new_order,8,2,0,175972.0,168924.0,175723.0
PartitionedStore,new_order,8,2,10,74844.25,76013.15,83289.55
PartitionedStore,new_order,8,2,20,81622.75,82076.2,75974.45
PartitionedStore,new_order,8,2,30,81250.3,81190.65,81804.75
PartitionedStore,new_order,8,2,40,81231.75,66368.6,81283.95
PartitionedStore,new_order,8,2,50,81489.75,73541.3,81494.8
PartitionedStore,new_order,8,2,60,79462.55,67534.55,81654.34
PartitionedStore,new_order,8,2,70,81438.95,72544.59,81210.5
PartitionedStore,new_order,8,2,80,81965.41,76705.25,73908.6
PartitionedStore,new_order,8,2,90,82651.05,82219.15,82555.05
PartitionedStore,new_order,8,2,100,70572.05,84179.55,84440.4
PartitionedStore,new_order,8,4,0,354017.0,359172.0,341583.5
PartitionedStore,new_order,8,4,10,109001.5,109182.0,108836.0
PartitionedStore,new_order,8,4,20,89550.0,87395.45,90764.34
PartitionedStore,new_order,8,4,30,84209.9,85128.2,84241.45
PartitionedStore,new_order,8,4,40,82008.45,82068.91,82343.1
PartitionedStore,new_order,8,4,50,80983.25,81373.75,81352.59
PartitionedStore,new_order,8,4,60,74053.35,74266.25,80897.05
PartitionedStore,new_order,8,4,70,71967.85,79086.95,80001.25
PartitionedStore,new_order,8,4,80,81406.09,81132.8,80683.25
PartitionedStore,new_order,8,4,90,79179.0,80808.55,80751.05
PartitionedStore,new_order,8,4,100,81334.55,75717.34,81901.7
PartitionedStore,new_order,8,8,0,698364.5,698765.5,673455.0
PartitionedStore,new_order,8,8,10,191410.0,190586.0,190439.0
PartitionedStore,new_order,8,8,20,119937.5,119484.0,119008.5
PartitionedStore,new_order,8,8,30,95981.0,92971.2,96329.15
PartitionedStore,new_order,8,8,40,86924.35,87153.2,87069.3
PartitionedStore,new_order,8,8,50,82644.1,77806.41,82603.55
PartitionedStore,new_order,8,8,60,80072.15,80061.3,80107.35
PartitionedStore,new_order,8,8,70,79127.15,78971.15,79082.05
PartitionedStore,new_order,8,8,80,78344.41,79435.2,78087.2
PartitionedStore,new_order,8,8,90,78009.6,78380.0,77497.5
PartitionedStore,new_order,8,8,100,78749.5,74512.7,78140.0
PartitionedStore,new_order,8,16,0,618421.0,643119.0,641055.5
PartitionedStore,new_order,8,16,10,286701.0,287444.0,285748.0
PartitionedStore,new_order,8,16,20,164542.0,171036.5,169712.5
PartitionedStore,new_order,8,16,30,120433.0,125981.0,125552.0
PartitionedStore,new_order,8,16,40,102874.9,104281.05,98856.45
PartitionedStore,new_order,8,16,50,90803.15,91397.25,91394.25
PartitionedStore,new_order,8,16,60,79961.45,79981.09,80076.25
PartitionedStore,new_order,8,16,70,79699.95,76122.2,79508.2
PartitionedStore,new_order,8,16,80,76514.25,76490.3,73712.09
PartitionedStore,new_order,8,16,90,75300.95,74935.45,74556.15
PartitionedStore,new_order,8,16,100,73956.3,73825.3,70568.45
PartitionedStore,new_order,8,32,0,604117.0,576325.5,580497.5
PartitionedStore,new_order,8,32,10,374715.0,386572.5,382492.5
PartitionedStore,new_order,8,32,20,250255.5,250725.0,241701.5
PartitionedStore,new_order,8,32,30,180808.5,174055.5,181304.0
PartitionedStore,new_order,8,32,40,139885.0,144679.0,143992.0
PartitionedStore,new_order,8,32,50,121499.0,122042.5,120934.0
PartitionedStore,new_order,8,32,60,106993.85,103240.7,106673.3
PartitionedStore,new_order,8,32,70,96910.7,97286.35,93148.5
PartitionedStore,new_order,8,32,80,91009.7,90378.5,83819.8
PartitionedStore,new_order,8,32,90,82677.9,86237.1,85571.0
PartitionedStore,new_order,8,32,100,80160.1,82685.2,82372.9
PartitionedStore,new_order,8,64,0,559007.0,558038.0,560164.0
PartitionedStore,new_order,8,64,10,405199.0,434005.0,437857.0
PartitionedStore,new_order,8,64,20,312360.0,316175.0,314295.0
PartitionedStore,new_order,8,64,30,231384.0,228908.0,231760.0
PartitionedStore,new_order,8,64,40,174654.0,175151.0,174704.0
PartitionedStore,new_order,8,64,50,140384.0,138545.0,139504.0
PartitionedStore,new_order,8,64,60,116788.0,110925.0,115524.0
PartitionedStore,new_order,8,64,70,93943.9,100301.0,101307.0
PartitionedStore,new_order,8,64,80,89010.4,88039.6,89668.9
PartitionedStore,new_order,8,64,90,76439.6,79485.4,80098.6
PartitionedStore,new_order,8,64,100,75376.6,74015.9,75626.1
PartitionedStore,new_order,8,128,0,530526.0,530694.0,530693.0
PartitionedStore,new_order,8,128,10,454700.0,421924.0,458904.0
PartitionedStore,new_order,8,128,20,380931.0,373518.0,380620.0
PartitionedStore,new_order,8,128,30,305466.0,301037.0,305806.0
PartitionedStore,new_order,8,128,40,229511.0,226573.0,244696.0
PartitionedStore,new_order,8,128,50,198498.0,196967.0,197072.0
PartitionedStore,new_order,8,128,60,164479.0,162573.0,165392.0
PartitionedStore,new_order,8,128,70,140782.0,137117.0,140107.0
PartitionedStore,new_order,8,128,80,121890.0,121016.0,120609.0
PartitionedStore,new_order,8,128,90,106947.0,106286.0,107202.0
PartitionedStore,new_order,8,128,100,95863.5,89347.1,90340.7
PartitionedStore,new_order,8,256,0,492003.0,463543.0,488793.0
PartitionedStore,new_order,8,256,10,442834.0,448136.0,438951.0
PartitionedStore,new_order,8,256,20,397765.0,400366.0,396825.0
PartitionedStore,new_order,8,256,30,345813.0,353902.0,352882.0
PartitionedStore,new_order,8,256,40,306861.0,304062.0,304826.0
PartitionedStore,new_order,8,256,50,260079.0,259865.0,247598.0
PartitionedStore,new_order,8,256,60,224554.0,221225.0,224991.0
PartitionedStore,new_order,8,256,70,195906.0,184589.0,193534.0
PartitionedStore,new_order,8,256,80,161770.0,161901.0,161737.0
PartitionedStore,new_order,8,256,90,150863.0,148945.0,149379.0
PartitionedStore,new_order,8,256,100,134382.0,132428.0,134055.0
PartitionedStore,new_order,8,512,0,459941.0,433969.0,454275.0
PartitionedStore,new_order,8,512,10,419983.0,423480.0,424252.0
PartitionedStore,new_order,8,512,20,395753.0,397472.0,396992.0
PartitionedStore,new_order,8,512,30,362499.0,359491.0,363069.0
PartitionedStore,new_order,8,512,40,333805.0,328504.0,335860.0
PartitionedStore,new_order,8,512,50,302531.0,299683.0,299936.0
PartitionedStore,new_order,8,512,60,273153.0,273043.0,271303.0
PartitionedStore,new_order,8,512,70,243323.0,244205.0,244043.0
PartitionedStore,new_order,8,512,80,220959.0,218306.0,221634.0
PartitionedStore,new_order,8,512,90,185790.0,200517.0,198104.0
PartitionedStore,new_order,8,512,100,180077.0,169881.0,177221.0
PartitionedStore,new_order,16,1,0,81768.2,81215.8,68253.4
PartitionedStore,new_order,16,1,10,68573.3,72884.4,61601.6
PartitionedStore,new_order,16,1,20,67438.8,81218.5,76445.7
PartitionedStore,new_order,16,1,30,81706.2,71677.7,72589.5
PartitionedStore,new_order,16,1,40,61703.1,62520.5,61563.5
PartitionedStore,new_order,16,1,50,68037.2,72670.9,81298.6
PartitionedStore,new_order,16,1,60,71009.3,68428.2,81637.1
PartitionedStore,new_order,16,1,70,64941.7,81715.8,66488.9
PartitionedStore,new_order,16,1,80,72432.5,64998.7,81960.5
PartitionedStore,new_order,16,1,90,65520.7,81148.5,73657.5
PartitionedStore,new_order,16,1,100,69039.3,81787.9,81410.5
PartitionedStore,new_order,16,2,0,163521.0,155359.0,155207.0
PartitionedStore,new_order,16,2,10,75711.2,67897.6,78311.3
PartitionedStore,new_order,16,2,20,76182.5,73183.2,77126.6
PartitionedStore,new_order,16,2,30,74400.6,64258.8,60394.1
PartitionedStore,new_order,16,2,40,75751.3,68642.8,67979.4
PartitionedStore,new_order,16,2,50,76425.7,67936.9,76859.1
PartitionedStore,new_order,16,2,60,61029.6,69352.9,75351.0
PartitionedStore,new_order,16,2,70,60883.9,76487.0,60068.2
PartitionedStore,new_order,16,2,80,62560.7,76802.6,76232.8
PartitionedStore,new_order,16,2,90,75962.5,77924.7,77353.7
PartitionedStore,new_order,16,2,100,77156.7,67005.4,61930.7
PartitionedStore,new_order,16,4,0,331066.5,311868.5,302045.0
PartitionedStore,new_order,16,4,10,96359.41,94431.3,97477.5
PartitionedStore,new_order,16,4,20,83178.35,80473.16,78642.66
PartitionedStore,new_order,16,4,30,78481.16,74383.05,74480.8
PartitionedStore,new_order,16,4,40,72023.6,77640.6,65753.45
PartitionedStore,new_order,16,4,50,76195.25,69555.3,68730.45
PartitionedStore,new_order,16,4,60,76556.6,76600.34,72794.55
PartitionedStore,new_order,16,4,70,71565.8,73358.45,76232.9
PartitionedStore,new_order,16,4,80,72500.9,69164.05,67630.8
PartitionedStore,new_order,16,4,90,69603.55,75344.95,72903.2
PartitionedStore,new_order,16,4,100,72893.41,73694.45,73490.75
PartitionedStore,new_order,16,8,0,665292.0,648368.0,648246.0
PartitionedStore,new_order,16,8,10,145905.5,148394.5,144731.5
PartitionedStore,new_order,16,8,20,103150.05,107486.0,103982.5
PartitionedStore,new_order,16,8,30,89107.75,86273.6,84034.45
PartitionedStore,new_order,16,8,40,78017.7,78282.84,78226.7
PartitionedStore,new_order,16,8,50,77047.41,75302.25,75074.05
PartitionedStore,new_order,16,8,60,73446.09,71911.25,71850.1
PartitionedStore,new_order,16,8,70,73875.2,70470.2,69300.6
PartitionedStore,new_order,16,8,80,67543.34,70219.91,67089.16
PartitionedStore,new_order,16,8,90,73640.2,67325.45,72212.2
PartitionedStore,new_order,16,8,100,67308.0,74062.35,63825.453
PartitionedStore,new_order,16,16,0,1210060.0,1293425.0,1210330.0
PartitionedStore,new_order,16,16,10,289206.5,286978.5,283707.0
PartitionedStore,new_order,16,16,20,156977.5,158214.5,153917.0
PartitionedStore,new_order,16,16,30,117227.0,117090.5,114628.5
PartitionedStore,new_order,16,16,40,93736.25,95758.8,91498.55
PartitionedStore,new_order,16,16,50,81398.75,82271.8,85080.25
PartitionedStore,new_order,16,16,60,74882.0,77296.95,75567.6
PartitionedStore,new_order,16,16,70,72408.3,74798.4,74929.2
PartitionedStore,new_order,16,16,80,72628.0,72056.25,70587.91
PartitionedStore,new_order,16,16,90,62675.8,71461.55,69000.35
PartitionedStore,new_order,16,16,100,71119.55,67378.25,69854.1
PartitionedStore,new_order,16,32,0,1185050.0,1182130.0,1162610.0
PartitionedStore,new_order,16,32,10,459297.0,470395.0,472181.5
PartitionedStore,new_order,16,32,20,235965.0,242965.0,235491.5
PartitionedStore,new_order,16,32,30,167824.0,167084.5,157140.0
PartitionedStore,new_order,16,32,40,125336.5,128569.0,125523.0
PartitionedStore,new_order,16,32,50,101344.15,103896.25,106720.0
PartitionedStore,new_order,16,32,60,90801.66,92897.85,92895.59
PartitionedStore,new_order,16,32,70,81161.15,81220.35,83550.85
PartitionedStore,new_order,16,32,80,73198.7,77679.7,77574.85
PartitionedStore,new_order,16,32,90,71423.8,73285.55,71635.34
PartitionedStore,new_order,16,32,100,70578.09,68526.0,67364.9
PartitionedStore,new_order,16,64,0,1101900.0,1101360.0,1059670.0
PartitionedStore,new_order,16,64,10,657166.0,602893.0,656125.0
PartitionedStore,new_order,16,64,20,372907.0,370052.0,356850.0
PartitionedStore,new_order,16,64,30,230075.0,230989.0,242185.0
PartitionedStore,new_order,16,64,40,176249.0,169120.0,169647.0
PartitionedStore,new_order,16,64,50,137888.0,132389.0,131781.0
PartitionedStore,new_order,16,64,60,113633.0,114046.0,113801.0
PartitionedStore,new_order,16,64,70,98715.2,98377.1,98014.4
PartitionedStore,new_order,16,64,80,86661.3,83331.8,83078.3
PartitionedStore,new_order,16,64,90,75693.0,79313.8,78849.6
PartitionedStore,new_order,16,64,100,73713.7,73704.8,70448.4
PartitionedStore,new_order,16,128,0,1029210.0,1031430.0,1027620.0
PartitionedStore,new_order,16,128,10,782337.0,785295.0,781525.0
PartitionedStore,new_order,16,128,20,517880.0,546156.0,523914.0
PartitionedStore,new_order,16,128,30,376440.0,359972.0,375974.0
PartitionedStore,new_order,16,128,40,264612.0,274446.0,275949.0
PartitionedStore,new_order,16,128,50,210221.0,212058.0,203595.0
PartitionedStore,new_order,16,128,60,169903.0,169168.0,168931.0
PartitionedStore,new_order,16,128,70,140691.0,140623.0,135637.0
PartitionedStore,new_order,16,128,80,120786.0,118400.0,120336.0
PartitionedStore,new_order,16,128,90,105888.0,101080.0,105446.0
PartitionedStore,new_order,16,128,100,94744.7,90723.3,91074.3
PartitionedStore,new_order,16,256,0,961103.0,930311.0,964131.0
PartitionedStore,new_order,16,256,10,816051.0,827396.0,825852.0
PartitionedStore,new_order,16,256,20,667130.0,619803.0,664191.0
PartitionedStore,new_order,16,256,30,503119.0,501410.0,502906.0
PartitionedStore,new_order,16,256,40,392721.0,407300.0,391190.0
PartitionedStore,new_order,16,256,50,320727.0,321964.0,321806.0
PartitionedStore,new_order,16,256,60,259507.0,260811.0,259607.0
PartitionedStore,new_order,16,256,70,214749.0,199779.0,215135.0
PartitionedStore,new_order,16,256,80,158227.0,174881.0,175285.0
PartitionedStore,new_order,16,256,90,150791.0,155923.0,151352.0
PartitionedStore,new_order,16,256,100,132077.0,137004.0,133869.0
PartitionedStore,new_order,16,512,0,876814.0,881176.0,880619.0
PartitionedStore,new_order,16,512,10,785696.0,773801.0,799821.0
PartitionedStore,new_order,16,512,20,689496.0,665065.0,684161.0
PartitionedStore,new_order,16,512,30,595383.0,611818.0,596220.0
PartitionedStore,new_order,16,512,40,510073.0,473438.0,508878.0
PartitionedStore,new_order,16,512,50,425307.0,439962.0,445989.0
PartitionedStore,new_order,16,512,60,371288.0,372840.0,359858.0
PartitionedStore,new_order,16,512,70,317256.0,307837.0,313277.0
PartitionedStore,new_order,16,512,80,270801.0,270514.0,269518.0
PartitionedStore,new_order,16,512,90,234131.0,234887.0,233749.0
PartitionedStore,new_order,16,512,100,206007.0,206225.0,199043.0
PartitionedStore,new_order,28,1,0,64158.4,64286.8,60592.4
PartitionedStore,new_order,28,1,10,62660.6,61500.2,60819.7
PartitionedStore,new_order,28,1,20,66537.2,60594.7,71848.9
PartitionedStore,new_order,28,1,30,69661.1,73375.3,61377.2
PartitionedStore,new_order,28,1,40,64053.2,60753.2,61324.5
PartitionedStore,new_order,28,1,50,65416.8,69739.6,61199.1
PartitionedStore,new_order,28,1,60,65828.7,61089.9,69216.4
PartitionedStore,new_order,28,1,70,67087.7,60545.0,60681.9
PartitionedStore,new_order,28,1,80,65324.6,61807.0,60348.3
PartitionedStore,new_order,28,1,90,69838.7,69153.6,61156.8
PartitionedStore,new_order,28,1,100,70609.7,60141.2,60249.4
PartitionedStore,new_order,28,2,0,147912.0,144009.0,154437.0
PartitionedStore,new_order,28,2,10,72944.9,63974.5,74930.3
PartitionedStore,new_order,28,2,20,72962.9,70373.8,60680.8
PartitionedStore,new_order,28,2,30,72605.6,69341.0,67375.6
PartitionedStore,new_order,28,2,40,71419.8,62591.6,60503.8
PartitionedStore,new_order,28,2,50,68965.9,62133.3,61099.8
PartitionedStore,new_order,28,2,60,69542.5,61253.5,61123.8
PartitionedStore,new_order,28,2,70,61187.8,60166.1,58631.6
PartitionedStore,new_order,28,2,80,64492.9,59319.8,59491.6
PartitionedStore,new_order,28,2,90,69871.7,61685.0,59837.2
PartitionedStore,new_order,28,2,100,64582.9,59558.4,67330.0
PartitionedStore,new_order,28,4,0,314115.0,295907.0,314052.0
PartitionedStore,new_order,28,4,10,91083.5,87953.9,92701.1
PartitionedStore,new_order,28,4,20,79177.1,79790.7,78390.7
PartitionedStore,new_order,28,4,30,74862.9,69912.2,73859.1
PartitionedStore,new_order,28,4,40,74844.8,60641.2,71115.9
PartitionedStore,new_order,28,4,50,72096.2,72011.0,71820.3
PartitionedStore,new_order,28,4,60,73133.2,60412.7,70958.8
PartitionedStore,new_order,28,4,70,72654.0,68795.7,68463.5
PartitionedStore,new_order,28,4,80,73345.8,67964.9,67727.3
PartitionedStore,new_order,28,4,90,72472.2,69665.1,70365.6
PartitionedStore,new_order,28,4,100,73082.8,66233.6,71639.6
PartitionedStore,new_order,28,8,0,611360.5,621551.0,608864.0
PartitionedStore,new_order,28,8,10,141293.0,138862.0,127469.0
PartitionedStore,new_order,28,8,20,97991.8,96743.0,98270.0
PartitionedStore,new_order,28,8,30,86013.55,80911.35,81879.9
PartitionedStore,new_order,28,8,40,77194.25,75322.84,76382.4
PartitionedStore,new_order,28,8,50,72098.75,71385.9,72100.0
PartitionedStore,new_order,28,8,60,69378.6,69024.5,69854.0
PartitionedStore,new_order,28,8,70,69504.85,66553.3,69222.8
PartitionedStore,new_order,28,8,80,68624.05,66815.0,68586.7
PartitionedStore,new_order,28,8,90,68168.9,67430.5,64759.2
PartitionedStore,new_order,28,8,100,69288.35,70432.95,69175.3
PartitionedStore,new_order,28,16,0,1224915.0,1211910.0,1223870.0
PartitionedStore,new_order,28,16,10,227292.5,235525.5,241087.0
PartitionedStore,new_order,28,16,20,145839.5,139098.0,141643.0
PartitionedStore,new_order,28,16,30,104488.0,103468.0,106043.0
PartitionedStore,new_order,28,16,40,89982.45,86659.6,88441.9
PartitionedStore,new_order,28,16,50,77966.3,78253.5,79226.4
PartitionedStore,new_order,28,16,60,74831.35,72088.9,75702.8
PartitionedStore,new_order,28,16,70,71394.05,69066.05,71470.2
PartitionedStore,new_order,28,16,80,67713.8,66010.0,64134.6
PartitionedStore,new_order,28,16,90,66298.0,68440.7,62676.9
PartitionedStore,new_order,28,16,100,66057.1,67737.35,66501.1
PartitionedStore,new_order,28,32,0,2086795.0,2116070.0,2155470.0
PartitionedStore,new_order,28,32,10,461254.5,483381.5,495330.0
PartitionedStore,new_order,28,32,20,229995.5,246660.0,243245.0
PartitionedStore,new_order,28,32,30,158982.5,166158.0,158081.0
PartitionedStore,new_order,28,32,40,120623.5,118836.0,120635.0
PartitionedStore,new_order,28,32,50,98675.4,98266.35,95333.0
PartitionedStore,new_order,28,32,60,87933.45,86560.75,85360.9
PartitionedStore,new_order,28,32,70,80200.41,77143.16,79959.9
PartitionedStore,new_order,28,32,80,71877.15,74575.7,73051.91
PartitionedStore,new_order,28,32,90,69172.5,65947.75,67696.0
PartitionedStore,new_order,28,32,100,66564.59,66176.05,66739.6
PartitionedStore,new_order,28,64,0,1953210.0,1966400.0,1927790.0
PartitionedStore,new_order,28,64,10,756519.0,757461.0,708839.0
PartitionedStore,new_order,28,64,20,367058.0,389760.0,369472.0
PartitionedStore,new_order,28,64,30,242806.0,235681.0,241472.0
PartitionedStore,new_order,28,64,40,178428.0,169869.0,175858.0
PartitionedStore,new_order,28,64,50,128553.0,135210.0,128183.0
PartitionedStore,new_order,28,64,60,112921.0,109780.0,112943.0
PartitionedStore,new_order,28,64,70,96008.5,88973.2,97059.4
PartitionedStore,new_order,28,64,80,86107.0,85236.0,87443.1
PartitionedStore,new_order,28,64,90,75558.6,76899.4,75157.6
PartitionedStore,new_order,28,64,100,72362.7,71119.3,70433.8
PartitionedStore,new_order,28,128,0,1801340.0,1839140.0,1831520.0
PartitionedStore,new_order,28,128,10,1080410.0,1056480.0,1111790.0
PartitionedStore,new_order,28,128,20,621064.0,621383.0,621714.0
PartitionedStore,new_order,28,128,30,385673.0,381711.0,401272.0
PartitionedStore,new_order,28,128,40,268233.0,256839.0,283661.0
PartitionedStore,new_order,28,128,50,203859.0,213078.0,207869.0
PartitionedStore,new_order,28,128,60,162173.0,167207.0,162891.0
PartitionedStore,new_order,28,128,70,140474.0,135441.0,135576.0
PartitionedStore,new_order,28,128,80,118462.0,120100.0,114651.0
PartitionedStore,new_order,28,128,90,97608.1,99405.2,103897.0
PartitionedStore,new_order,28,128,100,93542.2,89507.4,90819.3
PartitionedStore,new_order,28,256,0,1585940.0,1596930.0,1621540.0
PartitionedStore,new_order,28,256,10,1296810.0,1255200.0,1303290.0
PartitionedStore,new_order,28,256,20,872406.0,929409.0,850398.0
PartitionedStore,new_order,28,256,30,607770.0,615276.0,624332.0
PartitionedStore,new_order,28,256,40,436330.0,427761.0,421614.0
PartitionedStore,new_order,28,256,50,321795.0,342308.0,322344.0
PartitionedStore,new_order,28,256,60,255277.0,262518.0,261177.0
PartitionedStore,new_order,28,256,70,222598.0,212946.0,213135.0
PartitionedStore,new_order,28,256,80,178699.0,178643.0,177608.0
PartitionedStore,new_order,28,256,90,154524.0,156315.0,148667.0
PartitionedStore,new_order,28,256,100,133449.0,129574.0,131622.0
PartitionedStore,new_order,28,512,0,1538020.0,1506070.0,1502160.0
PartitionedStore,new_order,28,512,10,1280060.0,1211040.0,1283650.0
PartitionedStore,new_order,28,512,20,1082040.0,1083130.0,1059780.0
PartitionedStore,new_order,28,512,30,834627.0,808486.0,834491.0
PartitionedStore,new_order,28,512,40,666974.0,650794.0,641136.0
PartitionedStore,new_order,28,512,50,513338.0,510526.0,513287.0
PartitionedStore,new_order,28,512,60,410555.0,409326.0,402839.0
PartitionedStore,new_order,28,512,70,335706.0,335907.0,329203.0
PartitionedStore,new_order,28,512,80,283904.0,284156.0,274828.0
PartitionedStore,new_order,28,512,90,233194.0,241312.0,233378.0
PartitionedStore,new_order,28,512,100,208131.0,208972.0,201945.0
Silo,NP,1,1,N/A,99699.8,99427.7,108375.0
Silo,NP,1,2,N/A,80463.5,91964.0,97385.3
Silo,NP,1,4,N/A,74902.1,87199.2,91638.8
Silo,NP,1,8,N/A,73616.0,81901.8,86584.3
Silo,NP,1,16,N/A,70823.6,79085.3,80861.2
Silo,NP,1,32,N/A,66972.2,74726.0,76953.0
Silo,NP,1,64,N/A,64707.4,71552.5,72942.0
Silo,NP,1,128,N/A,61610.6,64721.5,69732.8
Silo,NP,1,256,N/A,57781.5,63640.0,64333.0
Silo,NP,1,512,N/A,,,76.0313
Silo,NP,2,1,N/A,111284.0,121984.0,120674.0
Silo,NP,2,2,N/A,181871.0,194606.0,186966.0
Silo,NP,2,4,N/A,167052.0,185184.0,186815.0
Silo,NP,2,8,N/A,158171.0,172492.0,172686.0
Silo,NP,2,16,N/A,149033.0,165335.0,163367.0
Silo,NP,2,32,N/A,142814.0,155754.0,154999.0
Silo,NP,2,64,N/A,138208.0,150748.0,150447.0
Silo,NP,2,128,N/A,131968.0,144963.0,141796.0
Silo,NP,2,256,N/A,124140.0,133838.0,133288.0
Silo,NP,2,512,N/A,,204.589,217.718
Silo,NP,4,1,N/A,132113.0,133915.0,149317.0
Silo,NP,4,2,N/A,232857.0,228836.0,261707.0
Silo,NP,4,4,N/A,330997.0,348672.0,374537.0
Silo,NP,4,8,N/A,309345.0,316709.0,353603.0
Silo,NP,4,16,N/A,294620.0,313420.0,334323.0
Silo,NP,4,32,N/A,277133.0,286942.0,314715.0
Silo,NP,4,64,N/A,265268.0,276809.0,301109.0
Silo,NP,4,128,N/A,254400.0,261118.0,283948.0
Silo,NP,4,256,N/A,240813.0,244873.0,268809.0
Silo,NP,4,512,N/A,,1850.88,6532.42
Silo,NP,8,1,N/A,131064.0,132696.0,149545.0
Silo,NP,8,2,N/A,238618.0,237331.0,285873.0
Silo,NP,8,4,N/A,390304.0,387802.0,456206.0
Silo,NP,8,8,N/A,552688.0,574670.0,608004.0
Silo,NP,8,16,N/A,522979.0,494163.0,612066.0
Silo,NP,8,32,N/A,495285.0,502252.0,588989.0
Silo,NP,8,64,N/A,465853.0,478143.0,555905.0
Silo,NP,8,128,N/A,445248.0,451033.0,529579.0
Silo,NP,8,256,N/A,426319.0,432819.0,498726.0
Silo,NP,8,512,N/A,,912.126,12787.1
Silo,NP,16,1,N/A,107847.0,110694.0,156079.0
Silo,NP,16,2,N/A,199357.0,153155.0,303664.0
Silo,NP,16,4,N/A,321477.0,339502.0,493020.0
Silo,NP,16,8,N/A,532295.0,557280.0,848854.0
Silo,NP,16,16,N/A,779464.0,773629.0,1231130.0
Silo,NP,16,32,N/A,734308.0,774217.0,1109330.0
Silo,NP,16,64,N/A,644000.0,648774.0,1100310.0
Silo,NP,16,128,N/A,659802.0,584800.0,998839.0
Silo,NP,16,256,N/A,533695.0,630003.0,979588.0
Silo,NP,16,512,N/A,,,
Silo,NP,28,1,N/A,87123.3,78791.4,
Silo,NP,28,2,N/A,123153.0,142872.0,
Silo,NP,28,4,N/A,191158.0,197013.0,
Silo,NP,28,8,N/A,322987.0,,
Silo,NP,28,16,N/A,512273.0,,
Silo,NP,28,32,N/A,717208.0,,
Silo,NP,28,64,N/A,747742.0,,1906060.0
Silo,NP,28,128,N/A,600887.0,,1782570.0
Silo,NP,28,256,N/A,648887.0,,1629510.0
Silo,NP,28,512,N/A,,,
Silo,all,1,1,N/A,61361.7,60272.5,60939.2
Silo,all,1,2,N/A,66636.0,61820.7,65792.6
Silo,all,1,4,N/A,67678.7,63824.6,67654.2
Silo,all,1,8,N/A,67254.5,65257.9,68596.3
Silo,all,1,16,N/A,65006.6,63207.5,64171.7
Silo,all,1,32,N/A,60526.3,59317.6,61265.1
Silo,all,1,64,N/A,57419.6,54339.0,56682.5
Silo,all,1,128,N/A,53642.3,50310.9,53846.8
Silo,all,1,256,N/A,50366.9,47321.2,49454.7
Silo,all,1,512,N/A,41.8555,,47.676
Silo,all,2,1,N/A,87282.5,91281.9,86271.2
Silo,all,2,2,N/A,117214.0,114957.0,114171.0
Silo,all,2,4,N/A,124930.0,125478.0,125761.0
Silo,all,2,8,N/A,134201.0,128505.0,128995.0
Silo,all,2,16,N/A,128281.0,128292.0,127536.0
Silo,all,2,32,N/A,123236.0,123147.0,126413.0
Silo,all,2,64,N/A,117224.0,118412.0,117821.0
Silo,all,2,128,N/A,113216.0,112829.0,113011.0
Silo,all,2,256,N/A,103956.0,104327.0,103266.0
Silo,all,2,512,N/A,58.3059,114.834,78.3503
Silo,all,4,1,N/A,129230.0,118110.0,131470.0
Silo,all,4,2,N/A,185579.0,167390.0,185776.0
Silo,all,4,4,N/A,222062.0,205901.0,230471.0
Silo,all,4,8,N/A,237292.0,222874.0,243977.0
Silo,all,4,16,N/A,247268.0,226856.0,248817.0
Silo,all,4,32,N/A,241421.0,227133.0,240784.0
Silo,all,4,64,N/A,231478.0,217892.0,233368.0
Silo,all,4,128,N/A,218447.0,203277.0,219967.0
Silo,all,4,256,N/A,204833.0,190104.0,207385.0
Silo,all,4,512,N/A,3844.09,1414.5,6403.12
Silo,all,8,1,N/A,152358.0,139550.0,158238.0
Silo,all,8,2,N/A,249548.0,213019.0,215082.0
Silo,all,8,4,N/A,334351.0,280660.0,333012.0
Silo,all,8,8,N/A,380805.0,342743.0,400766.0
Silo,all,8,16,N/A,434463.0,369000.0,434546.0
Silo,all,8,32,N/A,410982.0,377233.0,435126.0
Silo,all,8,64,N/A,400864.0,345843.0,423021.0
Silo,all,8,128,N/A,406677.0,348435.0,394422.0
Silo,all,8,256,N/A,386145.0,333550.0,363631.0
Silo,all,8,512,N/A,,,
Silo,all,16,1,N/A,212976.0,150363.0,209702.0
Silo,all,16,2,N/A,314848.0,207539.0,292595.0
Silo,all,16,4,N/A,443255.0,305650.0,459935.0
Silo,all,16,8,N/A,603452.0,414853.0,625884.0
Silo,all,16,16,N/A,753259.0,482495.0,755560.0
Silo,all,16,32,N/A,797607.0,504732.0,729080.0
Silo,all,16,64,N/A,794167.0,514764.0,769224.0
Silo,all,16,128,N/A,761597.0,521210.0,768628.0
Silo,all,16,256,N/A,731098.0,471845.0,734810.0
Silo,all,16,512,N/A,,,1177.19
Silo,all,28,1,N/A,239578.0,118019.0,
Silo,all,28,2,N/A,411797.0,170787.0,
Silo,all,28,4,N/A,572554.0,232519.0,
Silo,all,28,8,N/A,820570.0,,
Silo,all,28,16,N/A,1071890.0,,
Silo,all,28,32,N/A,1213080.0,,
Silo,all,28,64,N/A,1214390.0,,1297860.0
Silo,all,28,128,N/A,1291740.0,,1247360.0
Silo,all,28,256,N/A,1194700.0,,1215160.0
Silo,all,28,512,N/A,,,
Silo,new_order,1,1,0,74439.3,73008.3,74213.4
Silo,new_order,1,1,10,74200.2,73513.5,74099.3
Silo,new_order,1,1,20,74553.6,72317.1,74882.7
Silo,new_order,1,1,30,74890.3,70481.9,74812.0
Silo,new_order,1,1,40,74674.8,70789.7,74085.8
Silo,new_order,1,1,50,75043.0,70345.6,74243.6
Silo,new_order,1,1,60,66440.3,69283.4,73933.6
Silo,new_order,1,1,70,65749.5,70818.5,73637.2
Silo,new_order,1,1,80,65836.9,70112.1,73659.2
Silo,new_order,1,1,90,66643.8,69579.8,74366.7
Silo,new_order,1,1,100,68145.6,70069.1,73942.4
Silo,new_order,1,2,0,68834.3,64503.3,69492.9
Silo,new_order,1,2,10,68143.0,62964.5,67734.7
Silo,new_order,1,2,20,67528.0,63461.0,66966.4
Silo,new_order,1,2,30,66408.2,62776.8,65471.2
Silo,new_order,1,2,40,66350.7,61894.1,64618.5
Silo,new_order,1,2,50,66475.6,62298.0,64849.6
Silo,new_order,1,2,60,59066.2,62034.0,65326.8
Silo,new_order,1,2,70,58306.6,61729.8,66214.8
Silo,new_order,1,2,80,58914.1,62116.8,65443.4
Silo,new_order,1,2,90,57399.6,62134.3,65956.1
Silo,new_order,1,2,100,57933.9,63972.8,65374.3
Silo,new_order,1,4,0,65595.5,62561.9,64778.6
Silo,new_order,1,4,10,63862.3,60160.2,64548.3
Silo,new_order,1,4,20,63715.4,61520.6,63737.0
Silo,new_order,1,4,30,62907.5,61210.0,63686.1
Silo,new_order,1,4,40,62421.2,60690.4,63233.2
Silo,new_order,1,4,50,63148.6,60608.0,62766.9
Silo,new_order,1,4,60,54001.2,58289.6,62602.3
Silo,new_order,1,4,70,54316.0,60690.0,61298.6
Silo,new_order,1,4,80,54423.1,59376.3,62797.0
Silo,new_order,1,4,90,55338.2,58506.2,62281.2
Silo,new_order,1,4,100,54764.9,60646.0,62858.7
Silo,new_order,1,8,0,61897.8,59711.0,61520.0
Silo,new_order,1,8,10,60641.7,58793.7,61078.5
Silo,new_order,1,8,20,60441.7,58153.0,58827.6
Silo,new_order,1,8,30,59620.7,58016.7,59740.2
Silo,new_order,1,8,40,59496.7,57168.5,59127.2
Silo,new_order,1,8,50,58889.9,57176.8,58957.5
Silo,new_order,1,8,60,51548.9,57096.0,59379.4
Silo,new_order,1,8,70,52578.8,56819.9,58980.0
Silo,new_order,1,8,80,52557.8,57287.5,58531.3
Silo,new_order,1,8,90,52586.0,57374.9,56470.5
Silo,new_order,1,8,100,49994.3,57714.3,58642.8
Silo,new_order,1,16,0,58393.4,56538.2,57990.3
Silo,new_order,1,16,10,57408.4,56309.4,57572.5
Silo,new_order,1,16,20,56754.9,54343.8,56538.9
Silo,new_order,1,16,30,56474.4,54248.8,56526.3
Silo,new_order,1,16,40,56252.5,55146.0,55491.7
Silo,new_order,1,16,50,56523.1,54600.6,55718.4
Silo,new_order,1,16,60,49945.0,54397.4,56041.5
Silo,new_order,1,16,70,50428.5,53861.2,55510.6
Silo,new_order,1,16,80,48973.5,53679.6,55251.4
Silo,new_order,1,16,90,50621.8,53982.5,55993.6
Silo,new_order,1,16,100,51048.8,53921.5,55487.6
Silo,new_order,1,32,0,55405.0,53301.6,54545.8
Silo,new_order,1,32,10,54845.5,52245.3,54152.4
Silo,new_order,1,32,20,54367.0,50959.0,53420.5
Silo,new_order,1,32,30,53985.3,51922.7,52823.4
Silo,new_order,1,32,40,53111.7,51669.8,52592.1
Silo,new_order,1,32,50,53116.6,51167.9,52654.3
Silo,new_order,1,32,60,47670.7,51514.1,52362.9
Silo,new_order,1,32,70,47574.8,50788.3,51627.7
Silo,new_order,1,32,80,49988.1,51164.5,52320.8
Silo,new_order,1,32,90,47560.7,50789.1,51875.8
Silo,new_order,1,32,100,46548.9,49122.2,52115.4
Silo,new_order,1,64,0,51875.4,50908.1,51761.0
Silo,new_order,1,64,10,52280.3,49951.9,51408.1
Silo,new_order,1,64,20,51851.4,50159.1,51300.3
Silo,new_order,1,64,30,50477.0,50023.4,50543.7
Silo,new_order,1,64,40,50557.9,47923.0,50042.0
Silo,new_order,1,64,50,49728.9,47395.2,49760.3
Silo,new_order,1,64,60,45598.5,48210.9,49641.6
Silo,new_order,1,64,70,45623.6,48572.5,49361.7
Silo,new_order,1,64,80,45332.4,48009.8,49724.4
Silo,new_order,1,64,90,44562.6,48264.0,48690.2
Silo,new_order,1,64,100,44709.7,47394.4,49699.4
Silo,new_order,1,128,0,48497.9,47895.7,49042.4
Silo,new_order,1,128,10,48017.8,47478.7,47944.2
Silo,new_order,1,128,20,47580.4,47241.0,47829.5
Silo,new_order,1,128,30,47876.7,46353.0,47404.4
Silo,new_order,1,128,40,47642.1,44979.4,47456.6
Silo,new_order,1,128,50,47274.5,45339.4,47087.8
Silo,new_order,1,128,60,42339.5,44888.2,45514.8
Silo,new_order,1,128,70,42114.2,44349.5,46256.5
Silo,new_order,1,128,80,42056.3,44569.2,45752.2
Silo,new_order,1,128,90,42557.7,44363.9,45607.8
Silo,new_order,1,128,100,41790.3,44247.3,45841.3
Silo,new_order,1,256,0,44938.8,44418.0,44888.2
Silo,new_order,1,256,10,43965.8,43875.3,44741.4
Silo,new_order,1,256,20,44376.3,42205.0,44564.4
Silo,new_order,1,256,30,43834.0,43005.8,44161.2
Silo,new_order,1,256,40,43634.2,42535.7,43931.4
Silo,new_order,1,256,50,42982.3,42697.0,42982.8
Silo,new_order,1,256,60,39732.7,41515.6,42504.5
Silo,new_order,1,256,70,39648.1,42253.2,43021.9
Silo,new_order,1,256,80,40430.3,42178.7,42709.1
Silo,new_order,1,256,90,38851.4,42201.6,42622.3
Silo,new_order,1,256,100,38983.5,42297.3,42621.8
Silo,new_order,1,512,0,20752.795,41762.9,21159.588
Silo,new_order,1,512,10,20906.652,41397.8,20939.885
Silo,new_order,1,512,20,20693.111,41082.8,20378.48
Silo,new_order,1,512,30,40360.4,40590.0,20516.041
Silo,new_order,1,512,40,20171.705,40672.3,20152.521
Silo,new_order,1,512,50,20210.723,40358.2,19928.703
Silo,new_order,1,512,60,40153.5,39783.4,19924.38
Silo,new_order,1,512,70,39822.7,39336.2,19662.975
Silo,new_order,1,512,80,39478.8,39838.8,19770.031
Silo,new_order,1,512,90,39707.7,39781.6,19881.666
Silo,new_order,1,512,100,38897.7,39700.1,19858.629
Silo,new_order,2,1,0,120740.0,120586.0,120308.0
Silo,new_order,2,1,10,120525.0,120853.0,120517.0
Silo,new_order,2,1,20,120948.0,121070.0,120055.0
Silo,new_order,2,1,30,121027.0,120819.0,121074.0
Silo,new_order,2,1,40,121002.0,120246.0,119526.0
Silo,new_order,2,1,50,120226.0,120296.0,120774.0
Silo,new_order,2,1,60,114603.0,121002.0,118845.0
Silo,new_order,2,1,70,115824.0,120983.0,120481.0
Silo,new_order,2,1,80,115558.0,120076.0,120245.0
Silo,new_order,2,1,90,114658.0,120151.0,120712.0
Silo,new_order,2,1,100,116380.0,120111.0,119883.0
Silo,new_order,2,2,0,143856.0,144144.0,143198.0
Silo,new_order,2,2,10,136969.0,137081.0,137195.0
Silo,new_order,2,2,20,135825.0,134453.0,132710.0
Silo,new_order,2,2,30,131512.0,133271.0,131667.0
Silo,new_order,2,2,40,132409.0,131612.0,131673.0
Silo,new_order,2,2,50,131357.0,131104.0,130783.0
Silo,new_order,2,2,60,125258.0,130765.0,130773.0
Silo,new_order,2,2,70,126303.0,132276.0,132222.0
Silo,new_order,2,2,80,126351.0,132296.0,132644.0
Silo,new_order,2,2,90,125387.0,135632.0,134882.0
Silo,new_order,2,2,100,129600.0,136979.0,137978.0
Silo,new_order,2,4,0,136120.0,136885.0,136009.0
Silo,new_order,2,4,10,130880.0,131224.0,131030.0
Silo,new_order,2,4,20,129037.0,129160.0,128333.0
Silo,new_order,2,4,30,127020.0,127428.0,126187.0
Silo,new_order,2,4,40,124948.0,125557.0,123631.0
Silo,new_order,2,4,50,124908.0,124705.0,123839.0
Silo,new_order,2,4,60,118788.0,124416.0,124775.0
Silo,new_order,2,4,70,118432.0,123623.0,124332.0
Silo,new_order,2,4,80,118357.0,123572.0,122673.0
Silo,new_order,2,4,90,117489.0,125393.0,124677.0
Silo,new_order,2,4,100,118015.0,124755.0,124658.0
Silo,new_order,2,8,0,129915.0,130075.0,130619.0
Silo,new_order,2,8,10,125478.0,124964.0,125429.0
Silo,new_order,2,8,20,123200.0,122314.0,123248.0
Silo,new_order,2,8,30,120338.0,121457.0,119646.0
Silo,new_order,2,8,40,119686.0,118962.0,118044.0
Silo,new_order,2,8,50,118526.0,118113.0,117183.0
Silo,new_order,2,8,60,113339.0,118081.0,118114.0
Silo,new_order,2,8,70,111994.0,117574.0,116753.0
Silo,new_order,2,8,80,113374.0,117543.0,116103.0
Silo,new_order,2,8,90,111589.0,117198.0,118198.0
Silo,new_order,2,8,100,112867.0,116823.0,116614.0
Silo,new_order,2,16,0,122723.0,122933.0,121600.0
Silo,new_order,2,16,10,118142.0,118316.0,117157.0
Silo,new_order,2,16,20,116352.0,116068.0,116537.0
Silo,new_order,2,16,30,113924.0,114932.0,114217.0
Silo,new_order,2,16,40,113324.0,113072.0,111750.0
Silo,new_order,2,16,50,112299.0,112284.0,112275.0
Silo,new_order,2,16,60,107341.0,111176.0,111104.0
Silo,new_order,2,16,70,105787.0,111046.0,110828.0
Silo,new_order,2,16,80,105080.0,110642.0,110331.0
Silo,new_order,2,16,90,105144.0,110501.0,108964.0
Silo,new_order,2,16,100,105063.0,110235.0,109865.0
Silo,new_order,2,32,0,116590.0,115720.0,115592.0
Silo,new_order,2,32,10,111736.0,112089.0,111931.0
Silo,new_order,2,32,20,109903.0,110124.0,109683.0
Silo,new_order,2,32,30,107638.0,108076.0,107745.0
Silo,new_order,2,32,40,106609.0,106914.0,106150.0
Silo,new_order,2,32,50,105524.0,105285.0,105850.0
Silo,new_order,2,32,60,98591.0,104714.0,104469.0
Silo,new_order,2,32,70,99267.5,103789.0,101970.0
Silo,new_order,2,32,80,98971.8,103756.0,102929.0
Silo,new_order,2,32,90,97718.2,103217.0,102408.0
Silo,new_order,2,32,100,98696.6,103048.0,102326.0
Silo,new_order,2,64,0,111077.0,110653.0,109511.0
Silo,new_order,2,64,10,106982.0,106594.0,105710.0
Silo,new_order,2,64,20,105151.0,104728.0,102900.0
Silo,new_order,2,64,30,102581.0,103018.0,101837.0
Silo,new_order,2,64,40,100617.0,101213.0,101172.0
Silo,new_order,2,64,50,100230.0,100021.0,98748.3
Silo,new_order,2,64,60,93773.3,98204.8,98201.4
Silo,new_order,2,64,70,94023.9,98598.9,98338.8
Silo,new_order,2,64,80,93366.6,98900.5,98334.6
Silo,new_order,2,64,90,92977.5,97802.9,97237.3
Silo,new_order,2,64,100,91767.8,97157.7,96052.2
Silo,new_order,2,128,0,104842.0,104995.0,103340.0
Silo,new_order,2,128,10,101631.0,101553.0,101013.0
Silo,new_order,2,128,20,99433.3,99163.5,99677.8
Silo,new_order,2,128,30,97284.7,96884.1,97647.0
Silo,new_order,2,128,40,96052.8,96034.4,94877.7
Silo,new_order,2,128,50,94666.5,94854.7,94078.3
Silo,new_order,2,128,60,89916.9,93216.7,93877.6
Silo,new_order,2,128,70,88533.4,92515.3,92314.2
Silo,new_order,2,128,80,87189.9,92002.4,91349.5
Silo,new_order,2,128,90,86578.4,91607.0,91010.5
Silo,new_order,2,128,100,85427.7,91156.3,90703.1
Silo,new_order,2,256,0,98109.3,98335.7,97400.5
Silo,new_order,2,256,10,94840.8,94873.0,94471.6
Silo,new_order,2,256,20,92630.7,92713.6,92966.5
Silo,new_order,2,256,30,90396.9,90928.7,90984.3
Silo,new_order,2,256,40,89463.8,89643.2,89045.3
Silo,new_order,2,256,50,87461.2,88142.5,87454.4
Silo,new_order,2,256,60,83064.3,87041.3,86930.6
Silo,new_order,2,256,70,82077.3,85302.0,85815.7
Silo,new_order,2,256,80,82043.8,85493.5,84515.3
Silo,new_order,2,256,90,80897.0,84563.6,83959.5
Silo,new_order,2,256,100,80372.8,84343.3,83839.2
Silo,new_order,2,512,0,44998.74,45016.066,90280.6
Silo,new_order,2,512,10,43523.7,87612.5,86910.1
Silo,new_order,2,512,20,42385.547,42255.48,84887.8
Silo,new_order,2,512,30,41730.344,41966.55,41632.746
Silo,new_order,2,512,40,40796.19,41143.574,41285.5
Silo,new_order,2,512,50,40505.4,40599.547,40609.2
Silo,new_order,2,512,60,40144.875,40093.855,40134.316
Silo,new_order,2,512,70,39696.113,79004.0,39588.098
Silo,new_order,2,512,80,39361.03,78521.7,39337.684
Silo,new_order,2,512,90,39091.926,39115.562,39075.668
Silo,new_order,2,512,100,77712.3,38800.25,38992.445
Silo,new_order,4,1,0,197525.0,175500.0,196351.0
Silo,new_order,4,1,10,195068.0,178233.0,197080.0
Silo,new_order,4,1,20,195617.0,177167.0,197032.0
Silo,new_order,4,1,30,195016.0,176158.0,197171.0
Silo,new_order,4,1,40,195532.0,178562.0,195589.0
Silo,new_order,4,1,50,198380.0,179970.0,195230.0
Silo,new_order,4,1,60,174334.0,180222.0,195939.0
Silo,new_order,4,1,70,177132.0,180949.0,198091.0
Silo,new_order,4,1,80,178781.0,177935.0,198363.0
Silo,new_order,4,1,90,175593.0,176198.0,195435.0
Silo,new_order,4,1,100,175564.0,176988.0,197518.0
Silo,new_order,4,2,0,249760.0,227557.0,253185.0
Silo,new_order,4,2,10,240174.0,218957.0,241367.0
Silo,new_order,4,2,20,233080.0,213407.0,234641.0
Silo,new_order,4,2,30,233674.0,207673.0,230290.0
Silo,new_order,4,2,40,229765.0,207509.0,230486.0
Silo,new_order,4,2,50,231257.0,206645.0,229290.0
Silo,new_order,4,2,60,207695.0,206560.0,229524.0
Silo,new_order,4,2,70,206482.0,208739.0,231609.0
Silo,new_order,4,2,80,212553.0,211455.0,232765.0
Silo,new_order,4,2,90,215675.0,210690.0,238430.0
Silo,new_order,4,2,100,221187.0,215863.0,242804.0
Silo,new_order,4,4,0,274745.0,249288.0,279031.0
Silo,new_order,4,4,10,264234.0,239915.0,263874.0
Silo,new_order,4,4,20,258934.0,231699.0,255427.0
Silo,new_order,4,4,30,252496.0,228402.0,255284.0
Silo,new_order,4,4,40,248163.0,224186.0,251231.0
Silo,new_order,4,4,50,246886.0,224801.0,249880.0
Silo,new_order,4,4,60,221936.0,221640.0,247086.0
Silo,new_order,4,4,70,226154.0,223753.0,249519.0
Silo,new_order,4,4,80,223293.0,226244.0,247736.0
Silo,new_order,4,4,90,187725.0,225406.0,246673.0
Silo,new_order,4,4,100,226498.0,226945.0,250670.0
Silo,new_order,4,8,0,216087.0,234657.0,264703.0
Silo,new_order,4,8,10,247430.0,225809.0,249273.0
Silo,new_order,4,8,20,240215.0,221962.0,243286.0
Silo,new_order,4,8,30,236269.0,219928.0,242734.0
Silo,new_order,4,8,40,236296.0,217594.0,238935.0
Silo,new_order,4,8,50,233672.0,215705.0,237654.0
Silo,new_order,4,8,60,213563.0,213476.0,196295.0
Silo,new_order,4,8,70,211495.0,212693.0,234234.0
Silo,new_order,4,8,80,211381.0,211966.0,232031.0
Silo,new_order,4,8,90,210772.0,215194.0,231877.0
Silo,new_order,4,8,100,214665.0,215435.0,233610.0
Silo,new_order,4,16,0,246326.0,223375.0,248628.0
Silo,new_order,4,16,10,234781.0,214149.0,235569.0
Silo,new_order,4,16,20,228756.0,210001.0,229612.0
Silo,new_order,4,16,30,223545.0,207032.0,227218.0
Silo,new_order,4,16,40,219841.0,203442.0,224965.0
Silo,new_order,4,16,50,219979.0,202790.0,222792.0
Silo,new_order,4,16,60,201389.0,202398.0,220368.0
Silo,new_order,4,16,70,200948.0,199971.0,219123.0
Silo,new_order,4,16,80,199654.0,199683.0,216428.0
Silo,new_order,4,16,90,199968.0,199499.0,218131.0
Silo,new_order,4,16,100,200554.0,199561.0,217344.0
Silo,new_order,4,32,0,229400.0,210576.0,232840.0
Silo,new_order,4,32,10,221522.0,200603.0,220655.0
Silo,new_order,4,32,20,216150.0,196439.0,217485.0
Silo,new_order,4,32,30,211352.0,195310.0,213327.0
Silo,new_order,4,32,40,208929.0,194467.0,209666.0
Silo,new_order,4,32,50,207274.0,188496.0,208979.0
Silo,new_order,4,32,60,186290.0,188330.0,204364.0
Silo,new_order,4,32,70,189841.0,186400.0,204251.0
Silo,new_order,4,32,80,185289.0,186676.0,203998.0
Silo,new_order,4,32,90,185082.0,187132.0,202722.0
Silo,new_order,4,32,100,185587.0,162520.0,202021.0
Silo,new_order,4,64,0,219582.0,201335.0,220149.0
Silo,new_order,4,64,10,211227.0,192053.0,212472.0
Silo,new_order,4,64,20,205966.0,190312.0,205538.0
Silo,new_order,4,64,30,200949.0,184369.0,201381.0
Silo,new_order,4,64,40,198816.0,184124.0,198680.0
Silo,new_order,4,64,50,195818.0,180680.0,194819.0
Silo,new_order,4,64,60,177562.0,179193.0,193782.0
Silo,new_order,4,64,70,176890.0,176208.0,192907.0
Silo,new_order,4,64,80,177790.0,175001.0,191427.0
Silo,new_order,4,64,90,176342.0,174892.0,191484.0
Silo,new_order,4,64,100,178140.0,173485.0,191250.0
Silo,new_order,4,128,0,204991.0,191453.0,205741.0
Silo,new_order,4,128,10,199490.0,180758.0,198774.0
Silo,new_order,4,128,20,193869.0,177441.0,194879.0
Silo,new_order,4,128,30,189927.0,174499.0,191436.0
Silo,new_order,4,128,40,186657.0,171409.0,187929.0
Silo,new_order,4,128,50,183548.0,168762.0,185471.0
Silo,new_order,4,128,60,170714.0,168003.0,183678.0
Silo,new_order,4,128,70,167783.0,166371.0,181615.0
Silo,new_order,4,128,80,166150.0,169550.0,179653.0
Silo,new_order,4,128,90,166103.0,165364.0,178911.0
Silo,new_order,4,128,100,164823.0,164536.0,176599.0
Silo,new_order,4,256,0,194559.0,178988.0,195312.0
Silo,new_order,4,256,10,187410.0,173605.0,187390.0
Silo,new_order,4,256,20,180229.0,169860.0,182245.0
Silo,new_order,4,256,30,178392.0,163315.0,177570.0
Silo,new_order,4,256,40,175007.0,162362.0,174620.0
Silo,new_order,4,256,50,171220.0,161980.0,171099.0
Silo,new_order,4,256,60,158192.0,159345.0,170680.0
Silo,new_order,4,256,70,157921.0,156607.0,168122.0
Silo,new_order,4,256,80,155044.0,155335.0,166597.0
Silo,new_order,4,256,90,153566.0,153434.0,166678.0
Silo,new_order,4,256,100,155130.0,153623.0,164725.0
Silo,new_order,4,512,0,177231.0,175105.0,174490.0
Silo,new_order,4,512,10,87310.445,87177.07,74971.945
Silo,new_order,4,512,20,169141.0,84816.98,86147.12
Silo,new_order,4,512,30,166298.0,82318.15,84531.82
Silo,new_order,4,512,40,81845.53,81939.13,82684.414
Silo,new_order,4,512,50,80784.04,79682.52,160716.0
Silo,new_order,4,512,60,79408.09,159325.0,79842.73
Silo,new_order,4,512,70,78241.7,78224.37,78546.0
Silo,new_order,4,512,80,154970.0,76427.16,78391.055
Silo,new_order,4,512,90,152938.0,153684.0,77477.61
Silo,new_order,4,512,100,152421.0,152953.0,76683.445
Silo,new_order,8,1,0,242645.0,222441.0,261416.0
Silo,new_order,8,1,10,266529.0,223567.0,264166.0
Silo,new_order,8,1,20,267315.0,207540.0,219137.0
Silo,new_order,8,1,30,265509.0,208958.0,220224.0
Silo,new_order,8,1,40,267619.0,226650.0,240839.0
Silo,new_order,8,1,50,265818.0,226211.0,264204.0
Silo,new_order,8,1,60,208314.0,210001.0,263549.0
Silo,new_order,8,1,70,221874.0,223111.0,240358.0
Silo,new_order,8,1,80,205214.0,224494.0,239192.0
Silo,new_order,8,1,90,223371.0,225215.0,265845.0
Silo,new_order,8,1,100,222472.0,224862.0,264196.0
Silo,new_order,8,2,0,384461.0,318389.0,381098.0
Silo,new_order,8,2,10,362992.0,307599.0,362937.0
Silo,new_order,8,2,20,356111.0,297039.0,354698.0
Silo,new_order,8,2,30,323690.0,293006.0,348184.0
Silo,new_order,8,2,40,321649.0,290259.0,348608.0
Silo,new_order,8,2,50,348930.0,287810.0,320693.0
Silo,new_order,8,2,60,288861.0,268929.0,290438.0
Silo,new_order,8,2,70,290498.0,291419.0,349117.0
Silo,new_order,8,2,80,299318.0,295048.0,354211.0
Silo,new_order,8,2,90,296660.0,280893.0,357407.0
Silo,new_order,8,2,100,304550.0,302886.0,333931.0
Silo,new_order,8,4,0,451545.0,372412.0,450929.0
Silo,new_order,8,4,10,427263.0,360796.0,421697.0
Silo,new_order,8,4,20,418707.0,329073.0,414462.0
Silo,new_order,8,4,30,411482.0,347361.0,380346.0
Silo,new_order,8,4,40,377349.0,341275.0,397075.0
Silo,new_order,8,4,50,403784.0,325408.0,401591.0
Silo,new_order,8,4,60,334329.0,338929.0,400213.0
Silo,new_order,8,4,70,333132.0,336011.0,395918.0
Silo,new_order,8,4,80,312499.0,335948.0,399164.0
Silo,new_order,8,4,90,333948.0,340089.0,400504.0
Silo,new_order,8,4,100,334548.0,319118.0,404596.0
Silo,new_order,8,8,0,494375.0,407289.0,485316.0
Silo,new_order,8,8,10,463972.0,391802.0,418860.0
Silo,new_order,8,8,20,454115.0,360801.0,444855.0
Silo,new_order,8,8,30,445473.0,375734.0,404081.0
Silo,new_order,8,8,40,407463.0,372231.0,430014.0
Silo,new_order,8,8,50,436231.0,341400.0,427671.0
Silo,new_order,8,8,60,361624.0,364937.0,424447.0
Silo,new_order,8,8,70,358756.0,357312.0,410892.0
Silo,new_order,8,8,80,358403.0,359705.0,421192.0
Silo,new_order,8,8,90,359765.0,356995.0,418189.0
Silo,new_order,8,8,100,317190.0,357657.0,422981.0
Silo,new_order,8,16,0,428846.0,362333.0,457497.0
Silo,new_order,8,16,10,435635.0,366411.0,428364.0
Silo,new_order,8,16,20,426366.0,337701.0,418043.0
Silo,new_order,8,16,30,420317.0,351736.0,413184.0
Silo,new_order,8,16,40,408109.0,349731.0,406956.0
Silo,new_order,8,16,50,410440.0,347566.0,403686.0
Silo,new_order,8,16,60,343289.0,342365.0,397352.0
Silo,new_order,8,16,70,342674.0,340054.0,397403.0
Silo,new_order,8,16,80,338641.0,341010.0,395098.0
Silo,new_order,8,16,90,339890.0,324905.0,395459.0
Silo,new_order,8,16,100,341163.0,342743.0,394086.0
Silo,new_order,8,32,0,433903.0,343344.0,424598.0
Silo,new_order,8,32,10,412877.0,344318.0,404718.0
Silo,new_order,8,32,20,400845.0,339840.0,393154.0
Silo,new_order,8,32,30,394299.0,331205.0,386052.0
Silo,new_order,8,32,40,388999.0,330697.0,382253.0
Silo,new_order,8,32,50,385037.0,308101.0,373404.0
Silo,new_order,8,32,60,324603.0,302883.0,374103.0
Silo,new_order,8,32,70,318553.0,316467.0,372394.0
Silo,new_order,8,32,80,322204.0,318274.0,371445.0
Silo,new_order,8,32,90,317237.0,316581.0,368087.0
Silo,new_order,8,32,100,320591.0,315290.0,319304.0
Silo,new_order,8,64,0,412985.0,344578.0,375897.0
Silo,new_order,8,64,10,393017.0,331458.0,385394.0
Silo,new_order,8,64,20,383663.0,322384.0,376785.0
Silo,new_order,8,64,30,375394.0,319423.0,344147.0
Silo,new_order,8,64,40,369740.0,307207.0,363214.0
Silo,new_order,8,64,50,363073.0,306702.0,354778.0
Silo,new_order,8,64,60,305006.0,290589.0,330271.0
Silo,new_order,8,64,70,300233.0,289345.0,329971.0
Silo,new_order,8,64,80,289007.0,302844.0,347468.0
Silo,new_order,8,64,90,299327.0,297183.0,346855.0
Silo,new_order,8,64,100,299542.0,284268.0,347105.0
Silo,new_order,8,128,0,363705.0,327031.0,383015.0
Silo,new_order,8,128,10,375007.0,312758.0,368012.0
Silo,new_order,8,128,20,364085.0,306908.0,311770.0
Silo,new_order,8,128,30,356873.0,304438.0,349662.0
Silo,new_order,8,128,40,349105.0,281470.0,343473.0
Silo,new_order,8,128,50,346414.0,291616.0,316044.0
Silo,new_order,8,128,60,288990.0,284381.0,334289.0
Silo,new_order,8,128,70,285387.0,286513.0,330065.0
Silo,new_order,8,128,80,270846.0,281797.0,327820.0
Silo,new_order,8,128,90,280489.0,277839.0,304126.0
Silo,new_order,8,128,100,281621.0,280254.0,324520.0
Silo,new_order,8,256,0,364274.0,305878.0,356712.0
Silo,new_order,8,256,10,351762.0,297318.0,343840.0
Silo,new_order,8,256,20,320063.0,291730.0,333574.0
Silo,new_order,8,256,30,336211.0,281656.0,327301.0
Silo,new_order,8,256,40,309400.0,282307.0,302662.0
Silo,new_order,8,256,50,322502.0,274287.0,316098.0
Silo,new_order,8,256,60,269167.0,260334.0,312086.0
Silo,new_order,8,256,70,270830.0,268107.0,308895.0
Silo,new_order,8,256,80,265701.0,269566.0,306325.0
Silo,new_order,8,256,90,263340.0,264914.0,303862.0
Silo,new_order,8,256,100,263410.0,267237.0,302007.0
Silo,new_order,8,512,0,337500.0,337475.0,334962.0
Silo,new_order,8,512,10,325802.0,162818.97,165091.38
Silo,new_order,8,512,20,321276.0,161203.39,161520.42
Silo,new_order,8,512,30,158205.38,156836.5,157566.03
Silo,new_order,8,512,40,154760.42,310222.0,144980.28
Silo,new_order,8,512,50,152611.25,152456.81,152380.19
Silo,new_order,8,512,60,300434.0,300745.0,150665.08
Silo,new_order,8,512,70,148605.69,139240.78,148917.4
Silo,new_order,8,512,80,293599.0,146831.27,146983.44
Silo,new_order,8,512,90,145773.67,145882.44,291215.0
Silo,new_order,8,512,100,289499.0,290733.0,145834.5
Silo,new_order,16,1,0,269447.0,200284.0,304384.0
Silo,new_order,16,1,10,269435.0,207401.0,268246.0
Silo,new_order,16,1,20,269026.0,184738.0,269610.0
Silo,new_order,16,1,30,284472.0,191055.0,303550.0
Silo,new_order,16,1,40,286044.0,205978.0,285430.0
Silo,new_order,16,1,50,304173.0,205758.0,303391.0
Silo,new_order,16,1,60,206011.0,207004.0,269030.0
Silo,new_order,16,1,70,183786.0,194352.0,268828.0
Silo,new_order,16,1,80,191493.0,191643.0,302837.0
Silo,new_order,16,1,90,200562.0,202636.0,269008.0
Silo,new_order,16,1,100,189061.0,191365.0,304815.0
Silo,new_order,16,2,0,541943.0,343209.0,540860.0
Silo,new_order,16,2,10,511971.0,328884.0,512049.0
Silo,new_order,16,2,20,448867.0,327147.0,475937.0
Silo,new_order,16,2,30,471589.0,315883.0,497857.0
Silo,new_order,16,2,40,441326.0,331098.0,469980.0
Silo,new_order,16,2,50,494752.0,311054.0,468905.0
Silo,new_order,16,2,60,319027.0,312329.0,470026.0
Silo,new_order,16,2,70,312578.0,332153.0,471169.0
Silo,new_order,16,2,80,314546.0,321090.0,473970.0
Silo,new_order,16,2,90,321085.0,329045.0,508742.0
Silo,new_order,16,2,100,340479.0,335685.0,518733.0
Silo,new_order,16,4,0,672058.0,470382.0,706446.0
Silo,new_order,16,4,10,570448.0,419367.0,604329.0
Silo,new_order,16,4,20,590684.0,425285.0,650612.0
Silo,new_order,16,4,30,582909.0,422511.0,614638.0
Silo,new_order,16,4,40,637305.0,422725.0,607204.0
Silo,new_order,16,4,50,632943.0,398449.0,603398.0
Silo,new_order,16,4,60,425477.0,391547.0,601556.0
Silo,new_order,16,4,70,403597.0,421806.0,575139.0
Silo,new_order,16,4,80,417423.0,391565.0,630077.0
Silo,new_order,16,4,90,410699.0,405629.0,601370.0
Silo,new_order,16,4,100,398874.0,415850.0,636373.0
Silo,new_order,16,8,0,829138.0,551893.0,830133.0
Silo,new_order,16,8,10,740011.0,513121.0,740067.0
Silo,new_order,16,8,20,758009.0,467228.0,758092.0
Silo,new_order,16,8,30,745556.0,459680.0,747440.0
Silo,new_order,16,8,40,738914.0,478948.0,737737.0
Silo,new_order,16,8,50,698358.0,462331.0,671182.0
Silo,new_order,16,8,60,457615.0,459529.0,726883.0
Silo,new_order,16,8,70,469477.0,472432.0,661113.0
Silo,new_order,16,8,80,469672.0,459084.0,691367.0
Silo,new_order,16,8,90,446624.0,468178.0,664648.0
Silo,new_order,16,8,100,481971.0,476235.0,725984.0
Silo,new_order,16,16,0,896938.0,589934.0,895581.0
Silo,new_order,16,16,10,799883.0,534190.0,837162.0
Silo,new_order,16,16,20,781082.0,451341.0,783005.0
Silo,new_order,16,16,30,802113.0,454835.0,802771.0
Silo,new_order,16,16,40,788543.0,459529.0,758373.0
Silo,new_order,16,16,50,780731.0,506918.0,778900.0
Silo,new_order,16,16,60,515340.0,522630.0,772089.0
Silo,new_order,16,16,70,521644.0,512440.0,771495.0
Silo,new_order,16,16,80,499196.0,497723.0,737696.0
Silo,new_order,16,16,90,502378.0,489850.0,704529.0
Silo,new_order,16,16,100,495582.0,500753.0,758407.0
Silo,new_order,16,32,0,841093.0,525377.0,841517.0
Silo,new_order,16,32,10,783224.0,528285.0,789926.0
Silo,new_order,16,32,20,768250.0,496908.0,739503.0
Silo,new_order,16,32,30,743759.0,490204.0,693592.0
Silo,new_order,16,32,40,744172.0,486569.0,742738.0
Silo,new_order,16,32,50,705538.0,479300.0,734741.0
Silo,new_order,16,32,60,481396.0,462125.0,699805.0
Silo,new_order,16,32,70,494858.0,480015.0,723567.0
Silo,new_order,16,32,80,471570.0,473094.0,720270.0
Silo,new_order,16,32,90,459177.0,456357.0,719472.0
Silo,new_order,16,32,100,463680.0,487726.0,715269.0
Silo,new_order,16,64,0,762175.0,510028.0,795948.0
Silo,new_order,16,64,10,720868.0,483252.0,724082.0
Silo,new_order,16,64,20,673611.0,454447.0,731038.0
Silo,new_order,16,64,30,715679.0,451419.0,716179.0
Silo,new_order,16,64,40,706347.0,475918.0,678984.0
Silo,new_order,16,64,50,694311.0,470163.0,669249.0
Silo,new_order,16,64,60,445052.0,450026.0,683356.0
Silo,new_order,16,64,70,444865.0,410174.0,630839.0
Silo,new_order,16,64,80,442535.0,412907.0,651933.0
Silo,new_order,16,64,90,456908.0,426733.0,649775.0
Silo,new_order,16,64,100,441970.0,431572.0,649491.0
Silo,new_order,16,128,0,722007.0,420505.0,752014.0
Silo,new_order,16,128,10,715717.0,474699.0,716576.0
Silo,new_order,16,128,20,671822.0,439130.0,695765.0
Silo,new_order,16,128,30,657893.0,439809.0,655502.0
Silo,new_order,16,128,40,642738.0,451261.0,670101.0
Silo,new_order,16,128,50,658524.0,444032.0,609637.0
Silo,new_order,16,128,60,417556.0,419696.0,650938.0
Silo,new_order,16,128,70,413397.0,418491.0,644422.0
Silo,new_order,16,128,80,415403.0,413155.0,637974.0
Silo,new_order,16,128,90,432539.0,415221.0,636327.0
Silo,new_order,16,128,100,413998.0,406236.0,610327.0
Silo,new_order,16,256,0,701949.0,451136.0,672596.0
Silo,new_order,16,256,10,671862.0,438552.0,647654.0
Silo,new_order,16,256,20,608602.0,418212.0,653411.0
Silo,new_order,16,256,30,594189.0,412392.0,641313.0
Silo,new_order,16,256,40,626833.0,367945.0,629350.0
Silo,new_order,16,256,50,617625.0,403512.0,619338.0
Silo,new_order,16,256,60,365499.0,411626.0,611004.0
Silo,new_order,16,256,70,402543.0,395670.0,605872.0
Silo,new_order,16,256,80,325607.0,381147.0,599032.0
Silo,new_order,16,256,90,404007.0,385485.0,573537.0
Silo,new_order,16,256,100,386093.0,398463.0,589975.0
Silo,new_order,16,512,0,626761.0,650496.0,645614.0
Silo,new_order,16,512,10,607563.0,629347.0,629460.0
Silo,new_order,16,512,20,296316.1,614395.0,571095.0
Silo,new_order,16,512,30,603408.0,581396.0,581042.0
Silo,new_order,16,512,40,588335.0,590679.0,571655.0
Silo,new_order,16,512,50,563202.0,560665.0,582022.0
Silo,new_order,16,512,60,286962.97,554995.0,572019.0
Silo,new_order,16,512,70,548393.0,564380.0,282997.34
Silo,new_order,16,512,80,559942.0,559391.0,543245.0
Silo,new_order,16,512,90,278911.2,556816.0,556286.0
Silo,new_order,16,512,100,554092.0,555822.0,554685.0
Silo,new_order,28,1,0,184879.0,119466.0,
Silo,new_order,28,1,10,186585.0,114923.0,
Silo,new_order,28,1,20,186294.0,122931.0,
Silo,new_order,28,1,30,186072.0,114279.0,
Silo,new_order,28,1,40,185462.0,111288.0,
Silo,new_order,28,1,50,184573.0,105162.0,
Silo,new_order,28,1,60,113575.0,119709.0,
Silo,new_order,28,1,70,111941.0,109228.0,
Silo,new_order,28,1,80,112805.0,110153.0,
Silo,new_order,28,1,90,112533.0,114939.0,
Silo,new_order,28,1,100,105242.0,106838.0,
Silo,new_order,28,2,0,643962.0,246507.0,
Silo,new_order,28,2,10,563146.0,236750.0,
Silo,new_order,28,2,20,561255.0,,
Silo,new_order,28,2,30,592699.0,239309.0,
Silo,new_order,28,2,40,548202.0,235644.0,
Silo,new_order,28,2,50,588529.0,217435.0,
Silo,new_order,28,2,60,245308.0,257358.0,
Silo,new_order,28,2,70,241232.0,238369.0,
Silo,new_order,28,2,80,242686.0,220133.0,
Silo,new_order,28,2,90,254816.0,221744.0,
Silo,new_order,28,2,100,239247.0,258923.0,
Silo,new_order,28,4,0,916619.0,330534.0,
Silo,new_order,28,4,10,890983.0,326322.0,
Silo,new_order,28,4,20,873665.0,306685.0,
Silo,new_order,28,4,30,837506.0,328640.0,
Silo,new_order,28,4,40,856776.0,300047.0,
Silo,new_order,28,4,50,849971.0,325753.0,
Silo,new_order,28,4,60,337081.0,318901.0,
Silo,new_order,28,4,70,347217.0,,
Silo,new_order,28,4,80,359074.0,301492.0,
Silo,new_order,28,4,90,359128.0,311352.0,
Silo,new_order,28,4,100,362818.0,,
Silo,new_order,28,8,0,1206250.0,,
Silo,new_order,28,8,10,1127490.0,,
Silo,new_order,28,8,20,1103230.0,,
Silo,new_order,28,8,30,1058130.0,,
Silo,new_order,28,8,40,1104420.0,,
Silo,new_order,28,8,50,1066280.0,,
Silo,new_order,28,8,60,432692.0,,
Silo,new_order,28,8,70,411319.0,,
Silo,new_order,28,8,80,435913.0,,
Silo,new_order,28,8,90,411138.0,,
Silo,new_order,28,8,100,417687.0,,
Silo,new_order,28,16,0,1309670.0,,
Silo,new_order,28,16,10,1123910.0,,
Silo,new_order,28,16,20,1218350.0,,
Silo,new_order,28,16,30,1197650.0,,
Silo,new_order,28,16,40,1212890.0,,
Silo,new_order,28,16,50,1229270.0,,
Silo,new_order,28,16,60,473547.0,,
Silo,new_order,28,16,70,486221.0,,
Silo,new_order,28,16,80,511329.0,,
Silo,new_order,28,16,90,514416.0,,
Silo,new_order,28,16,100,497246.0,,
Silo,new_order,28,32,0,1460560.0,,
Silo,new_order,28,32,10,1290080.0,,
Silo,new_order,28,32,20,1258360.0,,
Silo,new_order,28,32,30,1263640.0,,
Silo,new_order,28,32,40,1269600.0,,
Silo,new_order,28,32,50,1170510.0,,
Silo,new_order,28,32,60,528316.0,,
Silo,new_order,28,32,70,543816.0,,1206760.0
Silo,new_order,28,32,80,485247.0,,1227230.0
Silo,new_order,28,32,90,521764.0,,1194770.0
Silo,new_order,28,32,100,520395.0,,1220610.0
Silo,new_order,28,64,0,1410440.0,,1311840.0
Silo,new_order,28,64,10,1259930.0,,1275680.0
Silo,new_order,28,64,20,1250740.0,,1196190.0
Silo,new_order,28,64,30,1170100.0,,1141160.0
Silo,new_order,28,64,40,1229860.0,,1229090.0
Silo,new_order,28,64,50,1187240.0,,1184400.0
Silo,new_order,28,64,60,474177.0,,1153420.0
Silo,new_order,28,64,70,471611.0,,1115200.0
Silo,new_order,28,64,80,504035.0,,1084140.0
Silo,new_order,28,64,90,466956.0,,1078270.0
Silo,new_order,28,64,100,466549.0,,1147070.0
Silo,new_order,28,128,0,1267630.0,,1207250.0
Silo,new_order,28,128,10,1145710.0,,1197650.0
Silo,new_order,28,128,20,1162800.0,,1162640.0
Silo,new_order,28,128,30,1085320.0,,1185530.0
Silo,new_order,28,128,40,1136810.0,,1140090.0
Silo,new_order,28,128,50,1077140.0,,1079720.0
Silo,new_order,28,128,60,493015.0,,1084550.0
Silo,new_order,28,128,70,470065.0,,1114100.0
Silo,new_order,28,128,80,482580.0,,1084000.0
Silo,new_order,28,128,90,441585.0,,1056320.0
Silo,new_order,28,128,100,467657.0,,1073490.0
Silo,new_order,28,256,0,1198210.0,,1200220.0
Silo,new_order,28,256,10,1141370.0,,1147010.0
Silo,new_order,28,256,20,1087710.0,,1089440.0
Silo,new_order,28,256,30,1083960.0,,1064760.0
Silo,new_order,28,256,40,1084700.0,,1085840.0
Silo,new_order,28,256,50,986337.0,,1066650.0
Silo,new_order,28,256,60,414511.0,,1017350.0
Silo,new_order,28,256,70,445068.0,,1024250.0
Silo,new_order,28,256,80,428810.0,,935427.0
Silo,new_order,28,256,90,410324.0,,1007380.0
Silo,new_order,28,256,100,434271.0,,926251.0
Silo,new_order,28,512,0,1111260.0,1083420.0,1107280.0
Silo,new_order,28,512,10,1079550.0,1069650.0,1079610.0
Silo,new_order,28,512,20,1021720.0,1062130.0,1021010.0
Silo,new_order,28,512,30,1018180.0,1018700.0,1036480.0
Silo,new_order,28,512,40,964567.0,979623.0,998337.0
Silo,new_order,28,512,50,982961.0,929451.0,1000030.0
Silo,new_order,28,512,60,934048.0,932679.0,906855.0
Silo,new_order,28,512,70,925371.0,957548.0,924399.0
Silo,new_order,28,512,80,911676.0,879375.0,967703.0
Silo,new_order,28,512,90,940093.0,889120.0,957493.0
Silo,new_order,28,512,100,894653.0,919510.0,937484.0
