WH,terminal,shared_buffer,min_wal_size,max_wal_size,effective_cache_size,tput
10,5,128/1024,80/1024,1,4,1332.68307501608
10,10,128/1024,80/1024,1,4,2290.54108504871
10,15,128/1024,80/1024,1,4,3070.19440309019
10,20,128/1024,80/1024,1,4,3729.77647162848
10,25,128/1024,80/1024,1,4,4287.67731421738
10,30,128/1024,80/1024,1,4,4807.80681674058
10,35,128/1024,80/1024,1,4,5191.64196252958
10,40,128/1024,80/1024,1,4,5568.16625836537
10,45,128/1024,80/1024,1,4,5720.99703676971
10,50,128/1024,80/1024,1,4,5832.97801071590
10,55,128/1024,80/1024,1,4,5889.03008138623
10,60,128/1024,80/1024,1,4,6025.60908243049
10,65,128/1024,80/1024,1,4,5894.71230422413
10,70,128/1024,80/1024,1,4,5943.36232493379
10,75,128/1024,80/1024,1,4,5875.38804215636
10,80,128/1024,80/1024,1,4,5836.72433378389
10,85,128/1024,80/1024,1,4,5719.05932372364
10,90,128/1024,80/1024,1,4,5708.79740274913
10,95,128/1024,80/1024,1,4,5529.44663497879
10,100,128/1024,80/1024,1,4,5460.88957731942
10,105,128/1024,80/1024,1,4,5337.09720129257
10,110,128/1024,80/1024,1,4,5172.17371679547
10,115,128/1024,80/1024,1,4,5242.34558089627
10,120,128/1024,80/1024,1,4,5101.54876995744
10,5,128/1024,512/1024,1,4,1359.82603268581
10,10,128/1024,512/1024,1,4,2321.93553726893
10,15,128/1024,512/1024,1,4,3106.62850161339
10,20,128/1024,512/1024,1,4,3758.63230267489
10,25,128/1024,512/1024,1,4,4321.10593941963
10,30,128/1024,512/1024,1,4,4724.98089213914
10,35,128/1024,512/1024,1,4,5144.57350802688
10,40,128/1024,512/1024,1,4,5455.04307678177
10,45,128/1024,512/1024,1,4,5572.74855007453
10,50,128/1024,512/1024,1,4,5816.38981179395
10,55,128/1024,512/1024,1,4,5893.00919176160
10,60,128/1024,512/1024,1,4,5914.99366246640
10,65,128/1024,512/1024,1,4,5875.05811945360
10,70,128/1024,512/1024,1,4,5844.14539112020
10,75,128/1024,512/1024,1,4,5805.53614965928
10,80,128/1024,512/1024,1,4,5749.61572879044
10,85,128/1024,512/1024,1,4,5728.23282806047
10,90,128/1024,512/1024,1,4,5623.72293502701
10,95,128/1024,512/1024,1,4,5430.02457679504
10,100,128/1024,512/1024,1,4,5123.09689404521
10,105,128/1024,512/1024,1,4,5222.50180255936
10,110,128/1024,512/1024,1,4,5242.86614445503
10,115,128/1024,512/1024,1,4,5181.33582963303
10,120,128/1024,512/1024,1,4,5081.16797940306
10,5,128/1024,1,2,4,1355.49569368943
10,10,128/1024,1,2,4,2378.37579614549
10,15,128/1024,1,2,4,3267.76610577083
10,20,128/1024,1,2,4,4014.47294655325
10,25,128/1024,1,2,4,4567.70461378695
10,30,128/1024,1,2,4,5247.10300091288
10,35,128/1024,1,2,4,5835.33270431724
10,40,128/1024,1,2,4,6495.87058822581
10,45,128/1024,1,2,4,6583.89448942748
10,50,128/1024,1,2,4,6586.77779636451
10,55,128/1024,1,2,4,6924.36688103749
10,60,128/1024,1,2,4,7076.01966322475
10,65,128/1024,1,2,4,7186.18291733074
10,70,128/1024,1,2,4,7101.17499350421
10,75,128/1024,1,2,4,7173.68420643271
10,80,128/1024,1,2,4,7110.46906915193
10,85,128/1024,1,2,4,7052.01079921758
10,90,128/1024,1,2,4,7125.31096620064
10,95,128/1024,1,2,4,7055.96336775597
10,100,128/1024,1,2,4,6932.65407723351
10,105,128/1024,1,2,4,6788.37529984712
10,110,128/1024,1,2,4,6598.72702905691
10,115,128/1024,1,2,4,6350.23889044337
10,120,128/1024,1,2,4,6122.61954693973
10,5,128/1024,1,4,4,1364.30913352462
10,10,128/1024,1,4,4,2454.90422940256
10,15,128/1024,1,4,4,3327.54726664081
10,20,128/1024,1,4,4,4105.69944517439
10,25,128/1024,1,4,4,4831.41594232331
10,30,128/1024,1,4,4,5521.40366191688
10,35,128/1024,1,4,4,6285.46865262267
10,40,128/1024,1,4,4,6965.36859800563
10,45,128/1024,1,4,4,7378.14032426886
10,50,128/1024,1,4,4,7586.61414231910
10,55,128/1024,1,4,4,7630.19762236775
10,60,128/1024,1,4,4,7712.08895949955
10,65,128/1024,1,4,4,7659.25807008123
10,70,128/1024,1,4,4,7649.12014640681
10,75,128/1024,1,4,4,7641.88934141692
10,80,128/1024,1,4,4,7710.63932525646
10,85,128/1024,1,4,4,7483.80273259964
10,90,128/1024,1,4,4,7200.46371504224
10,95,128/1024,1,4,4,7177.99666914164
10,100,128/1024,1,4,4,6724.05327030230
10,105,128/1024,1,4,4,6867.06514400304
10,110,128/1024,1,4,4,6822.09995319312
10,115,128/1024,1,4,4,6820.98183064531
10,120,128/1024,1,4,4,6800.31074511625
10,5,128/1024,1,8,4,1352.90438245457
10,10,128/1024,1,8,4,2428.59871822893
10,15,128/1024,1,8,4,3335.01470966232
10,20,128/1024,1,8,4,4134.85770761432
10,25,128/1024,1,8,4,4831.17101998464
10,30,128/1024,1,8,4,5600.26937601345
10,35,128/1024,1,8,4,6341.10986798787
10,40,128/1024,1,8,4,6916.81323935177
10,45,128/1024,1,8,4,7395.41866008104
10,50,128/1024,1,8,4,7616.05380552694
10,55,128/1024,1,8,4,7645.52089093363
10,60,128/1024,1,8,4,7692.94920163627
10,65,128/1024,1,8,4,7706.11869830041
10,70,128/1024,1,8,4,7725.78662812749
10,75,128/1024,1,8,4,7761.05935253894
10,80,128/1024,1,8,4,7821.47492309377
10,85,128/1024,1,8,4,7603.44263619372
10,90,128/1024,1,8,4,7457.03085173738
10,95,128/1024,1,8,4,7338.91010689522
10,100,128/1024,1,8,4,7344.63838980467
10,105,128/1024,1,8,4,7123.13564689272
10,110,128/1024,1,8,4,7051.24886464329
10,115,128/1024,1,8,4,6878.50421353477
10,120,128/1024,1,8,4,6741.60492153624
10,5,128/1024,1,16,4,1383.57489098830
10,10,128/1024,1,16,4,2449.92378065771
10,15,128/1024,1,16,4,3373.79612447763
10,20,128/1024,1,16,4,4091.37789205179
10,25,128/1024,1,16,4,4818.33109324988
10,30,128/1024,1,16,4,5588.06213880443
10,35,128/1024,1,16,4,6106.99289115891
10,40,128/1024,1,16,4,6778.30400190584
10,45,128/1024,1,16,4,7363.17226737489
10,50,128/1024,1,16,4,7506.13335172840
10,55,128/1024,1,16,4,7601.72431400726
10,60,128/1024,1,16,4,7691.44335766344
10,65,128/1024,1,16,4,7655.42829424491
10,70,128/1024,1,16,4,7607.26850535539
10,75,128/1024,1,16,4,7548.95113396464
10,80,128/1024,1,16,4,7723.15267077279
10,85,128/1024,1,16,4,7615.48511324194
10,90,128/1024,1,16,4,7562.43196021256
10,95,128/1024,1,16,4,7505.21264134139
10,100,128/1024,1,16,4,7360.47630643832
10,105,128/1024,1,16,4,7232.38112932381
10,110,128/1024,1,16,4,6831.93022365394
10,115,128/1024,1,16,4,6573.40812295791
10,120,128/1024,1,16,4,6582.74043262778
10,5,128/1024,80/1024,1,8,1333.93881384152
10,10,128/1024,80/1024,1,8,2302.43579252529
10,15,128/1024,80/1024,1,8,3060.31104207384
10,20,128/1024,80/1024,1,8,3546.90182190019
10,25,128/1024,80/1024,1,8,4092.86865242982
10,30,128/1024,80/1024,1,8,4512.44580305528
10,35,128/1024,80/1024,1,8,4885.64426413148
10,40,128/1024,80/1024,1,8,5118.93202504841
10,45,128/1024,80/1024,1,8,5343.02211046088
10,50,128/1024,80/1024,1,8,5322.89150809649
10,55,128/1024,80/1024,1,8,5398.90076894105
10,60,128/1024,80/1024,1,8,5471.85900487232
10,65,128/1024,80/1024,1,8,5403.89900402652
10,70,128/1024,80/1024,1,8,5335.16105339345
10,75,128/1024,80/1024,1,8,5198.79282890783
10,80,128/1024,80/1024,1,8,5168.14282052867
10,85,128/1024,80/1024,1,8,5323.96630110219
10,90,128/1024,80/1024,1,8,5332.24810036825
10,95,128/1024,80/1024,1,8,5202.12719130866
10,100,128/1024,80/1024,1,8,5098.92126584970
10,105,128/1024,80/1024,1,8,5083.41562133687
10,110,128/1024,80/1024,1,8,5144.86760507004
10,115,128/1024,80/1024,1,8,5140.73719589543
10,120,128/1024,80/1024,1,8,5006.83951597266
10,5,128/1024,512/1024,1,8,1325.85828594764
10,10,128/1024,512/1024,1,8,2280.44063758129
10,15,128/1024,512/1024,1,8,3023.53604520408
10,20,128/1024,512/1024,1,8,3673.60331075887
10,25,128/1024,512/1024,1,8,4088.48315029718
10,30,128/1024,512/1024,1,8,4547.59057305015
10,35,128/1024,512/1024,1,8,4887.73195756184
10,40,128/1024,512/1024,1,8,4967.10744040795
10,45,128/1024,512/1024,1,8,5131.56443458946
10,50,128/1024,512/1024,1,8,5184.94710527891
10,55,128/1024,512/1024,1,8,5233.00772973787
10,60,128/1024,512/1024,1,8,5248.10030691620
10,65,128/1024,512/1024,1,8,5198.72006674317
10,70,128/1024,512/1024,1,8,5509.56546117443
10,75,128/1024,512/1024,1,8,5491.37593699012
10,80,128/1024,512/1024,1,8,5275.91431319634
10,85,128/1024,512/1024,1,8,5249.59044908642
10,90,128/1024,512/1024,1,8,5237.21020309287
10,95,128/1024,512/1024,1,8,4949.46009621238
10,100,128/1024,512/1024,1,8,4866.99959248856
10,105,128/1024,512/1024,1,8,4750.29068673572
10,110,128/1024,512/1024,1,8,4803.97385358331
10,115,128/1024,512/1024,1,8,4735.67135387550
10,120,128/1024,512/1024,1,8,4742.65882853680
10,5,128/1024,1,2,8,1321.98788421958
10,10,128/1024,1,2,8,2341.78212680567
10,15,128/1024,1,2,8,3213.99923638142
10,20,128/1024,1,2,8,3972.51846284404
10,25,128/1024,1,2,8,4503.25453672684
10,30,128/1024,1,2,8,5018.23702087063
10,35,128/1024,1,2,8,5728.02395622523
10,40,128/1024,1,2,8,6202.03017571414
10,45,128/1024,1,2,8,6502.27731246570
10,50,128/1024,1,2,8,6876.72775632835
10,55,128/1024,1,2,8,7113.67921099790
10,60,128/1024,1,2,8,7266.70148975286
10,65,128/1024,1,2,8,6823.96361011013
10,70,128/1024,1,2,8,7134.14358742393
10,75,128/1024,1,2,8,7040.49972648713
10,80,128/1024,1,2,8,7128.60048780532
10,85,128/1024,1,2,8,6778.91704386890
10,90,128/1024,1,2,8,7047.79675217236
10,95,128/1024,1,2,8,7082.36296945510
10,100,128/1024,1,2,8,6872.62977366448
10,105,128/1024,1,2,8,6621.02300865932
10,110,128/1024,1,2,8,6457.00531952381
10,115,128/1024,1,2,8,6385.31739467379
10,120,128/1024,1,2,8,6117.29392871156
10,5,128/1024,1,4,8,1360.24057853486
10,10,128/1024,1,4,8,2462.50953466715
10,15,128/1024,1,4,8,3447.68616425052
10,20,128/1024,1,4,8,4229.61780587164
10,25,128/1024,1,4,8,4926.03699607135
10,30,128/1024,1,4,8,5758.98660737431
10,35,128/1024,1,4,8,6367.46737501242
10,40,128/1024,1,4,8,6976.28817439131
10,45,128/1024,1,4,8,7355.72364026212
10,50,128/1024,1,4,8,7581.95937217304
10,55,128/1024,1,4,8,7605.95502573484
10,60,128/1024,1,4,8,7774.56828303242
10,65,128/1024,1,4,8,7631.87125563686
10,70,128/1024,1,4,8,7676.31602682322
10,75,128/1024,1,4,8,7626.18889394013
10,80,128/1024,1,4,8,7507.06839471750
10,85,128/1024,1,4,8,7648.47903127095
10,90,128/1024,1,4,8,7425.08380902395
10,95,128/1024,1,4,8,7415.49780293464
10,100,128/1024,1,4,8,7267.59190671455
10,105,128/1024,1,4,8,6932.83401468614
10,110,128/1024,1,4,8,6923.62367105799
10,115,128/1024,1,4,8,6826.07131739354
10,120,128/1024,1,4,8,6740.84979267300
10,5,128/1024,1,8,8,1299.19648319596
10,10,128/1024,1,8,8,2442.73852298000
10,15,128/1024,1,8,8,3340.46069143882
10,20,128/1024,1,8,8,4142.46253534268
10,25,128/1024,1,8,8,4735.09667249666
10,30,128/1024,1,8,8,5558.20610283002
10,35,128/1024,1,8,8,6047.17870554394
10,40,128/1024,1,8,8,6660.61370117947
10,45,128/1024,1,8,8,7161.36199906436
10,50,128/1024,1,8,8,7439.65950049120
10,55,128/1024,1,8,8,7378.10049313408
10,60,128/1024,1,8,8,7504.45312914776
10,65,128/1024,1,8,8,7623.31682247555
10,70,128/1024,1,8,8,7691.93333322386
10,75,128/1024,1,8,8,7733.25543516495
10,80,128/1024,1,8,8,7699.26421498782
10,85,128/1024,1,8,8,7592.95180910230
10,90,128/1024,1,8,8,7654.43231957613
10,95,128/1024,1,8,8,7427.35656294801
10,100,128/1024,1,8,8,7262.97953392472
10,105,128/1024,1,8,8,6819.42962366880
10,110,128/1024,1,8,8,7035.36638563716
10,115,128/1024,1,8,8,6908.39881918941
10,120,128/1024,1,8,8,6744.01895390977
10,5,128/1024,1,16,8,1357.11171043969
10,10,128/1024,1,16,8,2290.70562047590
10,15,128/1024,1,16,8,3335.19953081455
10,20,128/1024,1,16,8,4146.62945507855
10,25,128/1024,1,16,8,4898.79739485169
10,30,128/1024,1,16,8,5718.50678514918
10,35,128/1024,1,16,8,6249.37998407851
10,40,128/1024,1,16,8,6934.20787845859
10,45,128/1024,1,16,8,7346.15516578182
10,50,128/1024,1,16,8,7376.81841253753
10,55,128/1024,1,16,8,7650.33241061389
10,60,128/1024,1,16,8,7532.71238799777
10,65,128/1024,1,16,8,7252.07046002085
10,70,128/1024,1,16,8,7743.93653550166
10,75,128/1024,1,16,8,7664.88611831752
10,80,128/1024,1,16,8,7671.99373327884
10,85,128/1024,1,16,8,7631.98600792646
10,90,128/1024,1,16,8,7614.28246773769
10,95,128/1024,1,16,8,7391.19517367533
10,100,128/1024,1,16,8,7208.85350708313
10,105,128/1024,1,16,8,7063.20159821333
10,110,128/1024,1,16,8,6983.62940119412
10,115,128/1024,1,16,8,6917.59812043561
10,120,128/1024,1,16,8,6713.52545274022
10,5,128/1024,80/1024,1,16,1311.34294366348
10,10,128/1024,80/1024,1,16,2272.57528371333
10,15,128/1024,80/1024,1,16,2985.37564738742
10,20,128/1024,80/1024,1,16,3539.37675759323
10,25,128/1024,80/1024,1,16,4051.60422238168
10,30,128/1024,80/1024,1,16,4476.67940950676
10,35,128/1024,80/1024,1,16,4824.14855668228
10,40,128/1024,80/1024,1,16,5208.70777631029
10,45,128/1024,80/1024,1,16,5120.28884234955
10,50,128/1024,80/1024,1,16,5258.87193693964
10,55,128/1024,80/1024,1,16,5278.77897396515
10,60,128/1024,80/1024,1,16,5231.92195539212
10,65,128/1024,80/1024,1,16,5221.68124510530
10,70,128/1024,80/1024,1,16,5201.81161212123
10,75,128/1024,80/1024,1,16,5135.34566689570
10,80,128/1024,80/1024,1,16,5100.31241895817
10,85,128/1024,80/1024,1,16,5059.99019119984
10,90,128/1024,80/1024,1,16,5057.65861484580
10,95,128/1024,80/1024,1,16,5080.75784273982
10,100,128/1024,80/1024,1,16,4955.26546535584
10,105,128/1024,80/1024,1,16,5100.74911201296
10,110,128/1024,80/1024,1,16,5032.57202427533
10,115,128/1024,80/1024,1,16,5048.20335718005
10,120,128/1024,80/1024,1,16,4938.76422271881
10,5,128/1024,512/1024,1,16,1304.44876974974
10,10,128/1024,512/1024,1,16,2238.91724724696
10,15,128/1024,512/1024,1,16,3061.66419624288
10,20,128/1024,512/1024,1,16,3589.42045645495
10,25,128/1024,512/1024,1,16,4051.27432748637
10,30,128/1024,512/1024,1,16,4533.23264933724
10,35,128/1024,512/1024,1,16,4884.74390869665
10,40,128/1024,512/1024,1,16,5131.87474292780
10,45,128/1024,512/1024,1,16,5398.56364624304
10,50,128/1024,512/1024,1,16,5513.54727980241
10,55,128/1024,512/1024,1,16,5452.75282857407
10,60,128/1024,512/1024,1,16,5487.54265655184
10,65,128/1024,512/1024,1,16,5604.58656836965
10,70,128/1024,512/1024,1,16,5505.66623987117
10,75,128/1024,512/1024,1,16,5422.64813374782
10,80,128/1024,512/1024,1,16,5110.53977470244
10,85,128/1024,512/1024,1,16,5243.38003763829
10,90,128/1024,512/1024,1,16,5199.39907139411
10,95,128/1024,512/1024,1,16,5088.78164341211
10,100,128/1024,512/1024,1,16,5335.13912806855
10,105,128/1024,512/1024,1,16,5149.58379392620
10,110,128/1024,512/1024,1,16,5212.02583370769
10,115,128/1024,512/1024,1,16,5123.56701773703
10,120,128/1024,512/1024,1,16,5058.10869828833
10,5,128/1024,1,2,16,1331.21160315724
10,10,128/1024,1,2,16,2393.67637512874
10,15,128/1024,1,2,16,3245.01430927862
10,20,128/1024,1,2,16,3932.16268023768
10,25,128/1024,1,2,16,4324.62084002184
10,30,128/1024,1,2,16,4931.93252221000
10,35,128/1024,1,2,16,5403.46075517339
10,40,128/1024,1,2,16,6040.24459430071
10,45,128/1024,1,2,16,6539.38868305459
10,50,128/1024,1,2,16,6768.26645668215
10,55,128/1024,1,2,16,6905.73885283963
10,60,128/1024,1,2,16,7130.00502753937
10,65,128/1024,1,2,16,7078.10791525214
10,70,128/1024,1,2,16,6713.30886027920
10,75,128/1024,1,2,16,7155.05794088436
10,80,128/1024,1,2,16,7056.85737478219
10,85,128/1024,1,2,16,7102.78558019926
10,90,128/1024,1,2,16,7067.26141440845
10,95,128/1024,1,2,16,6948.51026696397
10,100,128/1024,1,2,16,6905.72489814924
10,105,128/1024,1,2,16,6829.85516076901
10,110,128/1024,1,2,16,6484.63081971220
10,115,128/1024,1,2,16,6367.15978604527
10,120,128/1024,1,2,16,6222.42905106458
10,5,128/1024,1,4,16,1384.22025073899
10,10,128/1024,1,4,16,2443.31655041986
10,15,128/1024,1,4,16,3334.97617432819
10,20,128/1024,1,4,16,4098.19398948768
10,25,128/1024,1,4,16,4801.81724437248
10,30,128/1024,1,4,16,5751.26111943690
10,35,128/1024,1,4,16,6375.25580758608
10,40,128/1024,1,4,16,7029.64551260947
10,45,128/1024,1,4,16,7409.31246789306
10,50,128/1024,1,4,16,7559.44884675742
10,55,128/1024,1,4,16,7602.68018148711
10,60,128/1024,1,4,16,7725.50447353685
10,65,128/1024,1,4,16,7612.35348078953
10,70,128/1024,1,4,16,7481.92223446337
10,75,128/1024,1,4,16,7168.40087167106
10,80,128/1024,1,4,16,7391.79497204091
10,85,128/1024,1,4,16,7366.83856801752
10,90,128/1024,1,4,16,7367.95198080888
10,95,128/1024,1,4,16,7389.40212069893
10,100,128/1024,1,4,16,7182.84686056979
10,105,128/1024,1,4,16,7047.44139749688
10,110,128/1024,1,4,16,6962.32592466174
10,115,128/1024,1,4,16,6816.31292842021
10,120,128/1024,1,4,16,6780.20846289989
10,5,128/1024,1,8,16,1310.21926347358
10,10,128/1024,1,8,16,2435.56279496264
10,15,128/1024,1,8,16,3413.73109615113
10,20,128/1024,1,8,16,4160.14307671243
10,25,128/1024,1,8,16,4943.40030132543
10,30,128/1024,1,8,16,5671.80994534077
10,35,128/1024,1,8,16,6263.85244872005
10,40,128/1024,1,8,16,6946.94187603785
10,45,128/1024,1,8,16,7250.02123172638
10,50,128/1024,1,8,16,7236.32211400891
10,55,128/1024,1,8,16,6762.90166548236
10,60,128/1024,1,8,16,7470.41024925417
10,65,128/1024,1,8,16,7405.15745522260
10,70,128/1024,1,8,16,7344.21866202389
10,75,128/1024,1,8,16,7472.29961363293
10,80,128/1024,1,8,16,7503.31685062284
10,85,128/1024,1,8,16,7431.15199406711
10,90,128/1024,1,8,16,7537.75025520620
10,95,128/1024,1,8,16,7456.71738840373
10,100,128/1024,1,8,16,7377.04724657677
10,105,128/1024,1,8,16,7240.32500452683
10,110,128/1024,1,8,16,7066.50131166572
10,115,128/1024,1,8,16,6944.30627004951
10,120,128/1024,1,8,16,6872.45363923052
10,5,128/1024,1,16,16,1357.17929325716
10,10,128/1024,1,16,16,2441.46475295683
10,15,128/1024,1,16,16,3408.45625988964
10,20,128/1024,1,16,16,4227.06814560309
10,25,128/1024,1,16,16,4892.13728196083
10,30,128/1024,1,16,16,5663.64738815535
10,35,128/1024,1,16,16,6345.08364010748
10,40,128/1024,1,16,16,7058.74770580709
10,45,128/1024,1,16,16,7349.78748496765
10,50,128/1024,1,16,16,7593.78080445148
10,55,128/1024,1,16,16,7585.70978254757
10,60,128/1024,1,16,16,7786.14304403040
10,65,128/1024,1,16,16,7780.46892160653
10,70,128/1024,1,16,16,7642.99694363286
10,75,128/1024,1,16,16,7240.24459985945
10,80,128/1024,1,16,16,7472.09855174913
10,85,128/1024,1,16,16,7362.48939541109
10,90,128/1024,1,16,16,7398.39667591922
10,95,128/1024,1,16,16,7363.12183979962
10,100,128/1024,1,16,16,7393.10062101616
10,105,128/1024,1,16,16,7197.58588466409
10,110,128/1024,1,16,16,6971.18319758979
10,115,128/1024,1,16,16,6654.97252116189
10,120,128/1024,1,16,16,6605.04471169124
10,5,512/1024,80/1024,1,4,1352.77183717183
10,10,512/1024,80/1024,1,4,2360.73409676672
10,15,512/1024,80/1024,1,4,3161.72076517203
10,20,512/1024,80/1024,1,4,3763.60489814168
10,25,512/1024,80/1024,1,4,4274.50778821191
10,30,512/1024,80/1024,1,4,4748.81226734852
10,35,512/1024,80/1024,1,4,5136.15584955731
10,40,512/1024,80/1024,1,4,5441.23678376241
10,45,512/1024,80/1024,1,4,5692.26897870849
10,50,512/1024,80/1024,1,4,5790.36633687425
10,55,512/1024,80/1024,1,4,5428.45551195699
10,60,512/1024,80/1024,1,4,5747.56817707246
10,65,512/1024,80/1024,1,4,5634.12129596065
10,70,512/1024,80/1024,1,4,5338.67178055266
10,75,512/1024,80/1024,1,4,5431.50863044558
10,80,512/1024,80/1024,1,4,5592.48593984559
10,85,512/1024,80/1024,1,4,5668.92691802750
10,90,512/1024,80/1024,1,4,5639.63231871160
10,95,512/1024,80/1024,1,4,5414.44601799343
10,100,512/1024,80/1024,1,4,5367.14603812360
10,105,512/1024,80/1024,1,4,5305.39356200308
10,110,512/1024,80/1024,1,4,5439.66463842360
10,115,512/1024,80/1024,1,4,5343.09369396230
10,120,512/1024,80/1024,1,4,5269.78739436371
10,5,512/1024,512/1024,1,4,1322.88257093916
10,10,512/1024,512/1024,1,4,2342.22016377618
10,15,512/1024,512/1024,1,4,3196.87564342751
10,20,512/1024,512/1024,1,4,3824.20000915270
10,25,512/1024,512/1024,1,4,4263.87534268824
10,30,512/1024,512/1024,1,4,4590.88139814506
10,35,512/1024,512/1024,1,4,5052.49954271563
10,40,512/1024,512/1024,1,4,5301.83918638430
10,45,512/1024,512/1024,1,4,5476.37386865540
10,50,512/1024,512/1024,1,4,5595.79830045366
10,55,512/1024,512/1024,1,4,5685.18803239711
10,60,512/1024,512/1024,1,4,5876.24526340926
10,65,512/1024,512/1024,1,4,5819.62956906393
10,70,512/1024,512/1024,1,4,5936.04086124015
10,75,512/1024,512/1024,1,4,5835.72786404343
10,80,512/1024,512/1024,1,4,5692.92254075805
10,85,512/1024,512/1024,1,4,5653.90807185999
10,90,512/1024,512/1024,1,4,5574.17797672019
10,95,512/1024,512/1024,1,4,5401.95140395730
10,100,512/1024,512/1024,1,4,5409.56193380632
10,105,512/1024,512/1024,1,4,5309.70225017800
10,110,512/1024,512/1024,1,4,4983.23693022674
10,115,512/1024,512/1024,1,4,5060.32975199507
10,120,512/1024,512/1024,1,4,4910.67121994782
10,5,512/1024,1,2,4,1350.33160425997
10,10,512/1024,1,2,4,2469.29396881691
10,15,512/1024,1,2,4,3320.46309101017
10,20,512/1024,1,2,4,4017.09801663310
10,25,512/1024,1,2,4,4624.48476447002
10,30,512/1024,1,2,4,5261.83368134627
10,35,512/1024,1,2,4,5873.44331586756
10,40,512/1024,1,2,4,6508.39021737263
10,45,512/1024,1,2,4,7010.30230285321
10,50,512/1024,1,2,4,7249.64632350133
10,55,512/1024,1,2,4,7349.43037196994
10,60,512/1024,1,2,4,7491.18357679570
10,65,512/1024,1,2,4,7467.97680613072
10,70,512/1024,1,2,4,7481.38086207713
10,75,512/1024,1,2,4,7465.83012893839
10,80,512/1024,1,2,4,7504.20963046665
10,85,512/1024,1,2,4,7131.23898043588
10,90,512/1024,1,2,4,7316.67040683070
10,95,512/1024,1,2,4,7344.68614508659
10,100,512/1024,1,2,4,7276.06257477400
10,105,512/1024,1,2,4,7123.06076134471
10,110,512/1024,1,2,4,6819.60502123845
10,115,512/1024,1,2,4,6611.80619366158
10,120,512/1024,1,2,4,6355.41828665842
10,5,512/1024,1,4,4,1420.78496826052
10,10,512/1024,1,4,4,2539.23451929234
10,15,512/1024,1,4,4,3481.50803278511
10,20,512/1024,1,4,4,4204.81298090545
10,25,512/1024,1,4,4,5001.25623462036
10,30,512/1024,1,4,4,5810.63908628123
10,35,512/1024,1,4,4,6600.36786120589
10,40,512/1024,1,4,4,7208.16457920105
10,45,512/1024,1,4,4,7455.00645484096
10,50,512/1024,1,4,4,7754.85894418929
10,55,512/1024,1,4,4,7836.99540101701
10,60,512/1024,1,4,4,8134.05911598691
10,65,512/1024,1,4,4,8188.58865916617
10,70,512/1024,1,4,4,8198.98590136083
10,75,512/1024,1,4,4,7918.58311651855
10,80,512/1024,1,4,4,7972.16823649383
10,85,512/1024,1,4,4,7963.27348458837
10,90,512/1024,1,4,4,7982.24005185257
10,95,512/1024,1,4,4,7900.79224399016
10,100,512/1024,1,4,4,7688.11152900149
10,105,512/1024,1,4,4,7380.51516044695
10,110,512/1024,1,4,4,7191.90901240645
10,115,512/1024,1,4,4,7044.54792542045
10,120,512/1024,1,4,4,6962.08344667515
10,5,512/1024,1,8,4,1394.14239480290
10,10,512/1024,1,8,4,2555.50796008652
10,15,512/1024,1,8,4,3470.87412513988
10,20,512/1024,1,8,4,4247.18031790869
10,25,512/1024,1,8,4,5023.97917916635
10,30,512/1024,1,8,4,5790.89814479937
10,35,512/1024,1,8,4,6493.49097326048
10,40,512/1024,1,8,4,7252.82575576647
10,45,512/1024,1,8,4,7634.00464525980
10,50,512/1024,1,8,4,7896.94913956483
10,55,512/1024,1,8,4,7965.55775095401
10,60,512/1024,1,8,4,8170.50097199693
10,65,512/1024,1,8,4,8016.73747781453
10,70,512/1024,1,8,4,7823.85579681081
10,75,512/1024,1,8,4,7934.09164339075
10,80,512/1024,1,8,4,7707.28274513283
10,85,512/1024,1,8,4,7391.85716948143
10,90,512/1024,1,8,4,7726.79053444565
10,95,512/1024,1,8,4,7733.26254287803
10,100,512/1024,1,8,4,7609.17981763432
10,105,512/1024,1,8,4,7589.36199711444
10,110,512/1024,1,8,4,7462.39099039555
10,115,512/1024,1,8,4,7294.30865355123
10,120,512/1024,1,8,4,7157.99989388624
10,5,512/1024,1,16,4,1384.08927358049
10,10,512/1024,1,16,4,2550.04409567933
10,15,512/1024,1,16,4,3522.65224149265
10,20,512/1024,1,16,4,4368.12782008977
10,25,512/1024,1,16,4,5102.54908634788
10,30,512/1024,1,16,4,5960.74493555087
10,35,512/1024,1,16,4,6699.67041592900
10,40,512/1024,1,16,4,7301.51137648325
10,45,512/1024,1,16,4,7714.16279932346
10,50,512/1024,1,16,4,7951.10913279000
10,55,512/1024,1,16,4,7940.68301647577
10,60,512/1024,1,16,4,7955.17439537232
10,65,512/1024,1,16,4,8029.46100360043
10,70,512/1024,1,16,4,8017.05454739056
10,75,512/1024,1,16,4,8141.44261552362
10,80,512/1024,1,16,4,8058.39836173830
10,85,512/1024,1,16,4,7850.01507769086
10,90,512/1024,1,16,4,7692.66109003707
10,95,512/1024,1,16,4,7761.42864729520
10,100,512/1024,1,16,4,7686.39986516753
10,105,512/1024,1,16,4,7490.99785343977
10,110,512/1024,1,16,4,7280.57709716012
10,115,512/1024,1,16,4,7263.42428236755
10,120,512/1024,1,16,4,7106.70698781229
10,5,512/1024,80/1024,1,8,1403.32361627772
10,10,512/1024,80/1024,1,8,2371.11217625706
10,15,512/1024,80/1024,1,8,3192.99398437558
10,20,512/1024,80/1024,1,8,3828.21184983320
10,25,512/1024,80/1024,1,8,4237.18935980394
10,30,512/1024,80/1024,1,8,4676.89574448430
10,35,512/1024,80/1024,1,8,4975.12102304561
10,40,512/1024,80/1024,1,8,5275.08599532844
10,45,512/1024,80/1024,1,8,5541.01285141899
10,50,512/1024,80/1024,1,8,5821.29679947948
10,55,512/1024,80/1024,1,8,5452.40222651327
10,60,512/1024,80/1024,1,8,5707.33909636978
10,65,512/1024,80/1024,1,8,5776.77003920172
10,70,512/1024,80/1024,1,8,5753.65676180559
10,75,512/1024,80/1024,1,8,5844.79672344326
10,80,512/1024,80/1024,1,8,5902.53206664560
10,85,512/1024,80/1024,1,8,5799.34546754641
10,90,512/1024,80/1024,1,8,5741.44108112061
10,95,512/1024,80/1024,1,8,5656.44233086122
10,100,512/1024,80/1024,1,8,5415.81811147352
10,105,512/1024,80/1024,1,8,5213.15595361805
10,110,512/1024,80/1024,1,8,5237.20023126740
10,115,512/1024,80/1024,1,8,5166.12263803601
10,120,512/1024,80/1024,1,8,5072.54072963917
10,5,512/1024,512/1024,1,8,1366.83011750829
10,10,512/1024,512/1024,1,8,2370.44371436238
10,15,512/1024,512/1024,1,8,3212.54751498053
10,20,512/1024,512/1024,1,8,3839.85984899835
10,25,512/1024,512/1024,1,8,4258.75747240271
10,30,512/1024,512/1024,1,8,4644.05942658694
10,35,512/1024,512/1024,1,8,5071.98980596237
10,40,512/1024,512/1024,1,8,5290.60298269004
10,45,512/1024,512/1024,1,8,5506.39612692236
10,50,512/1024,512/1024,1,8,5676.87021364156
10,55,512/1024,512/1024,1,8,5780.81939552148
10,60,512/1024,512/1024,1,8,5919.77144195868
10,65,512/1024,512/1024,1,8,5884.96934635591
10,70,512/1024,512/1024,1,8,5877.05544865221
10,75,512/1024,512/1024,1,8,5923.30725983438
10,80,512/1024,512/1024,1,8,5809.54124968647
10,85,512/1024,512/1024,1,8,5728.25633508413
10,90,512/1024,512/1024,1,8,5781.90136797583
10,95,512/1024,512/1024,1,8,5655.69354766470
10,100,512/1024,512/1024,1,8,5638.09825362276
10,105,512/1024,512/1024,1,8,5581.76415819806
10,110,512/1024,512/1024,1,8,5476.65680143089
10,115,512/1024,512/1024,1,8,5417.96146592775
10,120,512/1024,512/1024,1,8,5327.19123518496
10,5,512/1024,1,2,8,1399.94926426282
10,10,512/1024,1,2,8,2473.17222364300
10,15,512/1024,1,2,8,3360.80052892006
10,20,512/1024,1,2,8,4121.21196051209
10,25,512/1024,1,2,8,4737.85253615068
10,30,512/1024,1,2,8,5527.09330501300
10,35,512/1024,1,2,8,6124.84400587751
10,40,512/1024,1,2,8,6674.93977002713
10,45,512/1024,1,2,8,7151.75182522361
10,50,512/1024,1,2,8,7351.92243108892
10,55,512/1024,1,2,8,7421.29159595341
10,60,512/1024,1,2,8,7441.78221723343
10,65,512/1024,1,2,8,7485.43047930747
10,70,512/1024,1,2,8,7429.58965762897
10,75,512/1024,1,2,8,7237.93315598774
10,80,512/1024,1,2,8,7409.25190196209
10,85,512/1024,1,2,8,7239.04169771533
10,90,512/1024,1,2,8,7246.72535061828
10,95,512/1024,1,2,8,7088.55220530732
10,100,512/1024,1,2,8,7174.15956626372
10,105,512/1024,1,2,8,6833.79510076394
10,110,512/1024,1,2,8,6705.58794024353
10,115,512/1024,1,2,8,6522.23855441709
10,120,512/1024,1,2,8,6374.00867654094
10,5,512/1024,1,4,8,1329.81812098066
10,10,512/1024,1,4,8,2494.32929310167
10,15,512/1024,1,4,8,3416.37347306726
10,20,512/1024,1,4,8,4266.38418306287
10,25,512/1024,1,4,8,5022.26986766856
10,30,512/1024,1,4,8,5962.97842149527
10,35,512/1024,1,4,8,6671.90614789726
10,40,512/1024,1,4,8,7340.49405752535
10,45,512/1024,1,4,8,7702.65111211141
10,50,512/1024,1,4,8,7852.94820634083
10,55,512/1024,1,4,8,8004.20450332649
10,60,512/1024,1,4,8,8120.98621790435
10,65,512/1024,1,4,8,8160.93862900493
10,70,512/1024,1,4,8,8063.73970161664
10,75,512/1024,1,4,8,7933.38073002925
10,80,512/1024,1,4,8,7932.35142737247
10,85,512/1024,1,4,8,7783.04373983872
10,90,512/1024,1,4,8,7926.45195823639
10,95,512/1024,1,4,8,7958.35142164409
10,100,512/1024,1,4,8,7776.29165686338
10,105,512/1024,1,4,8,7196.69098913852
10,110,512/1024,1,4,8,7071.25479347833
10,115,512/1024,1,4,8,6951.69482617770
10,120,512/1024,1,4,8,6919.53604040033
10,5,512/1024,1,8,8,1363.34369342827
10,10,512/1024,1,8,8,2568.32305908719
10,15,512/1024,1,8,8,3481.59650836273
10,20,512/1024,1,8,8,4380.81806610542
10,25,512/1024,1,8,8,5124.79850871166
10,30,512/1024,1,8,8,5849.95671018395
10,35,512/1024,1,8,8,6411.32400604148
10,40,512/1024,1,8,8,7106.95353875298
10,45,512/1024,1,8,8,7565.93817839021
10,50,512/1024,1,8,8,7938.26585541065
10,55,512/1024,1,8,8,7909.59990406249
10,60,512/1024,1,8,8,7856.93550139084
10,65,512/1024,1,8,8,8027.17022690754
10,70,512/1024,1,8,8,8068.99216044603
10,75,512/1024,1,8,8,8110.53944510973
10,80,512/1024,1,8,8,8062.89432755474
10,85,512/1024,1,8,8,8024.81434839573
10,90,512/1024,1,8,8,7963.12343598653
10,95,512/1024,1,8,8,7770.75329450977
10,100,512/1024,1,8,8,7607.37369622349
10,105,512/1024,1,8,8,7482.87366374917
10,110,512/1024,1,8,8,7380.29244130971
10,115,512/1024,1,8,8,6860.98525907269
10,120,512/1024,1,8,8,7006.60295920732
10,5,512/1024,1,16,8,1353.89339696889
10,10,512/1024,1,16,8,2482.29691078336
10,15,512/1024,1,16,8,3416.38996474147
10,20,512/1024,1,16,8,4122.61396390732
10,25,512/1024,1,16,8,4987.27270825751
10,30,512/1024,1,16,8,5787.42970598165
10,35,512/1024,1,16,8,6514.99177063065
10,40,512/1024,1,16,8,7334.05510485184
10,45,512/1024,1,16,8,7671.39000543526
10,50,512/1024,1,16,8,7912.67558766551
10,55,512/1024,1,16,8,7996.26709000855
10,60,512/1024,1,16,8,8075.71821293683
10,65,512/1024,1,16,8,8166.58804587036
10,70,512/1024,1,16,8,8127.72326763488
10,75,512/1024,1,16,8,7887.70526938208
10,80,512/1024,1,16,8,7613.17772477836
10,85,512/1024,1,16,8,7800.46085186835
10,90,512/1024,1,16,8,7897.95388148579
10,95,512/1024,1,16,8,7937.57712949416
10,100,512/1024,1,16,8,7857.24120712764
10,105,512/1024,1,16,8,7641.05731899154
10,110,512/1024,1,16,8,7375.39485376148
10,115,512/1024,1,16,8,7136.21125536201
10,120,512/1024,1,16,8,7185.95719874845
10,5,512/1024,80/1024,1,16,1418.29126232421
10,10,512/1024,80/1024,1,16,2382.80581825778
10,15,512/1024,80/1024,1,16,3185.74294121330
10,20,512/1024,80/1024,1,16,3826.90299125202
10,25,512/1024,80/1024,1,16,4289.73361244610
10,30,512/1024,80/1024,1,16,4758.00210393717
10,35,512/1024,80/1024,1,16,5130.95165367810
10,40,512/1024,80/1024,1,16,5329.91731481219
10,45,512/1024,80/1024,1,16,5584.10243180481
10,50,512/1024,80/1024,1,16,5733.95858767481
10,55,512/1024,80/1024,1,16,5436.27902771311
10,60,512/1024,80/1024,1,16,5270.81216749473
10,65,512/1024,80/1024,1,16,5649.77936452633
10,70,512/1024,80/1024,1,16,5677.48148542667
10,75,512/1024,80/1024,1,16,5782.36540947624
10,80,512/1024,80/1024,1,16,5782.07768614148
10,85,512/1024,80/1024,1,16,5664.46236214815
10,90,512/1024,80/1024,1,16,5650.01150182062
10,95,512/1024,80/1024,1,16,5611.13399551659
10,100,512/1024,80/1024,1,16,5499.95618119787
10,105,512/1024,80/1024,1,16,5395.26711823416
10,110,512/1024,80/1024,1,16,5322.68372797640
10,115,512/1024,80/1024,1,16,5166.61473583373
10,120,512/1024,80/1024,1,16,5083.92664126187
10,5,512/1024,512/1024,1,16,1368.13119030642
10,10,512/1024,512/1024,1,16,2364.15381510303
10,15,512/1024,512/1024,1,16,3159.81643281708
10,20,512/1024,512/1024,1,16,3748.07061236306
10,25,512/1024,512/1024,1,16,4197.21006794479
10,30,512/1024,512/1024,1,16,4669.98753681618
10,35,512/1024,512/1024,1,16,5037.13346478160
10,40,512/1024,512/1024,1,16,5322.18205818691
10,45,512/1024,512/1024,1,16,5537.79031347591
10,50,512/1024,512/1024,1,16,5762.54849512100
10,55,512/1024,512/1024,1,16,5692.63741758647
10,60,512/1024,512/1024,1,16,5764.95182460012
10,65,512/1024,512/1024,1,16,5761.38707725239
10,70,512/1024,512/1024,1,16,5829.99697697922
10,75,512/1024,512/1024,1,16,5498.49406487376
10,80,512/1024,512/1024,1,16,5673.73336999147
10,85,512/1024,512/1024,1,16,5650.24110846653
10,90,512/1024,512/1024,1,16,5671.24589809929
10,95,512/1024,512/1024,1,16,5592.93577118095
10,100,512/1024,512/1024,1,16,5479.59065711455
10,105,512/1024,512/1024,1,16,5392.90233128913
10,110,512/1024,512/1024,1,16,5309.30368434288
10,115,512/1024,512/1024,1,16,5238.89005984253
10,120,512/1024,512/1024,1,16,5218.98094731443
10,5,512/1024,1,2,16,1387.78644076038
10,10,512/1024,1,2,16,2457.26528631907
10,15,512/1024,1,2,16,3334.81754840461
10,20,512/1024,1,2,16,4020.00812322961
10,25,512/1024,1,2,16,4580.29783434855
10,30,512/1024,1,2,16,5203.69812755324
10,35,512/1024,1,2,16,5637.43336629016
10,40,512/1024,1,2,16,6387.15470013947
10,45,512/1024,1,2,16,6803.09045348124
10,50,512/1024,1,2,16,7189.88815613963
10,55,512/1024,1,2,16,7373.98900372658
10,60,512/1024,1,2,16,7474.54704615858
10,65,512/1024,1,2,16,7391.41227446628
10,70,512/1024,1,2,16,7473.26340153101
10,75,512/1024,1,2,16,7483.81038420677
10,80,512/1024,1,2,16,7475.57416214812
10,85,512/1024,1,2,16,7450.38042365903
10,90,512/1024,1,2,16,7260.88120255014
10,95,512/1024,1,2,16,7118.00926233907
10,100,512/1024,1,2,16,7196.84530896860
10,105,512/1024,1,2,16,6917.46725462084
10,110,512/1024,1,2,16,6210.21064536574
10,115,512/1024,1,2,16,6603.03043732751
10,120,512/1024,1,2,16,6507.88903526502
10,5,512/1024,1,4,16,1393.51634153571
10,10,512/1024,1,4,16,2577.08169411935
10,15,512/1024,1,4,16,3550.58496950819
10,20,512/1024,1,4,16,4375.80099961072
10,25,512/1024,1,4,16,5132.97463317508
10,30,512/1024,1,4,16,5928.44987662871
10,35,512/1024,1,4,16,6642.19456775845
10,40,512/1024,1,4,16,7287.65330110472
10,45,512/1024,1,4,16,7716.78974834291
10,50,512/1024,1,4,16,8030.09611380523
10,55,512/1024,1,4,16,7888.22064036923
10,60,512/1024,1,4,16,7793.13182716719
10,65,512/1024,1,4,16,7700.11482626987
10,70,512/1024,1,4,16,7908.49032446277
10,75,512/1024,1,4,16,8056.02858104357
10,80,512/1024,1,4,16,8069.45933562499
10,85,512/1024,1,4,16,8077.92102667010
10,90,512/1024,1,4,16,7929.12841785357
10,95,512/1024,1,4,16,7817.26369798048
10,100,512/1024,1,4,16,7599.00499143893
10,105,512/1024,1,4,16,7274.01029977541
10,110,512/1024,1,4,16,7202.34512222966
10,115,512/1024,1,4,16,7168.16024037693
10,120,512/1024,1,4,16,7135.20682022128
10,5,512/1024,1,8,16,1368.22704860321
10,10,512/1024,1,8,16,2540.62184942140
10,15,512/1024,1,8,16,3396.77612616837
10,20,512/1024,1,8,16,4343.31160303283
10,25,512/1024,1,8,16,5132.93718147357
10,30,512/1024,1,8,16,5962.32226127354
10,35,512/1024,1,8,16,6692.14760932463
10,40,512/1024,1,8,16,7297.77121516210
10,45,512/1024,1,8,16,7679.13886142252
10,50,512/1024,1,8,16,7774.16141714413
10,55,512/1024,1,8,16,7872.69078372041
10,60,512/1024,1,8,16,8066.89618512416
10,65,512/1024,1,8,16,8115.98413614153
10,70,512/1024,1,8,16,7943.35099120894
10,75,512/1024,1,8,16,8051.56346164738
10,80,512/1024,1,8,16,8038.21945252669
10,85,512/1024,1,8,16,7928.76269121559
10,90,512/1024,1,8,16,7980.53884214483
10,95,512/1024,1,8,16,7960.74967100695
10,100,512/1024,1,8,16,7883.03620926469
10,105,512/1024,1,8,16,7651.23662037247
10,110,512/1024,1,8,16,7428.68236143326
10,115,512/1024,1,8,16,7291.75064048822
10,120,512/1024,1,8,16,7250.30337014339
10,5,512/1024,1,16,16,1363.52906061505
10,10,512/1024,1,16,16,2531.60633106800
10,15,512/1024,1,16,16,3533.76106527942
10,20,512/1024,1,16,16,4351.22226771300
10,25,512/1024,1,16,16,5109.14596216948
10,30,512/1024,1,16,16,5800.12816307721
10,35,512/1024,1,16,16,6428.26726847667
10,40,512/1024,1,16,16,7167.50808950086
10,45,512/1024,1,16,16,7506.03729083043
10,50,512/1024,1,16,16,7918.66666501036
10,55,512/1024,1,16,16,7978.13827674920
10,60,512/1024,1,16,16,8036.40007898944
10,65,512/1024,1,16,16,8169.06180049069
10,70,512/1024,1,16,16,7957.91532709053
10,75,512/1024,1,16,16,7967.57436368750
10,80,512/1024,1,16,16,7896.86746958968
10,85,512/1024,1,16,16,7882.99636851093
10,90,512/1024,1,16,16,7979.86380375144
10,95,512/1024,1,16,16,7853.92863556565
10,100,512/1024,1,16,16,7686.91719143162
10,105,512/1024,1,16,16,7631.79635921015
10,110,512/1024,1,16,16,7412.25306709579
10,115,512/1024,1,16,16,7272.94928640524
10,120,512/1024,1,16,16,7150.88796177108
10,5,1,80/1024,1,4,1372.62864300614
10,10,1,80/1024,1,4,2371.67625648528
10,15,1,80/1024,1,4,3155.64960746850
10,20,1,80/1024,1,4,3776.32232660094
10,25,1,80/1024,1,4,4157.89912545575
10,30,1,80/1024,1,4,4630.79200467181
10,35,1,80/1024,1,4,4965.43924898501
10,40,1,80/1024,1,4,5311.03911110207
10,45,1,80/1024,1,4,5487.09412754110
10,50,1,80/1024,1,4,5713.00971481745
10,55,1,80/1024,1,4,5888.93306033606
10,60,1,80/1024,1,4,5958.80601406770
10,65,1,80/1024,1,4,6037.26556105304
10,70,1,80/1024,1,4,5955.49221903454
10,75,1,80/1024,1,4,5939.81849155742
10,80,1,80/1024,1,4,5860.71376885464
10,85,1,80/1024,1,4,5684.99299283052
10,90,1,80/1024,1,4,5707.77127223259
10,95,1,80/1024,1,4,5711.34432338713
10,100,1,80/1024,1,4,5608.89939910105
10,105,1,80/1024,1,4,5044.96263527453
10,110,1,80/1024,1,4,5325.62680874623
10,115,1,80/1024,1,4,5266.91449521872
10,120,1,80/1024,1,4,5169.51501386972
10,5,1,512/1024,1,4,1343.26962753807
10,10,1,512/1024,1,4,2351.18067901452
10,15,1,512/1024,1,4,3030.97276835218
10,20,1,512/1024,1,4,3725.35442016759
10,25,1,512/1024,1,4,4209.08645038684
10,30,1,512/1024,1,4,4758.07070212650
10,35,1,512/1024,1,4,5103.33694018263
10,40,1,512/1024,1,4,5363.20629395437
10,45,1,512/1024,1,4,5666.99042750570
10,50,1,512/1024,1,4,5820.61194615683
10,55,1,512/1024,1,4,5855.73398208331
10,60,1,512/1024,1,4,5977.52768027128
10,65,1,512/1024,1,4,5981.78210163946
10,70,1,512/1024,1,4,5961.72696730496
10,75,1,512/1024,1,4,5956.24412417809
10,80,1,512/1024,1,4,5869.28319288111
10,85,1,512/1024,1,4,5730.60960041465
10,90,1,512/1024,1,4,5694.49849239811
10,95,1,512/1024,1,4,5637.34018795249
10,100,1,512/1024,1,4,5598.62108828282
10,105,1,512/1024,1,4,5484.71846413191
10,110,1,512/1024,1,4,5436.67547080119
10,115,1,512/1024,1,4,5336.26310688323
10,120,1,512/1024,1,4,5266.57178037982
10,5,1,1,2,4,1353.60199222541
10,10,1,1,2,4,2503.30354486138
10,15,1,1,2,4,3280.30721301078
10,20,1,1,2,4,3810.74552430631
10,25,1,1,2,4,4628.87047494292
10,30,1,1,2,4,5265.40143860286
10,35,1,1,2,4,5723.37122747918
10,40,1,1,2,4,6456.87135835346
10,45,1,1,2,4,6685.65744228086
10,50,1,1,2,4,7108.00193183209
10,55,1,1,2,4,7419.06840456734
10,60,1,1,2,4,7546.26256161139
10,65,1,1,2,4,7623.16885094805
10,70,1,1,2,4,7651.33436102498
10,75,1,1,2,4,7598.35481910543
10,80,1,1,2,4,7637.30823683751
10,85,1,1,2,4,7484.70948726461
10,90,1,1,2,4,7330.58188926155
10,95,1,1,2,4,7369.29877440449
10,100,1,1,2,4,6981.07369340282
10,105,1,1,2,4,6792.40299651332
10,110,1,1,2,4,6698.92198921092
10,115,1,1,2,4,6587.15269748177
10,120,1,1,2,4,6599.44718991053
10,5,1,1,4,4,1414.84414658163
10,10,1,1,4,4,2629.18968030431
10,15,1,1,4,4,3571.51674322489
10,20,1,1,4,4,4401.29826365846
10,25,1,1,4,4,4972.29937326161
10,30,1,1,4,4,6014.98725828450
10,35,1,1,4,4,6873.54786953415
10,40,1,1,4,4,7672.29863346519
10,45,1,1,4,4,7955.31752872698
10,50,1,1,4,4,8050.38183073999
10,55,1,1,4,4,8124.31412963417
10,60,1,1,4,4,8207.92582239223
10,65,1,1,4,4,8212.37155505819
10,70,1,1,4,4,8297.53399844720
10,75,1,1,4,4,8296.19023926850
10,80,1,1,4,4,8193.89803864487
10,85,1,1,4,4,8108.63741717401
10,90,1,1,4,4,8096.87343119307
10,95,1,1,4,4,8086.85948124302
10,100,1,1,4,4,7985.74005043915
10,105,1,1,4,4,7830.88672092990
10,110,1,1,4,4,7742.07639472456
10,115,1,1,4,4,7593.84039962867
10,120,1,1,4,4,7462.35779517482
10,5,1,1,8,4,1390.46702565250
10,10,1,1,8,4,2613.25759150501
10,15,1,1,8,4,3628.42826003930
10,20,1,1,8,4,4498.24005888567
10,25,1,1,8,4,5313.31490138943
10,30,1,1,8,4,6185.08995898712
10,35,1,1,8,4,6947.73122143241
10,40,1,1,8,4,7712.43636703673
10,45,1,1,8,4,8078.60351287031
10,50,1,1,8,4,8158.58681176433
10,55,1,1,8,4,7930.99093191140
10,60,1,1,8,4,8372.40282000367
10,65,1,1,8,4,8205.77082021301
10,70,1,1,8,4,8398.47155876929
10,75,1,1,8,4,8434.54356459911
10,80,1,1,8,4,8441.30617725008
10,85,1,1,8,4,8463.18587730986
10,90,1,1,8,4,8349.82546138410
10,95,1,1,8,4,8168.17782200303
10,100,1,1,8,4,7917.74300864406
10,105,1,1,8,4,7735.85092318685
10,110,1,1,8,4,7662.35698105473
10,115,1,1,8,4,7467.68132208841
10,120,1,1,8,4,7468.70430919402
10,5,1,1,16,4,1412.87580773515
10,10,1,1,16,4,2584.09713461425
10,15,1,1,16,4,3571.05569558696
10,20,1,1,16,4,4405.76206331038
10,25,1,1,16,4,5164.85188384978
10,30,1,1,16,4,6056.48874035339
10,35,1,1,16,4,6992.16745876171
10,40,1,1,16,4,7673.63561611602
10,45,1,1,16,4,8098.71631408113
10,50,1,1,16,4,8127.42252380969
10,55,1,1,16,4,8237.67713671350
10,60,1,1,16,4,8310.23808237626
10,65,1,1,16,4,8387.09668612605
10,70,1,1,16,4,8508.18783130641
10,75,1,1,16,4,8433.73470800634
10,80,1,1,16,4,8423.63783844395
10,85,1,1,16,4,8397.05917810816
10,90,1,1,16,4,8301.24565041389
10,95,1,1,16,4,8267.86838991206
10,100,1,1,16,4,8207.47104525302
10,105,1,1,16,4,7904.76791705185
10,110,1,1,16,4,7806.07052467455
10,115,1,1,16,4,7607.00868078151
10,120,1,1,16,4,7392.67485703943
10,5,1,80/1024,1,8,1363.62784862528
10,10,1,80/1024,1,8,2404.91323107349
10,15,1,80/1024,1,8,3203.11264992644
10,20,1,80/1024,1,8,3717.42626632658
10,25,1,80/1024,1,8,4180.51094243084
10,30,1,80/1024,1,8,4611.33306745059
10,35,1,80/1024,1,8,4959.54417283015
10,40,1,80/1024,1,8,5287.80298320485
10,45,1,80/1024,1,8,5493.52813943945
10,50,1,80/1024,1,8,5757.24182275664
10,55,1,80/1024,1,8,5868.51661968454
10,60,1,80/1024,1,8,5949.01172332208
10,65,1,80/1024,1,8,5930.74124310013
10,70,1,80/1024,1,8,5963.70602918052
10,75,1,80/1024,1,8,5905.95219320577
10,80,1,80/1024,1,8,5826.72086927396
10,85,1,80/1024,1,8,5799.58302985606
10,90,1,80/1024,1,8,5644.83684624567
10,95,1,80/1024,1,8,5644.17285388762
10,100,1,80/1024,1,8,5495.09709424348
10,105,1,80/1024,1,8,5418.77485824350
10,110,1,80/1024,1,8,5291.38478815662
10,115,1,80/1024,1,8,5153.30907026118
10,120,1,80/1024,1,8,5253.86531060824
10,5,1,512/1024,1,8,1394.32224131089
10,10,1,512/1024,1,8,2355.00310193339
10,15,1,512/1024,1,8,3091.04710000090
10,20,1,512/1024,1,8,3634.36186491206
10,25,1,512/1024,1,8,4221.31052180411
10,30,1,512/1024,1,8,4680.66678126309
10,35,1,512/1024,1,8,5006.15110715425
10,40,1,512/1024,1,8,5394.29075665459
10,45,1,512/1024,1,8,5619.15716063994
10,50,1,512/1024,1,8,5892.60272823250
10,55,1,512/1024,1,8,5962.18241141604
10,60,1,512/1024,1,8,5976.71184719533
10,65,1,512/1024,1,8,5974.86050896763
10,70,1,512/1024,1,8,6007.49327784179
10,75,1,512/1024,1,8,6006.08709230909
10,80,1,512/1024,1,8,5974.50357327227
10,85,1,512/1024,1,8,5947.13471489338
10,90,1,512/1024,1,8,5908.53684974989
10,95,1,512/1024,1,8,5815.43122661312
10,100,1,512/1024,1,8,5755.65299938558
10,105,1,512/1024,1,8,5691.62805209382
10,110,1,512/1024,1,8,5527.17088097649
10,115,1,512/1024,1,8,5486.72123914315
10,120,1,512/1024,1,8,5371.45875022777
10,5,1,1,2,8,1402.17986279169
10,10,1,1,2,8,2502.06800010035
10,15,1,1,2,8,3353.30781113502
10,20,1,1,2,8,3990.10209246599
10,25,1,1,2,8,4652.23117140979
10,30,1,1,2,8,5387.15830317488
10,35,1,1,2,8,5885.00001081625
10,40,1,1,2,8,6701.42655334836
10,45,1,1,2,8,7011.77102267864
10,50,1,1,2,8,7259.84115298527
10,55,1,1,2,8,7165.90253070911
10,60,1,1,2,8,7513.11801661997
10,65,1,1,2,8,7507.54729512689
10,70,1,1,2,8,7544.56432320384
10,75,1,1,2,8,7430.59595657958
10,80,1,1,2,8,7331.73458698801
10,85,1,1,2,8,7442.89859179355
10,90,1,1,2,8,7443.93894620721
10,95,1,1,2,8,7384.26886638246
10,100,1,1,2,8,7328.48142205571
10,105,1,1,2,8,7146.81139138590
10,110,1,1,2,8,6989.82120949598
10,115,1,1,2,8,6826.15272437365
10,120,1,1,2,8,6713.06764341667
10,5,1,1,4,8,1372.56142979601
10,10,1,1,4,8,2645.79730940618
10,15,1,1,4,8,3548.47795511677
10,20,1,1,4,8,4423.68640210603
10,25,1,1,4,8,5198.60761214085
10,30,1,1,4,8,6045.30973102149
10,35,1,1,4,8,6945.12346339938
10,40,1,1,4,8,7672.27453096595
10,45,1,1,4,8,8072.33005471433
10,50,1,1,4,8,8180.54255492877
10,55,1,1,4,8,8260.05754799168
10,60,1,1,4,8,8271.01595726905
10,65,1,1,4,8,8155.93877828754
10,70,1,1,4,8,8257.65620576688
10,75,1,1,4,8,8291.61096118305
10,80,1,1,4,8,8201.60580841793
10,85,1,1,4,8,8160.30645471040
10,90,1,1,4,8,8204.95148893811
10,95,1,1,4,8,8173.13852511314
10,100,1,1,4,8,8107.85390408890
10,105,1,1,4,8,7976.23635868199
10,110,1,1,4,8,7601.78265638660
10,115,1,1,4,8,7197.00463638690
10,120,1,1,4,8,7091.34428916228
10,5,1,1,8,8,1387.32870987074
10,10,1,1,8,8,2643.50382485952
10,15,1,1,8,8,3669.36881510827
10,20,1,1,8,8,4579.58517416717
10,25,1,1,8,8,5392.80100285609
10,30,1,1,8,8,6305.78932312579
10,35,1,1,8,8,7062.95142317463
10,40,1,1,8,8,7786.75202981729
10,45,1,1,8,8,7988.81695357251
10,50,1,1,8,8,8085.21303316242
10,55,1,1,8,8,8300.64477690346
10,60,1,1,8,8,8425.51053732566
10,65,1,1,8,8,8497.52267439147
10,70,1,1,8,8,8579.11191302768
10,75,1,1,8,8,8550.97628759978
10,80,1,1,8,8,8563.48348083326
10,85,1,1,8,8,8270.13415274685
10,90,1,1,8,8,8194.87871356355
10,95,1,1,8,8,8152.31665632414
10,100,1,1,8,8,8118.23817408685
10,105,1,1,8,8,7883.97679047541
10,110,1,1,8,8,7676.10903433179
10,115,1,1,8,8,7395.88868303753
10,120,1,1,8,8,7350.19153863499
10,5,1,1,16,8,1367.68291192928
10,10,1,1,16,8,2595.48448502166
10,15,1,1,16,8,3649.04519578048
10,20,1,1,16,8,4532.29452364081
10,25,1,1,16,8,5376.70778429450
10,30,1,1,16,8,6230.05297403286
10,35,1,1,16,8,6935.71237568588
10,40,1,1,16,8,7475.73128030519
10,45,1,1,16,8,7576.18931124397
10,50,1,1,16,8,8243.69626066005
10,55,1,1,16,8,8338.54243545065
10,60,1,1,16,8,8416.25669453284
10,65,1,1,16,8,8153.48416556907
10,70,1,1,16,8,8121.35101024412
10,75,1,1,16,8,8258.30037653165
10,80,1,1,16,8,8329.19409430851
10,85,1,1,16,8,8276.33658448867
10,90,1,1,16,8,8323.78180945050
10,95,1,1,16,8,8314.25768241470
10,100,1,1,16,8,8221.59242264770
10,105,1,1,16,8,7868.19815663013
10,110,1,1,16,8,7662.09672743298
10,115,1,1,16,8,7502.01827285634
10,120,1,1,16,8,7428.97575078900
10,5,1,80/1024,1,16,1348.52713227404
10,10,1,80/1024,1,16,2409.87407569662
10,15,1,80/1024,1,16,3186.71709581679
10,20,1,80/1024,1,16,3792.45855162148
10,25,1,80/1024,1,16,4250.37794601429
10,30,1,80/1024,1,16,4652.68226178260
10,35,1,80/1024,1,16,5062.41699141758
10,40,1,80/1024,1,16,5322.88751876369
10,45,1,80/1024,1,16,5578.70015134378
10,50,1,80/1024,1,16,5764.92085926395
10,55,1,80/1024,1,16,5909.83706417901
10,60,1,80/1024,1,16,5606.58530359458
10,65,1,80/1024,1,16,5774.95551065199
10,70,1,80/1024,1,16,5837.18974759571
10,75,1,80/1024,1,16,5810.08025265207
10,80,1,80/1024,1,16,5950.80600097120
10,85,1,80/1024,1,16,5905.02487506298
10,90,1,80/1024,1,16,5835.77408619597
10,95,1,80/1024,1,16,5739.85528396485
10,100,1,80/1024,1,16,5700.37473898538
10,105,1,80/1024,1,16,5605.34684971014
10,110,1,80/1024,1,16,5559.21601166820
10,115,1,80/1024,1,16,5166.85622644672
10,120,1,80/1024,1,16,5377.90981393412
10,5,1,512/1024,1,16,1351.97628947462
10,10,1,512/1024,1,16,2399.92795771907
10,15,1,512/1024,1,16,3223.92870808294
10,20,1,512/1024,1,16,3777.05082664321
10,25,1,512/1024,1,16,4176.74547678394
10,30,1,512/1024,1,16,4464.37860154668
10,35,1,512/1024,1,16,4866.70169938420
10,40,1,512/1024,1,16,5303.61212253654
10,45,1,512/1024,1,16,5478.19915303494
10,50,1,512/1024,1,16,5714.92514021595
10,55,1,512/1024,1,16,5843.29572976490
10,60,1,512/1024,1,16,5965.63804881739
10,65,1,512/1024,1,16,5955.70624120396
10,70,1,512/1024,1,16,5973.94089774676
10,75,1,512/1024,1,16,5964.66573986078
10,80,1,512/1024,1,16,5909.08781707318
10,85,1,512/1024,1,16,5877.42286633005
10,90,1,512/1024,1,16,5815.41384482161
10,95,1,512/1024,1,16,5712.21057212613
10,100,1,512/1024,1,16,5545.73223373363
10,105,1,512/1024,1,16,5507.41812188310
10,110,1,512/1024,1,16,5420.56075237391
10,115,1,512/1024,1,16,5364.03609677197
10,120,1,512/1024,1,16,5314.83522856366
10,5,1,1,2,16,1368.07219451475
10,10,1,1,2,16,2466.80201016951
10,15,1,1,2,16,3358.75973456168
10,20,1,1,2,16,4077.05062980918
10,25,1,1,2,16,4721.70185968240
10,30,1,1,2,16,5273.43756821149
10,35,1,1,2,16,5821.42274310677
10,40,1,1,2,16,6641.21825142411
10,45,1,1,2,16,6938.42124564854
10,50,1,1,2,16,7392.40487265229
10,55,1,1,2,16,7626.24804230058
10,60,1,1,2,16,7633.04734118579
10,65,1,1,2,16,7673.74945515153
10,70,1,1,2,16,7677.14308991825
10,75,1,1,2,16,7620.91704921426
10,80,1,1,2,16,7670.03284193128
10,85,1,1,2,16,7412.98356706180
10,90,1,1,2,16,7057.36396735801
10,95,1,1,2,16,7301.33889499804
10,100,1,1,2,16,7079.02895292285
10,105,1,1,2,16,6523.06059091672
10,110,1,1,2,16,6756.16580585258
10,115,1,1,2,16,6525.11224793226
10,120,1,1,2,16,6592.61347537127
10,5,1,1,4,16,1397.89103921337
10,10,1,1,4,16,2597.61667993563
10,15,1,1,4,16,3614.31900679159
10,20,1,1,4,16,4480.41324664880
10,25,1,1,4,16,5297.93481393211
10,30,1,1,4,16,6239.00122289614
10,35,1,1,4,16,7007.86456594008
10,40,1,1,4,16,7741.01657421324
10,45,1,1,4,16,8109.28147604152
10,50,1,1,4,16,8190.98280718544
10,55,1,1,4,16,8251.21802922427
10,60,1,1,4,16,8302.04638199506
10,65,1,1,4,16,8306.21984896634
10,70,1,1,4,16,8305.84378165163
10,75,1,1,4,16,8278.33902599059
10,80,1,1,4,16,8320.20380760951
10,85,1,1,4,16,8281.87134291712
10,90,1,1,4,16,8257.64063183289
10,95,1,1,4,16,8102.79519317792
10,100,1,1,4,16,7832.40854497668
10,105,1,1,4,16,7871.02812956401
10,110,1,1,4,16,7653.28001262115
10,115,1,1,4,16,7620.38014302696
10,120,1,1,4,16,7482.74607002677
10,5,1,1,8,16,1423.13121837406
10,10,1,1,8,16,2593.19120174214
10,15,1,1,8,16,3615.36212112311
10,20,1,1,8,16,4506.46993152133
10,25,1,1,8,16,5320.62900657073
10,30,1,1,8,16,6235.01706900067
10,35,1,1,8,16,6917.21305714057
10,40,1,1,8,16,7677.49818651059
10,45,1,1,8,16,8112.63075813663
10,50,1,1,8,16,8348.42264489398
10,55,1,1,8,16,8383.25237097742
10,60,1,1,8,16,8554.09166040720
10,65,1,1,8,16,8360.81093271400
10,70,1,1,8,16,8170.55150935623
10,75,1,1,8,16,8340.94455985623
10,80,1,1,8,16,8409.50610592958
10,85,1,1,8,16,8296.88821694924
10,90,1,1,8,16,8416.75068322035
10,95,1,1,8,16,8314.06775897298
10,100,1,1,8,16,8192.04258767350
10,105,1,1,8,16,7964.72254926631
10,110,1,1,8,16,7833.73715831583
10,115,1,1,8,16,7633.95567183672
10,120,1,1,8,16,7482.16031880947
10,5,1,1,16,16,1360.60859424531
10,10,1,1,16,16,2603.10308717910
10,15,1,1,16,16,3619.67971284037
10,20,1,1,16,16,4505.86037053282
10,25,1,1,16,16,5285.28354885606
10,30,1,1,16,16,5966.67393555841
10,35,1,1,16,16,6625.69544493024
10,40,1,1,16,16,7396.81405782122
10,45,1,1,16,16,7966.70550361820
10,50,1,1,16,16,8259.70965130402
10,55,1,1,16,16,8379.65364863517
10,60,1,1,16,16,8373.82868868516
10,65,1,1,16,16,8277.94474063973
10,70,1,1,16,16,8362.16408181636
10,75,1,1,16,16,8338.11439401808
10,80,1,1,16,16,8478.51269036837
10,85,1,1,16,16,8383.68662233250
10,90,1,1,16,16,8438.95789742361
10,95,1,1,16,16,8309.06542254877
10,100,1,1,16,16,8207.70477910869
10,105,1,1,16,16,8052.50256372835
10,110,1,1,16,16,7770.48268623403
10,115,1,1,16,16,7637.56297479993
10,120,1,1,16,16,7437.00781590047
10,5,2,80/1024,1,4,1410.08846800992
10,10,2,80/1024,1,4,2393.93616509095
10,15,2,80/1024,1,4,3237.60552266276
10,20,2,80/1024,1,4,3760.48287251090
10,25,2,80/1024,1,4,4294.93869993484
10,30,2,80/1024,1,4,4751.94554390372
10,35,2,80/1024,1,4,5074.94432161633
10,40,2,80/1024,1,4,5389.04324244793
10,45,2,80/1024,1,4,5599.16843158943
10,50,2,80/1024,1,4,5744.67341310072
10,55,2,80/1024,1,4,5904.12562931722
10,60,2,80/1024,1,4,6015.87874504661
10,65,2,80/1024,1,4,6030.21418487468
10,70,2,80/1024,1,4,6044.38508157217
10,75,2,80/1024,1,4,6001.40329590550
10,80,2,80/1024,1,4,5929.39829767220
10,85,2,80/1024,1,4,5423.34696244923
10,90,2,80/1024,1,4,5468.54073072694
10,95,2,80/1024,1,4,5475.88564124452
10,100,2,80/1024,1,4,5413.91643460316
10,105,2,80/1024,1,4,5466.70279076218
10,110,2,80/1024,1,4,5421.14200656418
10,115,2,80/1024,1,4,5368.37216056308
10,120,2,80/1024,1,4,5281.56240509810
10,5,2,512/1024,1,4,1327.36843158889
10,10,2,512/1024,1,4,2331.41416751727
10,15,2,512/1024,1,4,3117.55746383923
10,20,2,512/1024,1,4,3679.20271471736
10,25,2,512/1024,1,4,3942.20571442679
10,30,2,512/1024,1,4,4633.83428523267
10,35,2,512/1024,1,4,5005.56209632988
10,40,2,512/1024,1,4,5223.85297308026
10,45,2,512/1024,1,4,5500.79320647194
10,50,2,512/1024,1,4,5705.62622899814
10,55,2,512/1024,1,4,5864.50596837102
10,60,2,512/1024,1,4,5898.22653933031
10,65,2,512/1024,1,4,5941.17318189500
10,70,2,512/1024,1,4,5911.67527827376
10,75,2,512/1024,1,4,5837.02733073163
10,80,2,512/1024,1,4,5741.18305739540
10,85,2,512/1024,1,4,5636.89956119091
10,90,2,512/1024,1,4,5561.98341901904
10,95,2,512/1024,1,4,5550.13208732731
10,100,2,512/1024,1,4,5665.61448882525
10,105,2,512/1024,1,4,5480.76435567213
10,110,2,512/1024,1,4,5361.43854583643
10,115,2,512/1024,1,4,5255.15069115562
10,120,2,512/1024,1,4,5182.78324157902
10,5,2,1,2,4,1364.98261664634
10,10,2,1,2,4,2494.31152917937
10,15,2,1,2,4,3319.67432483450
10,20,2,1,2,4,4040.77859200109
10,25,2,1,2,4,4758.70121668406
10,30,2,1,2,4,5413.06121649570
10,35,2,1,2,4,6134.68582413619
10,40,2,1,2,4,6755.90132979523
10,45,2,1,2,4,7050.54415501229
10,50,2,1,2,4,7212.65642199866
10,55,2,1,2,4,7463.69220916203
10,60,2,1,2,4,7596.86420430059
10,65,2,1,2,4,7670.44066798535
10,70,2,1,2,4,7686.91248126396
10,75,2,1,2,4,7635.83398954559
10,80,2,1,2,4,7617.42745326116
10,85,2,1,2,4,7516.73958066965
10,90,2,1,2,4,7479.77595322569
10,95,2,1,2,4,7247.93127416974
10,100,2,1,2,4,7194.01306844140
10,105,2,1,2,4,7024.24596845202
10,110,2,1,2,4,6940.58418658358
10,115,2,1,2,4,6721.88531695984
10,120,2,1,2,4,6599.44957864912
10,5,2,1,4,4,1347.89218955017
10,10,2,1,4,4,2601.27588164571
10,15,2,1,4,4,3571.80441423940
10,20,2,1,4,4,4413.93867750380
10,25,2,1,4,4,5181.45522937623
10,30,2,1,4,4,6064.04159515189
10,35,2,1,4,4,6940.70542356994
10,40,2,1,4,4,7679.94856650403
10,45,2,1,4,4,8117.59621480873
10,50,2,1,4,4,8190.14486781385
10,55,2,1,4,4,8228.20334179986
10,60,2,1,4,4,8316.37662030993
10,65,2,1,4,4,8354.71082277196
10,70,2,1,4,4,8373.70726721340
10,75,2,1,4,4,8324.60162968759
10,80,2,1,4,4,8304.13900816192
10,85,2,1,4,4,8243.16451571769
10,90,2,1,4,4,8157.66247593545
10,95,2,1,4,4,7962.23007191192
10,100,2,1,4,4,7920.73429868067
10,105,2,1,4,4,7925.02635777982
10,110,2,1,4,4,7797.55626663101
10,115,2,1,4,4,7663.30065982082
10,120,2,1,4,4,7499.27726290574
10,5,2,1,8,4,1397.14422115440
10,10,2,1,8,4,2622.55966302311
10,15,2,1,8,4,3613.50627154294
10,20,2,1,8,4,4498.94074134758
10,25,2,1,8,4,5290.32394707065
10,30,2,1,8,4,6209.64754115734
10,35,2,1,8,4,7013.48754726577
10,40,2,1,8,4,7743.28327098268
10,45,2,1,8,4,7862.63597675199
10,50,2,1,8,4,7593.84251619961
10,55,2,1,8,4,8337.96968567832
10,60,2,1,8,4,8413.51547429508
10,65,2,1,8,4,8591.20065869920
10,70,2,1,8,4,8493.74662022026
10,75,2,1,8,4,8406.55217450159
10,80,2,1,8,4,8336.66000808969
10,85,2,1,8,4,8343.91270286169
10,90,2,1,8,4,8132.44628812555
10,95,2,1,8,4,8209.71851402512
10,100,2,1,8,4,8151.06786851674
10,105,2,1,8,4,8018.05642437024
10,110,2,1,8,4,7815.34822442061
10,115,2,1,8,4,7646.08969871133
10,120,2,1,8,4,7513.63891495426
10,5,2,1,16,4,1397.16061015382
10,10,2,1,16,4,2594.65390358226
10,15,2,1,16,4,3613.11378314420
10,20,2,1,16,4,4461.75149292415
10,25,2,1,16,4,5182.29748621441
10,30,2,1,16,4,6185.28766279615
10,35,2,1,16,4,7007.49393929111
10,40,2,1,16,4,7709.79972703470
10,45,2,1,16,4,7926.00690249114
10,50,2,1,16,4,8184.92572198587
10,55,2,1,16,4,8333.02342713572
10,60,2,1,16,4,8522.46742228902
10,65,2,1,16,4,8376.52829827872
10,70,2,1,16,4,8412.29147870201
10,75,2,1,16,4,8430.84271580346
10,80,2,1,16,4,8401.45104451229
10,85,2,1,16,4,8185.61546536201
10,90,2,1,16,4,8255.73973665882
10,95,2,1,16,4,8367.41626083684
10,100,2,1,16,4,8216.67079034532
10,105,2,1,16,4,8032.78717497806
10,110,2,1,16,4,7806.50426946695
10,115,2,1,16,4,7628.94772119552
10,120,2,1,16,4,7497.92131504319
10,5,2,80/1024,1,8,1392.89243012191
10,10,2,80/1024,1,8,2409.73864719626
10,15,2,80/1024,1,8,3203.30019682117
10,20,2,80/1024,1,8,3739.11771268763
10,25,2,80/1024,1,8,4254.18786534796
10,30,2,80/1024,1,8,4708.56803407696
10,35,2,80/1024,1,8,4998.45653439551
10,40,2,80/1024,1,8,5294.23638208087
10,45,2,80/1024,1,8,5578.59425388677
10,50,2,80/1024,1,8,5722.39166131786
10,55,2,80/1024,1,8,5895.38545204070
10,60,2,80/1024,1,8,5959.71299263027
10,65,2,80/1024,1,8,5896.43765039876
10,70,2,80/1024,1,8,5883.41358585304
10,75,2,80/1024,1,8,5816.46624512857
10,80,2,80/1024,1,8,5924.01387341857
10,85,2,80/1024,1,8,5867.36983561584
10,90,2,80/1024,1,8,5861.61872043911
10,95,2,80/1024,1,8,5812.10600905665
10,100,2,80/1024,1,8,5713.23594431331
10,105,2,80/1024,1,8,5652.67970711589
10,110,2,80/1024,1,8,5517.10324742202
10,115,2,80/1024,1,8,5383.67443257676
10,120,2,80/1024,1,8,5352.07799599396
10,5,2,512/1024,1,8,1369.39510628992
10,10,2,512/1024,1,8,2421.56782615827
10,15,2,512/1024,1,8,3197.92473127696
10,20,2,512/1024,1,8,3746.33005862569
10,25,2,512/1024,1,8,4221.05954989471
10,30,2,512/1024,1,8,4488.39509621357
10,35,2,512/1024,1,8,4944.56611909854
10,40,2,512/1024,1,8,5260.00094141068
10,45,2,512/1024,1,8,5513.81935265624
10,50,2,512/1024,1,8,5710.69284585180
10,55,2,512/1024,1,8,5830.85877922193
10,60,2,512/1024,1,8,5910.01543355125
10,65,2,512/1024,1,8,5878.61267294822
10,70,2,512/1024,1,8,5867.58656640694
10,75,2,512/1024,1,8,5834.69732840385
10,80,2,512/1024,1,8,5950.54959880004
10,85,2,512/1024,1,8,5745.40413442406
10,90,2,512/1024,1,8,5700.14340293261
10,95,2,512/1024,1,8,5717.27961565273
10,100,2,512/1024,1,8,5742.14274987906
10,105,2,512/1024,1,8,5565.34901092380
10,110,2,512/1024,1,8,5531.82710164856
10,115,2,512/1024,1,8,5387.22583566293
10,120,2,512/1024,1,8,5355.34471568001
10,5,2,1,2,8,1381.93081476125
10,10,2,1,2,8,2499.80354277334
10,15,2,1,2,8,3398.86502145542
10,20,2,1,2,8,4157.84680593074
10,25,2,1,2,8,4875.14772917296
10,30,2,1,2,8,5515.29277676314
10,35,2,1,2,8,5947.51481907068
10,40,2,1,2,8,6264.58961170408
10,45,2,1,2,8,6633.79624200867
10,50,2,1,2,8,7031.07980237643
10,55,2,1,2,8,7216.57820515191
10,60,2,1,2,8,7579.42035077824
10,65,2,1,2,8,7656.72265355745
10,70,2,1,2,8,7695.17253886281
10,75,2,1,2,8,7640.52725245673
10,80,2,1,2,8,7643.80935757172
10,85,2,1,2,8,7409.90276879926
10,90,2,1,2,8,7184.04430466817
10,95,2,1,2,8,7272.89429916223
10,100,2,1,2,8,7197.19100832481
10,105,2,1,2,8,7133.31061729085
10,110,2,1,2,8,6740.97042832882
10,115,2,1,2,8,6533.09871813645
10,120,2,1,2,8,6478.08381992809
10,5,2,1,4,8,1391.91197091903
10,10,2,1,4,8,2567.28682684024
10,15,2,1,4,8,3640.11467802312
10,20,2,1,4,8,4575.81670449258
10,25,2,1,4,8,5334.57140663981
10,30,2,1,4,8,6252.77341432551
10,35,2,1,4,8,7014.49812807653
10,40,2,1,4,8,7568.44022808987
10,45,2,1,4,8,7913.33234242687
10,50,2,1,4,8,8082.93021900146
10,55,2,1,4,8,8129.20905026048
10,60,2,1,4,8,8135.47491543501
10,65,2,1,4,8,7962.42607781061
10,70,2,1,4,8,8275.00778978272
10,75,2,1,4,8,8355.09484469806
10,80,2,1,4,8,8256.35766737319
10,85,2,1,4,8,8293.73212581285
10,90,2,1,4,8,8225.18780086292
10,95,2,1,4,8,8075.73968569340
10,100,2,1,4,8,8074.09275745392
10,105,2,1,4,8,7931.21583843158
10,110,2,1,4,8,7815.34529337648
10,115,2,1,4,8,7681.77570405216
10,120,2,1,4,8,7533.70947160195
10,5,2,1,8,8,1417.45676194255
10,10,2,1,8,8,2610.47371435813
10,15,2,1,8,8,3650.66241480290
10,20,2,1,8,8,4514.80907757661
10,25,2,1,8,8,5321.77497179068
10,30,2,1,8,8,6186.04864598773
10,35,2,1,8,8,6821.95154467314
10,40,2,1,8,8,7507.14891927068
10,45,2,1,8,8,7894.84303382989
10,50,2,1,8,8,8385.15923080398
10,55,2,1,8,8,8466.44688661983
10,60,2,1,8,8,8611.35072353494
10,65,2,1,8,8,8509.27881850475
10,70,2,1,8,8,8396.75042518545
10,75,2,1,8,8,8356.62116796903
10,80,2,1,8,8,8280.21618919403
10,85,2,1,8,8,8271.91237823535
10,90,2,1,8,8,8319.63109023227
10,95,2,1,8,8,8263.34976511020
10,100,2,1,8,8,8247.10336224241
10,105,2,1,8,8,8075.64972676146
10,110,2,1,8,8,7830.19883666436
10,115,2,1,8,8,7515.44562496301
10,120,2,1,8,8,7287.27264458379
10,5,2,1,16,8,1416.51608032219
10,10,2,1,16,8,2606.46151463134
10,15,2,1,16,8,3655.20532214123
10,20,2,1,16,8,4524.46531873385
10,25,2,1,16,8,5359.20378488826
10,30,2,1,16,8,6223.37998545155
10,35,2,1,16,8,7036.18712557248
10,40,2,1,16,8,7760.53661580362
10,45,2,1,16,8,8164.96407313061
10,50,2,1,16,8,8407.70844373169
10,55,2,1,16,8,8469.98483249347
10,60,2,1,16,8,8561.16955179531
10,65,2,1,16,8,8440.44019633001
10,70,2,1,16,8,8332.48890132697
10,75,2,1,16,8,8390.37622032585
10,80,2,1,16,8,8225.32163402986
10,85,2,1,16,8,8424.93937717782
10,90,2,1,16,8,8282.92273793153
10,95,2,1,16,8,8315.25545053262
10,100,2,1,16,8,8253.35981659125
10,105,2,1,16,8,7978.80272030040
10,110,2,1,16,8,7705.13941272028
10,115,2,1,16,8,7283.76468472508
10,120,2,1,16,8,7132.41912095183
10,5,2,80/1024,1,16,1379.09905898744
10,10,2,80/1024,1,16,2392.24063138892
10,15,2,80/1024,1,16,3183.78951119088
10,20,2,80/1024,1,16,3742.63207214395
10,25,2,80/1024,1,16,4154.37482665505
10,30,2,80/1024,1,16,4560.74443217922
10,35,2,80/1024,1,16,4981.46666382340
10,40,2,80/1024,1,16,5208.78080597437
10,45,2,80/1024,1,16,5410.38930610807
10,50,2,80/1024,1,16,5637.09604861481
10,55,2,80/1024,1,16,5775.12095190795
10,60,2,80/1024,1,16,5824.44174693059
10,65,2,80/1024,1,16,5792.42450400301
10,70,2,80/1024,1,16,5868.82528659734
10,75,2,80/1024,1,16,5889.92920324263
10,80,2,80/1024,1,16,5813.38529678310
10,85,2,80/1024,1,16,5780.18228724797
10,90,2,80/1024,1,16,5758.13466780972
10,95,2,80/1024,1,16,5775.37625834944
10,100,2,80/1024,1,16,5635.73623211982
10,105,2,80/1024,1,16,5550.10240541845
10,110,2,80/1024,1,16,5394.32618720017
10,115,2,80/1024,1,16,5307.98476330879
10,120,2,80/1024,1,16,5231.95098871584
10,5,2,512/1024,1,16,1371.64469405950
10,10,2,512/1024,1,16,2394.96039669503
10,15,2,512/1024,1,16,3170.07175798136
10,20,2,512/1024,1,16,3727.17126499649
10,25,2,512/1024,1,16,4244.33249409253
10,30,2,512/1024,1,16,4667.39037222972
10,35,2,512/1024,1,16,5059.78536561944
10,40,2,512/1024,1,16,5371.69423473628
10,45,2,512/1024,1,16,5664.14629201455
10,50,2,512/1024,1,16,5798.70505296933
10,55,2,512/1024,1,16,5889.57677394640
10,60,2,512/1024,1,16,5913.17839457399
10,65,2,512/1024,1,16,5953.41298202169
10,70,2,512/1024,1,16,5989.24510817358
10,75,2,512/1024,1,16,5886.13593729480
10,80,2,512/1024,1,16,5879.68814724485
10,85,2,512/1024,1,16,5855.39665732538
10,90,2,512/1024,1,16,5818.35313549211
10,95,2,512/1024,1,16,5751.18472009079
10,100,2,512/1024,1,16,5723.94205958226
10,105,2,512/1024,1,16,5654.25315619679
10,110,2,512/1024,1,16,5547.77268706834
10,115,2,512/1024,1,16,5420.83748913851
10,120,2,512/1024,1,16,5288.18019821734
10,5,2,1,2,16,1393.36386429595
10,10,2,1,2,16,2485.38725466695
10,15,2,1,2,16,3421.62960741407
10,20,2,1,2,16,4153.80224475232
10,25,2,1,2,16,4820.89859373662
10,30,2,1,2,16,5375.92022020942
10,35,2,1,2,16,6036.23357684645
10,40,2,1,2,16,6715.39288060224
10,45,2,1,2,16,7139.04949608329
10,50,2,1,2,16,7319.22663699356
10,55,2,1,2,16,7481.06838616554
10,60,2,1,2,16,7590.18704101615
10,65,2,1,2,16,7598.61567995166
10,70,2,1,2,16,7671.17201360455
10,75,2,1,2,16,7663.52262742379
10,80,2,1,2,16,7401.72671940564
10,85,2,1,2,16,7244.14066849711
10,90,2,1,2,16,7224.15310846084
10,95,2,1,2,16,7195.72418651159
10,100,2,1,2,16,7182.52371236098
10,105,2,1,2,16,7120.35252822817
10,110,2,1,2,16,6825.14028488314
10,115,2,1,2,16,6524.72637668799
10,120,2,1,2,16,6486.39346067973
10,5,2,1,4,16,1394.46417071196
10,10,2,1,4,16,2613.39666057391
10,15,2,1,4,16,3579.35131444224
10,20,2,1,4,16,4381.36861691950
10,25,2,1,4,16,5118.91907181054
10,30,2,1,4,16,6009.79059760222
10,35,2,1,4,16,6963.60876786007
10,40,2,1,4,16,7490.99533187785
10,45,2,1,4,16,7946.04639982035
10,50,2,1,4,16,8160.72464910157
10,55,2,1,4,16,8180.14507618793
10,60,2,1,4,16,8196.32988224028
10,65,2,1,4,16,8215.98758542472
10,70,2,1,4,16,8175.22594425267
10,75,2,1,4,16,7925.93375442536
10,80,2,1,4,16,8335.19848127936
10,85,2,1,4,16,8327.38967656533
10,90,2,1,4,16,8284.67021161425
10,95,2,1,4,16,8083.35836929677
10,100,2,1,4,16,8021.70151559575
10,105,2,1,4,16,7870.97716792597
10,110,2,1,4,16,7798.11845727522
10,115,2,1,4,16,7569.59429168165
10,120,2,1,4,16,7505.59723029669
10,5,2,1,8,16,1400.55707423618
10,10,2,1,8,16,2592.97084388009
10,15,2,1,8,16,3559.09993374927
10,20,2,1,8,16,4388.43042279145
10,25,2,1,8,16,5235.09095210807
10,30,2,1,8,16,6232.21713525936
10,35,2,1,8,16,6976.81631711789
10,40,2,1,8,16,7730.24316237078
10,45,2,1,8,16,8136.47394789619
10,50,2,1,8,16,8010.48852197632
10,55,2,1,8,16,8116.88523038587
10,60,2,1,8,16,8441.28262030640
10,65,2,1,8,16,8468.84670480405
10,70,2,1,8,16,8602.37969059071
10,75,2,1,8,16,8567.48031071587
10,80,2,1,8,16,8509.60169105233
10,85,2,1,8,16,8476.32307075802
10,90,2,1,8,16,8450.96900202164
10,95,2,1,8,16,8348.62600420722
10,100,2,1,8,16,8284.81592170708
10,105,2,1,8,16,8041.86058819363
10,110,2,1,8,16,7822.33651507990
10,115,2,1,8,16,7674.48496828817
10,120,2,1,8,16,7516.35367214432
10,5,2,1,16,16,1359.00606958821
10,10,2,1,16,16,2630.03121476769
10,15,2,1,16,16,3638.36290688761
10,20,2,1,16,16,4525.23163837359
10,25,2,1,16,16,5316.86994935615
10,30,2,1,16,16,6226.99518989319
10,35,2,1,16,16,7072.10446410018
10,40,2,1,16,16,7689.19639319620
10,45,2,1,16,16,8122.77096950910
10,50,2,1,16,16,8457.36610926742
10,55,2,1,16,16,8324.16821643183
10,60,2,1,16,16,8428.01813352803
10,65,2,1,16,16,8294.22772589903
10,70,2,1,16,16,8442.96921492005
10,75,2,1,16,16,8513.66878654383
10,80,2,1,16,16,8524.43194204936
10,85,2,1,16,16,8428.41224885714
10,90,2,1,16,16,8466.37838872128
10,95,2,1,16,16,8169.48553146954
10,100,2,1,16,16,8063.82481387670
10,105,2,1,16,16,7855.22794607826
10,110,2,1,16,16,7566.28451884421
10,115,2,1,16,16,7497.59980928776
10,120,2,1,16,16,7402.93310556007
10,5,4,80/1024,1,4,1382.58314928668
10,10,4,80/1024,1,4,2407.36280001943
10,15,4,80/1024,1,4,3205.50682562945
10,20,4,80/1024,1,4,3772.52325076891
10,25,4,80/1024,1,4,4214.83884035113
10,30,4,80/1024,1,4,4678.33295195471
10,35,4,80/1024,1,4,5061.05065112815
10,40,4,80/1024,1,4,5403.24609004462
10,45,4,80/1024,1,4,5649.34226646635
10,50,4,80/1024,1,4,5830.96253511544
10,55,4,80/1024,1,4,5695.79615778703
10,60,4,80/1024,1,4,5956.81985571003
10,65,4,80/1024,1,4,5961.76138465659
10,70,4,80/1024,1,4,6001.70259911538
10,75,4,80/1024,1,4,5928.42113766562
10,80,4,80/1024,1,4,5495.59443090221
10,85,4,80/1024,1,4,5665.55738923777
10,90,4,80/1024,1,4,5638.53959126746
10,95,4,80/1024,1,4,5475.60723401335
10,100,4,80/1024,1,4,5622.76279501570
10,105,4,80/1024,1,4,5477.19300595527
10,110,4,80/1024,1,4,5350.46010674139
10,115,4,80/1024,1,4,5237.30684948440
10,120,4,80/1024,1,4,5151.88042962084
10,5,4,512/1024,1,4,1372.04802927682
10,10,4,512/1024,1,4,2388.14418888424
10,15,4,512/1024,1,4,3093.62094554998
10,20,4,512/1024,1,4,3373.13620034386
10,25,4,512/1024,1,4,4027.13117207667
10,30,4,512/1024,1,4,4635.59470866130
10,35,4,512/1024,1,4,4978.55527348461
10,40,4,512/1024,1,4,5340.73889587017
10,45,4,512/1024,1,4,5585.31312587873
10,50,4,512/1024,1,4,5758.43416393321
10,55,4,512/1024,1,4,5829.92154302361
10,60,4,512/1024,1,4,5951.23853386720
10,65,4,512/1024,1,4,5944.04535370488
10,70,4,512/1024,1,4,5999.09744389402
10,75,4,512/1024,1,4,5885.06362803831
10,80,4,512/1024,1,4,5800.07669877668
10,85,4,512/1024,1,4,5437.62572990366
10,90,4,512/1024,1,4,5723.60675606588
10,95,4,512/1024,1,4,5744.70972920752
10,100,4,512/1024,1,4,5642.09892080795
10,105,4,512/1024,1,4,5509.14156432770
10,110,4,512/1024,1,4,5378.46780438192
10,115,4,512/1024,1,4,5415.68627054783
10,120,4,512/1024,1,4,5313.41247937376
10,5,4,1,2,4,1406.84174405416
10,10,4,1,2,4,2486.23994389584
10,15,4,1,2,4,3385.91502474651
10,20,4,1,2,4,4152.29553225877
10,25,4,1,2,4,4888.91845486565
10,30,4,1,2,4,5533.72315042254
10,35,4,1,2,4,6113.34818604153
10,40,4,1,2,4,6439.60536864303
10,45,4,1,2,4,6954.47219684856
10,50,4,1,2,4,7263.32698470136
10,55,4,1,2,4,7413.75000870641
10,60,4,1,2,4,7369.16166844515
10,65,4,1,2,4,7123.75788143957
10,70,4,1,2,4,7687.39878560173
10,75,4,1,2,4,7560.10308997633
10,80,4,1,2,4,7409.78537391729
10,85,4,1,2,4,7414.40120171276
10,90,4,1,2,4,7407.25369448441
10,95,4,1,2,4,7243.18665221621
10,100,4,1,2,4,7216.87337881503
10,105,4,1,2,4,7126.16610617979
10,110,4,1,2,4,6942.14198313134
10,115,4,1,2,4,6757.00323892043
10,120,4,1,2,4,6254.76330644026
10,5,4,1,4,4,1375.43992721326
10,10,4,1,4,4,2590.22115269586
10,15,4,1,4,4,3554.22428222644
10,20,4,1,4,4,4388.86422164357
10,25,4,1,4,4,5321.31079785228
10,30,4,1,4,4,6239.74105325609
10,35,4,1,4,4,6995.20580697556
10,40,4,1,4,4,7741.99795066178
10,45,4,1,4,4,8128.91994205271
10,50,4,1,4,4,8192.85000824922
10,55,4,1,4,4,8249.75649908254
10,60,4,1,4,4,8301.34553133389
10,65,4,1,4,4,8356.11043864000
10,70,4,1,4,4,8397.56725885565
10,75,4,1,4,4,8341.71800463820
10,80,4,1,4,4,8161.45501674357
10,85,4,1,4,4,7993.82062141730
10,90,4,1,4,4,8170.55492454064
10,95,4,1,4,4,8193.80173115994
10,100,4,1,4,4,8152.13296684640
10,105,4,1,4,4,8022.86463595594
10,110,4,1,4,4,7801.49125259220
10,115,4,1,4,4,7612.73838016970
10,120,4,1,4,4,7318.54946903254
10,5,4,1,8,4,1385.36392462078
10,10,4,1,8,4,2619.89718800760
10,15,4,1,8,4,3599.60224582527
10,20,4,1,8,4,4490.43173566599
10,25,4,1,8,4,5337.73657695862
10,30,4,1,8,4,6234.57116743123
10,35,4,1,8,4,7041.97371684068
10,40,4,1,8,4,7620.19357466677
10,45,4,1,8,4,8132.54700190526
10,50,4,1,8,4,8379.70045524274
10,55,4,1,8,4,8457.27802641926
10,60,4,1,8,4,8474.49366520988
10,65,4,1,8,4,8453.32602866124
10,70,4,1,8,4,8236.34385898308
10,75,4,1,8,4,8159.60235316087
10,80,4,1,8,4,8382.70246759184
10,85,4,1,8,4,8193.70627090843
10,90,4,1,8,4,8223.16988459565
10,95,4,1,8,4,8215.77307220309
10,100,4,1,8,4,8079.34229764868
10,105,4,1,8,4,8048.72223505403
10,110,4,1,8,4,7815.61359519013
10,115,4,1,8,4,7638.86686923870
10,120,4,1,8,4,7697.38833792489
10,5,4,1,16,4,1461.60016961030
10,10,4,1,16,4,2612.29548749672
10,15,4,1,16,4,3595.26392642926
10,20,4,1,16,4,4529.90079421109
10,25,4,1,16,4,5322.17343348541
10,30,4,1,16,4,6202.94270189690
10,35,4,1,16,4,7051.79632030005
10,40,4,1,16,4,7718.41417628739
10,45,4,1,16,4,8032.32494506495
10,50,4,1,16,4,8147.05824304734
10,55,4,1,16,4,8159.20130853094
10,60,4,1,16,4,8408.33965455617
10,65,4,1,16,4,8516.52049549354
10,70,4,1,16,4,8569.26622399256
10,75,4,1,16,4,8487.32293203984
10,80,4,1,16,4,8390.21312555220
10,85,4,1,16,4,8439.94134404017
10,90,4,1,16,4,8275.72416416096
10,95,4,1,16,4,8062.23449371658
10,100,4,1,16,4,7883.66007751933
10,105,4,1,16,4,7879.64106270195
10,110,4,1,16,4,7679.34596927783
10,115,4,1,16,4,7372.75563699559
10,120,4,1,16,4,7385.11253381512
10,5,4,80/1024,1,8,1334.31611759758
10,10,4,80/1024,1,8,2403.10227087819
10,15,4,80/1024,1,8,3205.05965678932
10,20,4,80/1024,1,8,3826.43827582199
10,25,4,80/1024,1,8,4253.82629673339
10,30,4,80/1024,1,8,4713.66394268714
10,35,4,80/1024,1,8,5066.64052231311
10,40,4,80/1024,1,8,5450.52016032750
10,45,4,80/1024,1,8,5620.49431999549
10,50,4,80/1024,1,8,5773.92821982633
10,55,4,80/1024,1,8,5912.95407221588
10,60,4,80/1024,1,8,5978.08051698546
10,65,4,80/1024,1,8,5982.34136338915
10,70,4,80/1024,1,8,5916.29225317483
10,75,4,80/1024,1,8,5921.60027075800
10,80,4,80/1024,1,8,5946.86198924182
10,85,4,80/1024,1,8,5889.51855521474
10,90,4,80/1024,1,8,5868.94872791121
10,95,4,80/1024,1,8,5678.80695974616
10,100,4,80/1024,1,8,5502.85934828077
10,105,4,80/1024,1,8,5581.76277210161
10,110,4,80/1024,1,8,5392.12669334870
10,115,4,80/1024,1,8,5325.05459759657
10,120,4,80/1024,1,8,5208.65860464029
10,5,4,512/1024,1,8,1365.70615145548
10,10,4,512/1024,1,8,2391.98646877738
10,15,4,512/1024,1,8,3216.05887084438
10,20,4,512/1024,1,8,3851.96314314447
10,25,4,512/1024,1,8,4252.25510959466
10,30,4,512/1024,1,8,4381.95033689069
10,35,4,512/1024,1,8,4894.28607360303
10,40,4,512/1024,1,8,5213.39474877015
10,45,4,512/1024,1,8,5391.13282885719
10,50,4,512/1024,1,8,5274.99463245589
10,55,4,512/1024,1,8,5577.97430324794
10,60,4,512/1024,1,8,5825.57661687712
10,65,4,512/1024,1,8,5733.60833433170
10,70,4,512/1024,1,8,5896.89449465302
10,75,4,512/1024,1,8,5822.37688293804
10,80,4,512/1024,1,8,5848.93501580380
10,85,4,512/1024,1,8,5892.86236848120
10,90,4,512/1024,1,8,5785.08103366273
10,95,4,512/1024,1,8,5808.50466219692
10,100,4,512/1024,1,8,5701.98132637059
10,105,4,512/1024,1,8,5190.31627766406
10,110,4,512/1024,1,8,5375.53760149478
10,115,4,512/1024,1,8,5301.92836588041
10,120,4,512/1024,1,8,5254.32579165074
10,5,4,1,2,8,1374.27411460791
10,10,4,1,2,8,2527.59220684561
10,15,4,1,2,8,3344.30453400114
10,20,4,1,2,8,4201.47470090268
10,25,4,1,2,8,4928.20753328625
10,30,4,1,2,8,5551.29814154602
10,35,4,1,2,8,6114.24640289504
10,40,4,1,2,8,6761.14912184476
10,45,4,1,2,8,7105.35565812666
10,50,4,1,2,8,7496.04656491793
10,55,4,1,2,8,7523.21511069439
10,60,4,1,2,8,7601.50346632298
10,65,4,1,2,8,7568.63164422994
10,70,4,1,2,8,7719.63721934528
10,75,4,1,2,8,7559.83921273797
10,80,4,1,2,8,7229.16044635902
10,85,4,1,2,8,7500.53553527394
10,90,4,1,2,8,7410.77071758252
10,95,4,1,2,8,7218.42215364083
10,100,4,1,2,8,7161.33449689893
10,105,4,1,2,8,7059.37978163370
10,110,4,1,2,8,6607.46426920761
10,115,4,1,2,8,6746.82296985504
10,120,4,1,2,8,6539.71805901278
10,5,4,1,4,8,1406.67883317737
10,10,4,1,4,8,2599.45288796443
10,15,4,1,4,8,3642.75792994608
10,20,4,1,4,8,4527.39120786913
10,25,4,1,4,8,5149.96642645131
10,30,4,1,4,8,5901.35408106265
10,35,4,1,4,8,6806.02974050631
10,40,4,1,4,8,7373.90033283987
10,45,4,1,4,8,7909.19342424866
10,50,4,1,4,8,8059.06052920282
10,55,4,1,4,8,8277.08279222255
10,60,4,1,4,8,8315.00291174186
10,65,4,1,4,8,8300.00768576350
10,70,4,1,4,8,8300.63635236642
10,75,4,1,4,8,8218.51812300838
10,80,4,1,4,8,8240.99601615722
10,85,4,1,4,8,8308.84286618827
10,90,4,1,4,8,8296.85248577638
10,95,4,1,4,8,8034.12496557040
10,100,4,1,4,8,7973.17316413981
10,105,4,1,4,8,7756.16898718157
10,110,4,1,4,8,7666.91051014844
10,115,4,1,4,8,7424.88585649103
10,120,4,1,4,8,7402.03222948195
10,5,4,1,8,8,1398.41075303733
10,10,4,1,8,8,2638.68878055572
10,15,4,1,8,8,3675.25170361824
10,20,4,1,8,8,4517.94716625409
10,25,4,1,8,8,5333.66149740694
10,30,4,1,8,8,6253.98155210796
10,35,4,1,8,8,7054.96396847335
10,40,4,1,8,8,7736.84930109998
10,45,4,1,8,8,8137.23962873348
10,50,4,1,8,8,8375.50820120743
10,55,4,1,8,8,8521.23078936859
10,60,4,1,8,8,8612.03742216554
10,65,4,1,8,8,8475.22752288043
10,70,4,1,8,8,8472.57775654759
10,75,4,1,8,8,8381.74219131467
10,80,4,1,8,8,8459.58817411650
10,85,4,1,8,8,8481.93205137636
10,90,4,1,8,8,8278.22303915307
10,95,4,1,8,8,8324.36216903075
10,100,4,1,8,8,8274.66759142811
10,105,4,1,8,8,8050.64736829016
10,110,4,1,8,8,7659.50060585711
10,115,4,1,8,8,7563.49651899920
10,120,4,1,8,8,7374.17866355361
10,5,4,1,16,8,1428.96902081481
10,10,4,1,16,8,2637.93727737727
10,15,4,1,16,8,3663.89159895594
10,20,4,1,16,8,4492.98042565343
10,25,4,1,16,8,5326.76948623545
10,30,4,1,16,8,6218.54962340202
10,35,4,1,16,8,6987.55191225598
10,40,4,1,16,8,7516.92430972312
10,45,4,1,16,8,7802.34522950550
10,50,4,1,16,8,8230.46138011384
10,55,4,1,16,8,8350.90499061065
10,60,4,1,16,8,8411.03409863674
10,65,4,1,16,8,8371.14879096585
10,70,4,1,16,8,8461.03373024610
10,75,4,1,16,8,8458.47775099943
10,80,4,1,16,8,8353.99162240671
10,85,4,1,16,8,8305.12982868072
10,90,4,1,16,8,8264.69686534811
10,95,4,1,16,8,8354.97879684476
10,100,4,1,16,8,8255.57222385956
10,105,4,1,16,8,7989.00516842347
10,110,4,1,16,8,7842.89647778716
10,115,4,1,16,8,7630.20465177820
10,120,4,1,16,8,7448.79238898844
10,5,4,80/1024,1,16,1400.91781762302
10,10,4,80/1024,1,16,2443.68431413504
10,15,4,80/1024,1,16,3225.47445533531
10,20,4,80/1024,1,16,3842.25210906772
10,25,4,80/1024,1,16,4248.59388855930
10,30,4,80/1024,1,16,4610.58242995205
10,35,4,80/1024,1,16,5163.90040837682
10,40,4,80/1024,1,16,5446.87443501982
10,45,4,80/1024,1,16,5584.16705914779
10,50,4,80/1024,1,16,5765.97333468196
10,55,4,80/1024,1,16,5920.00914043068
10,60,4,80/1024,1,16,5955.56605973598
10,65,4,80/1024,1,16,5944.54353813054
10,70,4,80/1024,1,16,5972.03593759991
10,75,4,80/1024,1,16,5938.69986007143
10,80,4,80/1024,1,16,5966.11781593359
10,85,4,80/1024,1,16,5949.53106493740
10,90,4,80/1024,1,16,5889.42756881717
10,95,4,80/1024,1,16,5785.23584594272
10,100,4,80/1024,1,16,5696.87182308919
10,105,4,80/1024,1,16,5621.77579441117
10,110,4,80/1024,1,16,5532.64543364004
10,115,4,80/1024,1,16,5419.86649506410
10,120,4,80/1024,1,16,5360.75996250423
10,5,4,512/1024,1,16,1367.14830068866
10,10,4,512/1024,1,16,2385.05113749886
10,15,4,512/1024,1,16,3163.75993284507
10,20,4,512/1024,1,16,3748.09371558935
10,25,4,512/1024,1,16,4188.92939399727
10,30,4,512/1024,1,16,4635.62803732260
10,35,4,512/1024,1,16,4969.69482637206
10,40,4,512/1024,1,16,5293.10637543319
10,45,4,512/1024,1,16,5509.25791999048
10,50,4,512/1024,1,16,5796.09191124940
10,55,4,512/1024,1,16,5905.81777908445
10,60,4,512/1024,1,16,6040.28534835746
10,65,4,512/1024,1,16,5993.02909554966
10,70,4,512/1024,1,16,5998.49598402395
10,75,4,512/1024,1,16,5985.18268522183
10,80,4,512/1024,1,16,5861.17379391600
10,85,4,512/1024,1,16,5814.63332603406
10,90,4,512/1024,1,16,5781.09897413411
10,95,4,512/1024,1,16,5797.18294754280
10,100,4,512/1024,1,16,5777.09095300435
10,105,4,512/1024,1,16,5687.99714925765
10,110,4,512/1024,1,16,5589.39512890425
10,115,4,512/1024,1,16,5476.15905396506
10,120,4,512/1024,1,16,5397.17079211380
10,5,4,1,2,16,1360.96184442237
10,10,4,1,2,16,2509.82384321703
10,15,4,1,2,16,3416.38603788515
10,20,4,1,2,16,4170.46641028667
10,25,4,1,2,16,4895.90451304338
10,30,4,1,2,16,5523.63975684985
10,35,4,1,2,16,6133.15228328951
10,40,4,1,2,16,6691.10666297404
10,45,4,1,2,16,7178.07191014852
10,50,4,1,2,16,7400.21333364701
10,55,4,1,2,16,7474.21184292358
10,60,4,1,2,16,7592.53832679620
10,65,4,1,2,16,7631.22912619914
10,70,4,1,2,16,7666.58112641603
10,75,4,1,2,16,7571.29900295242
10,80,4,1,2,16,7394.81548778315
10,85,4,1,2,16,7322.90208630908
10,90,4,1,2,16,7378.75644823255
10,95,4,1,2,16,7306.65984950011
10,100,4,1,2,16,7233.45121792028
10,105,4,1,2,16,6999.21995347931
10,110,4,1,2,16,7023.82497275071
10,115,4,1,2,16,6809.36923385510
10,120,4,1,2,16,6683.02561109003
10,5,4,1,4,16,1412.68784752724
10,10,4,1,4,16,2627.27339335335
10,15,4,1,4,16,3629.24222101593
10,20,4,1,4,16,4422.24253686991
10,25,4,1,4,16,5188.79455007225
10,30,4,1,4,16,6025.32387480219
10,35,4,1,4,16,6796.95236840619
10,40,4,1,4,16,7678.61339741495
10,45,4,1,4,16,8100.77695158418
10,50,4,1,4,16,8182.68055883171
10,55,4,1,4,16,8264.68303636012
10,60,4,1,4,16,8331.64706242311
10,65,4,1,4,16,8320.70756013923
10,70,4,1,4,16,8296.37921785873
10,75,4,1,4,16,8276.55896958493
10,80,4,1,4,16,8272.96674628069
10,85,4,1,4,16,8267.63359072990
10,90,4,1,4,16,8272.42730506639
10,95,4,1,4,16,8241.22112810114
10,100,4,1,4,16,8133.58015144777
10,105,4,1,4,16,8057.43325627601
10,110,4,1,4,16,7803.11982614542
10,115,4,1,4,16,7679.45612830539
10,120,4,1,4,16,7515.37920261079
10,5,4,1,8,16,1382.43408083547
10,10,4,1,8,16,2606.49208693283
10,15,4,1,8,16,3621.91842462930
10,20,4,1,8,16,4510.78043990617
10,25,4,1,8,16,5319.66522485439
10,30,4,1,8,16,6224.14831365866
10,35,4,1,8,16,7017.57776610535
10,40,4,1,8,16,7714.20964923703
10,45,4,1,8,16,8188.07895509267
10,50,4,1,8,16,8444.45776463582
10,55,4,1,8,16,8369.13976339169
10,60,4,1,8,16,8310.51872567426
10,65,4,1,8,16,8391.66484806918
10,70,4,1,8,16,8442.31782694444
10,75,4,1,8,16,8379.54101732912
10,80,4,1,8,16,8311.97311925504
10,85,4,1,8,16,8165.97437910394
10,90,4,1,8,16,8184.13361348021
10,95,4,1,8,16,8184.45285112663
10,100,4,1,8,16,8225.18169446640
10,105,4,1,8,16,8027.24589359606
10,110,4,1,8,16,7809.02651804726
10,115,4,1,8,16,7642.40403020955
10,120,4,1,8,16,7401.51253160126
10,5,4,1,16,16,1375.04003980543
10,10,4,1,16,16,2615.96872732461
10,15,4,1,16,16,3598.93940662951
10,20,4,1,16,16,4483.39456230634
10,25,4,1,16,16,5175.31672990853
10,30,4,1,16,16,6087.98472862017
10,35,4,1,16,16,6840.64645241273
10,40,4,1,16,16,7707.96507720009
10,45,4,1,16,16,8185.58766828767
10,50,4,1,16,16,8254.01488260099
10,55,4,1,16,16,8270.72624819431
10,60,4,1,16,16,8416.03507237424
10,65,4,1,16,16,8443.67767997802
10,70,4,1,16,16,8547.31084085562
10,75,4,1,16,16,8577.86285935116
10,80,4,1,16,16,8427.10264574199
10,85,4,1,16,16,8414.98246573630
10,90,4,1,16,16,8170.86586586192
10,95,4,1,16,16,7964.77064851480
10,100,4,1,16,16,7916.97012461854
10,105,4,1,16,16,7877.62404251034
10,110,4,1,16,16,7657.18608193413
10,115,4,1,16,16,7566.11787765488
10,120,4,1,16,16,7501.33090255542
10,5,8,80/1024,1,4,1375.20844612453
10,10,8,80/1024,1,4,2405.52395883562
10,15,8,80/1024,1,4,3274.00379354836
10,20,8,80/1024,1,4,3772.55292202694
10,25,8,80/1024,1,4,4217.30782407998
10,30,8,80/1024,1,4,4741.79066464159
10,35,8,80/1024,1,4,5097.33678117311
10,40,8,80/1024,1,4,5404.44385630730
10,45,8,80/1024,1,4,5615.12954569133
10,50,8,80/1024,1,4,5800.00804147915
10,55,8,80/1024,1,4,5883.99992024090
10,60,8,80/1024,1,4,5667.73111295411
10,65,8,80/1024,1,4,5836.30518060755
10,70,8,80/1024,1,4,5840.46277710340
10,75,8,80/1024,1,4,5825.97374507149
10,80,8,80/1024,1,4,5831.73601780474
10,85,8,80/1024,1,4,5727.94222811236
10,90,8,80/1024,1,4,5669.32461330912
10,95,8,80/1024,1,4,5653.34650625752
10,100,8,80/1024,1,4,5440.31226414178
10,105,8,80/1024,1,4,5201.41926854921
10,110,8,80/1024,1,4,5553.47228844441
10,115,8,80/1024,1,4,5495.09829048780
10,120,8,80/1024,1,4,5389.50267124500
10,5,8,512/1024,1,4,1394.16116641651
10,10,8,512/1024,1,4,2394.30002551364
10,15,8,512/1024,1,4,3204.72700308965
10,20,8,512/1024,1,4,3811.42904693624
10,25,8,512/1024,1,4,4276.42613036998
10,30,8,512/1024,1,4,4700.26273932305
10,35,8,512/1024,1,4,5057.96958457424
10,40,8,512/1024,1,4,5310.38059796143
10,45,8,512/1024,1,4,5546.90575425428
10,50,8,512/1024,1,4,5720.55935709085
10,55,8,512/1024,1,4,5871.70486523564
10,60,8,512/1024,1,4,5930.40218460139
10,65,8,512/1024,1,4,5948.67093499920
10,70,8,512/1024,1,4,5928.09298926140
10,75,8,512/1024,1,4,5901.34014239218
10,80,8,512/1024,1,4,5898.11590953073
10,85,8,512/1024,1,4,5814.09440491853
10,90,8,512/1024,1,4,5383.05677944896
10,95,8,512/1024,1,4,5423.89690535232
10,100,8,512/1024,1,4,5619.58821068244
10,105,8,512/1024,1,4,5510.49742576087
10,110,8,512/1024,1,4,5519.42848587517
10,115,8,512/1024,1,4,5389.05118320612
10,120,8,512/1024,1,4,5294.58245181918
10,5,8,1,2,4,1363.94244796168
10,10,8,1,2,4,2515.12777345505
10,15,8,1,2,4,3352.05113214720
10,20,8,1,2,4,4060.18804836135
10,25,8,1,2,4,4775.82556487160
10,30,8,1,2,4,5431.07680919798
10,35,8,1,2,4,6005.83531065106
10,40,8,1,2,4,6776.79885332309
10,45,8,1,2,4,6986.44949580782
10,50,8,1,2,4,6924.66041055363
10,55,8,1,2,4,7314.47013702779
10,60,8,1,2,4,7433.38692705049
10,65,8,1,2,4,7503.67128068306
10,70,8,1,2,4,7580.34216167232
10,75,8,1,2,4,7537.23982596823
10,80,8,1,2,4,7411.75516497911
10,85,8,1,2,4,7168.42026183040
10,90,8,1,2,4,7189.37596467678
10,95,8,1,2,4,7278.41002176785
10,100,8,1,2,4,7375.12654555806
10,105,8,1,2,4,7023.90873228059
10,110,8,1,2,4,6510.47950766952
10,115,8,1,2,4,6631.07405996637
10,120,8,1,2,4,6459.63068314706
10,5,8,1,4,4,1401.94501113293
10,10,8,1,4,4,2620.90954810447
10,15,8,1,4,4,3593.62720386328
10,20,8,1,4,4,4426.58963743714
10,25,8,1,4,4,5205.79866997682
10,30,8,1,4,4,6102.93986055118
10,35,8,1,4,4,7024.46133328760
10,40,8,1,4,4,7876.65314988756
10,45,8,1,4,4,8196.53258501357
10,50,8,1,4,4,8229.83460084128
10,55,8,1,4,4,8268.11470674935
10,60,8,1,4,4,8330.52187000152
10,65,8,1,4,4,8297.17367317951
10,70,8,1,4,4,8292.02548945687
10,75,8,1,4,4,8311.50062773699
10,80,8,1,4,4,8282.27805949305
10,85,8,1,4,4,8350.79391406226
10,90,8,1,4,4,8302.63894783154
10,95,8,1,4,4,8247.08321062522
10,100,8,1,4,4,8001.18082350914
10,105,8,1,4,4,7784.48388175545
10,110,8,1,4,4,7700.82338166256
10,115,8,1,4,4,7690.66854546112
10,120,8,1,4,4,7538.62599025729
10,5,8,1,8,4,1389.87799866788
10,10,8,1,8,4,2517.58950735436
10,15,8,1,8,4,3466.26699823774
10,20,8,1,8,4,4453.12035535131
10,25,8,1,8,4,5349.40959145870
10,30,8,1,8,4,6308.06443594033
10,35,8,1,8,4,7045.15527204646
10,40,8,1,8,4,7756.91513398095
10,45,8,1,8,4,8227.38051024514
10,50,8,1,8,4,8413.32356757037
10,55,8,1,8,4,8560.07107458738
10,60,8,1,8,4,8593.01146075479
10,65,8,1,8,4,8597.76902086635
10,70,8,1,8,4,8647.68848829420
10,75,8,1,8,4,8537.68871617735
10,80,8,1,8,4,8545.74888805627
10,85,8,1,8,4,8317.43199642200
10,90,8,1,8,4,8339.27734460104
10,95,8,1,8,4,8385.60365274206
10,100,8,1,8,4,8291.92914666603
10,105,8,1,8,4,8054.26212212607
10,110,8,1,8,4,7790.91382203800
10,115,8,1,8,4,7686.88176854410
10,120,8,1,8,4,7537.82556076279
10,5,8,1,16,4,1387.53800357269
10,10,8,1,16,4,2617.94712981445
10,15,8,1,16,4,3574.14987219314
10,20,8,1,16,4,4410.63349594318
10,25,8,1,16,4,5058.74860224343
10,30,8,1,16,4,5890.24004175699
10,35,8,1,16,4,6701.33604997589
10,40,8,1,16,4,7575.62830402277
10,45,8,1,16,4,8127.06022757324
10,50,8,1,16,4,8408.48109565575
10,55,8,1,16,4,8316.77184322878
10,60,8,1,16,4,8181.58400014938
10,65,8,1,16,4,8434.15380541557
10,70,8,1,16,4,8454.07599965260
10,75,8,1,16,4,8546.58174346765
10,80,8,1,16,4,8520.60043370694
10,85,8,1,16,4,8439.13658370179
10,90,8,1,16,4,8404.32805405541
10,95,8,1,16,4,8242.77060194635
10,100,8,1,16,4,8115.65546946602
10,105,8,1,16,4,7788.76551022987
10,110,8,1,16,4,7515.68411396787
10,115,8,1,16,4,7508.78391764638
10,120,8,1,16,4,7505.51880572484
10,5,8,80/1024,1,8,1399.52826161185
10,10,8,80/1024,1,8,2386.88565883657
10,15,8,80/1024,1,8,3116.33022564179
10,20,8,80/1024,1,8,3453.18359076776
10,25,8,80/1024,1,8,4109.96583510686
10,30,8,80/1024,1,8,4606.61146709098
10,35,8,80/1024,1,8,4943.48035061143
10,40,8,80/1024,1,8,5342.70053882000
10,45,8,80/1024,1,8,5537.59467702733
10,50,8,80/1024,1,8,5670.65063067234
10,55,8,80/1024,1,8,5685.78493436200
10,60,8,80/1024,1,8,5789.57818440363
10,65,8,80/1024,1,8,5822.84176543777
10,70,8,80/1024,1,8,5655.84351860320
10,75,8,80/1024,1,8,5630.94417817169
10,80,8,80/1024,1,8,5564.84974717445
10,85,8,80/1024,1,8,5491.90516554805
10,90,8,80/1024,1,8,5609.52204900235
10,95,8,80/1024,1,8,5489.25136094566
10,100,8,80/1024,1,8,5572.33796752730
10,105,8,80/1024,1,8,5322.94623255733
10,110,8,80/1024,1,8,5293.34983348603
10,115,8,80/1024,1,8,5280.50778349744
10,120,8,80/1024,1,8,5197.26248227717
10,5,8,512/1024,1,8,1346.79989754251
10,10,8,512/1024,1,8,2404.10217342194
10,15,8,512/1024,1,8,3158.80905306435
10,20,8,512/1024,1,8,3829.94568872086
10,25,8,512/1024,1,8,4320.90879717741
10,30,8,512/1024,1,8,4736.30521817959
10,35,8,512/1024,1,8,5121.31680791025
10,40,8,512/1024,1,8,5410.84172322145
10,45,8,512/1024,1,8,5674.68957847613
10,50,8,512/1024,1,8,5800.00860119350
10,55,8,512/1024,1,8,5912.23846664136
10,60,8,512/1024,1,8,5969.78808847741
10,65,8,512/1024,1,8,5923.82627350930
10,70,8,512/1024,1,8,5981.09436764513
10,75,8,512/1024,1,8,5521.03993195102
10,80,8,512/1024,1,8,5789.91959034626
10,85,8,512/1024,1,8,5751.19941430766
10,90,8,512/1024,1,8,5741.75785869871
10,95,8,512/1024,1,8,5627.58068989704
10,100,8,512/1024,1,8,5532.46535714800
10,105,8,512/1024,1,8,5475.79219088658
10,110,8,512/1024,1,8,5471.26054764109
10,115,8,512/1024,1,8,5335.39195388708
10,120,8,512/1024,1,8,5295.91425090366
10,5,8,1,2,8,1399.99122917734
10,10,8,1,2,8,2518.85836350853
10,15,8,1,2,8,3326.39088298390
10,20,8,1,2,8,4101.17332736273
10,25,8,1,2,8,4909.85482597928
10,30,8,1,2,8,5567.19342189437
10,35,8,1,2,8,6138.85674969604
10,40,8,1,2,8,6774.48848714217
10,45,8,1,2,8,7108.32123291432
10,50,8,1,2,8,7442.70113523010
10,55,8,1,2,8,7385.59882804018
10,60,8,1,2,8,7019.74181927145
10,65,8,1,2,8,7599.67535338968
10,70,8,1,2,8,7632.60628282184
10,75,8,1,2,8,7638.66895869281
10,80,8,1,2,8,7572.92541409068
10,85,8,1,2,8,7644.18052546211
10,90,8,1,2,8,7487.61577241544
10,95,8,1,2,8,7435.89176082060
10,100,8,1,2,8,7375.13250249928
10,105,8,1,2,8,7141.02149062585
10,110,8,1,2,8,6656.69789748368
10,115,8,1,2,8,6690.56203539374
10,120,8,1,2,8,6529.15804070605
10,5,8,1,4,8,1397.19240887817
10,10,8,1,4,8,2592.99039419648
10,15,8,1,4,8,3645.00977279356
10,20,8,1,4,8,4529.36511589934
10,25,8,1,4,8,5219.72794808821
10,30,8,1,4,8,5922.92974571963
10,35,8,1,4,8,6866.76151584006
10,40,8,1,4,8,7618.60371077745
10,45,8,1,4,8,8083.89886357880
10,50,8,1,4,8,8150.94543364027
10,55,8,1,4,8,8248.71031621106
10,60,8,1,4,8,8335.82399073189
10,65,8,1,4,8,8351.04827190276
10,70,8,1,4,8,8350.56215234882
10,75,8,1,4,8,8282.09710646788
10,80,8,1,4,8,8306.21841487227
10,85,8,1,4,8,8313.54939513459
10,90,8,1,4,8,8250.92296931759
10,95,8,1,4,8,7861.76236636197
10,100,8,1,4,8,7822.10896739555
10,105,8,1,4,8,7753.51274765525
10,110,8,1,4,8,7755.65174508714
10,115,8,1,4,8,7608.49976346312
10,120,8,1,4,8,7461.83405019623
10,5,8,1,8,8,1457.89230992717
10,10,8,1,8,8,2626.03165731245
10,15,8,1,8,8,3660.98303897939
10,20,8,1,8,8,4521.40399015451
10,25,8,1,8,8,5349.77043560649
10,30,8,1,8,8,6255.70603739666
10,35,8,1,8,8,7062.79545822581
10,40,8,1,8,8,7438.84443072992
10,45,8,1,8,8,7659.48390994189
10,50,8,1,8,8,8236.60753604717
10,55,8,1,8,8,8322.26489190776
10,60,8,1,8,8,8610.06432701337
10,65,8,1,8,8,8536.66767115717
10,70,8,1,8,8,8623.39756354981
10,75,8,1,8,8,8592.41266587123
10,80,8,1,8,8,8546.28224804991
10,85,8,1,8,8,8464.35659186492
10,90,8,1,8,8,8267.92107718386
10,95,8,1,8,8,8132.46997654348
10,100,8,1,8,8,8130.49978207673
10,105,8,1,8,8,7919.95186368481
10,110,8,1,8,8,7809.09525908306
10,115,8,1,8,8,7705.88436824826
10,120,8,1,8,8,7523.95341340703
10,5,8,1,16,8,1401.43857278998
10,10,8,1,16,8,2602.92633651347
10,15,8,1,16,8,3670.43217012478
10,20,8,1,16,8,4487.90499660527
10,25,8,1,16,8,5197.07467819174
10,30,8,1,16,8,5985.81233019815
10,35,8,1,16,8,6828.63092357825
10,40,8,1,16,8,7535.38785502734
10,45,8,1,16,8,8166.56257037529
10,50,8,1,16,8,8418.20927478177
10,55,8,1,16,8,8479.86637267623
10,60,8,1,16,8,8547.85754292396
10,65,8,1,16,8,8630.05874374482
10,70,8,1,16,8,8623.08055822931
10,75,8,1,16,8,8551.36952507779
10,80,8,1,16,8,8365.53140053325
10,85,8,1,16,8,8346.00447150390
10,90,8,1,16,8,8234.46817179412
10,95,8,1,16,8,8351.79207570678
10,100,8,1,16,8,8261.86337139854
10,105,8,1,16,8,7954.13047193146
10,110,8,1,16,8,7708.88223569915
10,115,8,1,16,8,7666.70961768700
10,120,8,1,16,8,7530.74968061263
10,5,8,80/1024,1,16,1337.52676253897
10,10,8,80/1024,1,16,2372.62866116541
10,15,8,80/1024,1,16,3182.11418031577
10,20,8,80/1024,1,16,3806.03856384760
10,25,8,80/1024,1,16,4286.27187473272
10,30,8,80/1024,1,16,4676.08070310591
10,35,8,80/1024,1,16,5059.34605835237
10,40,8,80/1024,1,16,5389.21277430582
10,45,8,80/1024,1,16,5634.07565981996
10,50,8,80/1024,1,16,5836.99796705780
10,55,8,80/1024,1,16,5964.51523133262
10,60,8,80/1024,1,16,5996.70266572264
10,65,8,80/1024,1,16,6004.58006356839
10,70,8,80/1024,1,16,5974.31078810074
10,75,8,80/1024,1,16,5906.97934860208
10,80,8,80/1024,1,16,5920.72040178126
10,85,8,80/1024,1,16,5589.62213908096
10,90,8,80/1024,1,16,5826.04251625555
10,95,8,80/1024,1,16,5809.06947566044
10,100,8,80/1024,1,16,5710.53926956247
10,105,8,80/1024,1,16,5646.42925662651
10,110,8,80/1024,1,16,5488.94073884185
10,115,8,80/1024,1,16,5388.41847330644
10,120,8,80/1024,1,16,5364.78796788518
10,5,8,512/1024,1,16,1338.42640416910
10,10,8,512/1024,1,16,2360.77916115634
10,15,8,512/1024,1,16,3170.82277658997
10,20,8,512/1024,1,16,3699.85136445146
10,25,8,512/1024,1,16,4241.03459986867
10,30,8,512/1024,1,16,4682.53622955548
10,35,8,512/1024,1,16,5058.52603485008
10,40,8,512/1024,1,16,5324.91319736127
10,45,8,512/1024,1,16,5273.53289042291
10,50,8,512/1024,1,16,5614.90444390811
10,55,8,512/1024,1,16,5667.78659250832
10,60,8,512/1024,1,16,5650.94685529902
10,65,8,512/1024,1,16,5961.37415110590
10,70,8,512/1024,1,16,6015.58020429209
10,75,8,512/1024,1,16,5784.00883321676
10,80,8,512/1024,1,16,5887.98084903847
10,85,8,512/1024,1,16,5876.79738454523
10,90,8,512/1024,1,16,5870.75283004579
10,95,8,512/1024,1,16,5714.77944708391
10,100,8,512/1024,1,16,5699.31372429627
10,105,8,512/1024,1,16,5557.05224076240
10,110,8,512/1024,1,16,5535.47727389266
10,115,8,512/1024,1,16,5371.35550519488
10,120,8,512/1024,1,16,5252.27874668477
10,5,8,1,2,16,1422.10082236128
10,10,8,1,2,16,2476.93513899411
10,15,8,1,2,16,3418.66075775248
10,20,8,1,2,16,4162.82286765315
10,25,8,1,2,16,4915.44882953862
10,30,8,1,2,16,5546.72504052556
10,35,8,1,2,16,6182.08816705740
10,40,8,1,2,16,6585.28176777329
10,45,8,1,2,16,6952.19894988416
10,50,8,1,2,16,7213.14409123971
10,55,8,1,2,16,7495.84791294691
10,60,8,1,2,16,7659.66005038141
10,65,8,1,2,16,7682.94407598097
10,70,8,1,2,16,7636.52532660954
10,75,8,1,2,16,7655.52334290296
10,80,8,1,2,16,7601.82291629088
10,85,8,1,2,16,7272.83102997480
10,90,8,1,2,16,7412.87861639781
10,95,8,1,2,16,7288.38863813922
10,100,8,1,2,16,7250.47355044943
10,105,8,1,2,16,7010.36679304174
10,110,8,1,2,16,6960.53834610920
10,115,8,1,2,16,6795.59812801169
10,120,8,1,2,16,6667.51489057893
10,5,8,1,4,16,1400.74024266807
10,10,8,1,4,16,2617.46093865105
10,15,8,1,4,16,3537.50270749370
10,20,8,1,4,16,4424.53797272305
10,25,8,1,4,16,5215.93179521395
10,30,8,1,4,16,6236.12207304040
10,35,8,1,4,16,7005.84211396045
10,40,8,1,4,16,7788.70797417186
10,45,8,1,4,16,7962.08130739661
10,50,8,1,4,16,7982.36131014071
10,55,8,1,4,16,8189.79362015186
10,60,8,1,4,16,8277.22499357215
10,65,8,1,4,16,8333.89213789871
10,70,8,1,4,16,8361.38427488049
10,75,8,1,4,16,8327.83826237264
10,80,8,1,4,16,8347.80327863195
10,85,8,1,4,16,8259.95445168780
10,90,8,1,4,16,8273.79840548943
10,95,8,1,4,16,8111.06065386359
10,100,8,1,4,16,7979.78284169762
10,105,8,1,4,16,7714.60832747852
10,110,8,1,4,16,7727.57175083997
10,115,8,1,4,16,7634.10394381836
10,120,8,1,4,16,7353.25073829106
10,5,8,1,8,16,1419.51970825627
10,10,8,1,8,16,2587.22255368215
10,15,8,1,8,16,3632.89891058173
10,20,8,1,8,16,4501.78935415863
10,25,8,1,8,16,5347.02399081757
10,30,8,1,8,16,6156.63901690963
10,35,8,1,8,16,6802.75630061446
10,40,8,1,8,16,7669.20020918848
10,45,8,1,8,16,8184.78448389671
10,50,8,1,8,16,8438.23524750185
10,55,8,1,8,16,8489.93888349838
10,60,8,1,8,16,8544.66671604951
10,65,8,1,8,16,8593.35851778380
10,70,8,1,8,16,8546.37076574587
10,75,8,1,8,16,8387.28650509931
10,80,8,1,8,16,8336.72853520647
10,85,8,1,8,16,8340.21151573248
10,90,8,1,8,16,8264.09631353211
10,95,8,1,8,16,8191.99969054699
10,100,8,1,8,16,8222.60815166640
10,105,8,1,8,16,8017.01513342822
10,110,8,1,8,16,7803.02335338972
10,115,8,1,8,16,7612.97884402050
10,120,8,1,8,16,7431.78918859185
10,5,8,1,16,16,1402.85135198650
10,10,8,1,16,16,2628.00653303929
10,15,8,1,16,16,3618.62668183659
10,20,8,1,16,16,4489.39228709422
10,25,8,1,16,16,5307.75595713941
10,30,8,1,16,16,6248.86492085140
10,35,8,1,16,16,7002.80653856149
10,40,8,1,16,16,7762.39077118100
10,45,8,1,16,16,8183.36320219416
10,50,8,1,16,16,8382.71224201065
10,55,8,1,16,16,8468.32464280885
10,60,8,1,16,16,8545.93674385068
10,65,8,1,16,16,8613.86650848214
10,70,8,1,16,16,8448.85324923966
10,75,8,1,16,16,8369.52951040936
10,80,8,1,16,16,8388.40000998868
10,85,8,1,16,16,8460.87037206525
10,90,8,1,16,16,8186.83268540890
10,95,8,1,16,16,7939.82731496254
10,100,8,1,16,16,7672.46146585557
10,105,8,1,16,16,7790.06596236189
10,110,8,1,16,16,7689.86507231318
10,115,8,1,16,16,7693.26065248060
10,120,8,1,16,16,7506.71398588861
