partition_num,threads,zipf,rw,servers,cross,tput
16,2,0.0,0,2,0,88830.59999999999
16,2,0.0,0,2,20,69709.43333333333
16,2,0.0,0,2,40,69702.06666666667
16,2,0.0,0,2,60,60075.5
16,2,0.0,0,2,80,54783.0
16,2,0.0,0,2,100,52407.86666666667
16,2,0.0,0,4,0,109581.33333333333
16,2,0.0,0,4,20,92144.83333333333
16,2,0.0,0,4,40,85022.59999999999
16,2,0.0,0,4,60,80194.8
16,2,0.0,0,4,80,69682.7
16,2,0.0,0,4,100,60649.166666666664
16,2,0.0,0,8,0,
16,2,0.0,0,8,20,
16,2,0.0,0,8,40,
16,2,0.0,0,8,60,
16,2,0.0,0,8,80,
16,2,0.0,0,8,100,
16,2,0.0,20,2,0,105786.66666666667
16,2,0.0,20,2,20,84825.40000000001
16,2,0.0,20,2,40,87213.0
16,2,0.0,20,2,60,84931.53333333333
16,2,0.0,20,2,80,76092.56666666667
16,2,0.0,20,2,100,66143.46666666666
16,2,0.0,20,4,0,133973.66666666666
16,2,0.0,20,4,20,112554.33333333333
16,2,0.0,20,4,40,110469.0
16,2,0.0,20,4,60,96049.8
16,2,0.0,20,4,80,82378.36666666665
16,2,0.0,20,4,100,71049.6
16,2,0.0,20,8,0,
16,2,0.0,20,8,20,
16,2,0.0,20,8,40,
16,2,0.0,20,8,60,
16,2,0.0,20,8,80,
16,2,0.0,20,8,100,
16,2,0.0,60,2,0,188253.33333333334
16,2,0.0,60,2,20,161325.66666666666
16,2,0.0,60,2,40,148707.0
16,2,0.0,60,2,60,143477.66666666666
16,2,0.0,60,2,80,129351.66666666667
16,2,0.0,60,2,100,112927.0
16,2,0.0,60,4,0,243099.0
16,2,0.0,60,4,20,201997.66666666666
16,2,0.0,60,4,40,184301.0
16,2,0.0,60,4,60,159336.66666666666
16,2,0.0,60,4,80,134172.66666666666
16,2,0.0,60,4,100,119696.66666666667
16,2,0.0,60,8,0,
16,2,0.0,60,8,20,
16,2,0.0,60,8,40,
16,2,0.0,60,8,60,
16,2,0.0,60,8,80,
16,2,0.0,60,8,100,
16,2,0.0,100,2,0,969297.6666666666
16,2,0.0,100,2,20,704609.6666666666
16,2,0.0,100,2,40,562101.3333333334
16,2,0.0,100,2,60,466021.3333333333
16,2,0.0,100,2,80,405719.6666666667
16,2,0.0,100,2,100,357464.3333333333
16,2,0.0,100,4,0,1891256.6666666667
16,2,0.0,100,4,20,999188.6666666666
16,2,0.0,100,4,40,666650.6666666666
16,2,0.0,100,4,60,514676.6666666667
16,2,0.0,100,4,80,423419.3333333333
16,2,0.0,100,4,100,356196.0
16,2,0.0,100,8,0,
16,2,0.0,100,8,20,
16,2,0.0,100,8,40,
16,2,0.0,100,8,60,
16,2,0.0,100,8,80,
16,2,0.0,100,8,100,
16,2,0.4,0,2,0,86394.93333333333
16,2,0.4,0,2,20,67307.26666666668
16,2,0.4,0,2,40,64311.30000000001
16,2,0.4,0,2,60,58062.93333333333
16,2,0.4,0,2,80,50416.19999999999
16,2,0.4,0,2,100,48645.1
16,2,0.4,0,4,0,103388.66666666667
16,2,0.4,0,4,20,90232.40000000001
16,2,0.4,0,4,40,81256.73333333332
16,2,0.4,0,4,60,77250.36666666665
16,2,0.4,0,4,80,66160.20000000001
16,2,0.4,0,4,100,57773.43333333333
16,2,0.4,0,8,0,
16,2,0.4,0,8,20,
16,2,0.4,0,8,40,
16,2,0.4,0,8,60,
16,2,0.4,0,8,80,
16,2,0.4,0,8,100,
16,2,0.4,20,2,0,101498.0
16,2,0.4,20,2,20,82144.90000000001
16,2,0.4,20,2,40,82135.0
16,2,0.4,20,2,60,81014.6
16,2,0.4,20,2,80,73778.86666666667
16,2,0.4,20,2,100,63034.36666666667
16,2,0.4,20,4,0,131929.0
16,2,0.4,20,4,20,111096.66666666667
16,2,0.4,20,4,40,102606.66666666667
16,2,0.4,20,4,60,91251.2
16,2,0.4,20,4,80,78525.26666666666
16,2,0.4,20,4,100,67885.7
16,2,0.4,20,8,0,
16,2,0.4,20,8,20,
16,2,0.4,20,8,40,
16,2,0.4,20,8,60,
16,2,0.4,20,8,80,
16,2,0.4,20,8,100,
16,2,0.4,60,2,0,174146.66666666666
16,2,0.4,60,2,20,150879.33333333334
16,2,0.4,60,2,40,132913.66666666666
16,2,0.4,60,2,60,128849.0
16,2,0.4,60,2,80,120432.0
16,2,0.4,60,2,100,104652.0
16,2,0.4,60,4,0,234244.33333333334
16,2,0.4,60,4,20,190136.0
16,2,0.4,60,4,40,169809.0
16,2,0.4,60,4,60,147803.33333333334
16,2,0.4,60,4,80,124769.66666666667
16,2,0.4,60,4,100,107955.33333333333
16,2,0.4,60,8,0,
16,2,0.4,60,8,20,
16,2,0.4,60,8,40,
16,2,0.4,60,8,60,
16,2,0.4,60,8,80,
16,2,0.4,60,8,100,
16,2,0.4,100,2,0,740963.0
16,2,0.4,100,2,20,539905.6666666666
16,2,0.4,100,2,40,439421.6666666667
16,2,0.4,100,2,60,373227.3333333333
16,2,0.4,100,2,80,320569.3333333333
16,2,0.4,100,2,100,284999.0
16,2,0.4,100,4,0,1446770.0
16,2,0.4,100,4,20,760560.6666666666
16,2,0.4,100,4,40,528709.6666666666
16,2,0.4,100,4,60,406862.0
16,2,0.4,100,4,80,328078.3333333333
16,2,0.4,100,4,100,283156.0
16,2,0.4,100,8,0,
16,2,0.4,100,8,20,
16,2,0.4,100,8,40,
16,2,0.4,100,8,60,
16,2,0.4,100,8,80,
16,2,0.4,100,8,100,
16,2,0.8,0,2,0,91199.66666666667
16,2,0.8,0,2,20,70095.8
16,2,0.8,0,2,40,69470.3
16,2,0.8,0,2,60,59750.36666666667
16,2,0.8,0,2,80,54313.26666666666
16,2,0.8,0,2,100,52237.700000000004
16,2,0.8,0,4,0,109905.0
16,2,0.8,0,4,20,105610.0
16,2,0.8,0,4,40,86282.6
16,2,0.8,0,4,60,78491.13333333333
16,2,0.8,0,4,80,67695.43333333333
16,2,0.8,0,4,100,58498.06666666667
16,2,0.8,0,8,0,
16,2,0.8,0,8,20,
16,2,0.8,0,8,40,
16,2,0.8,0,8,60,
16,2,0.8,0,8,80,
16,2,0.8,0,8,100,
16,2,0.8,20,2,0,108174.0
16,2,0.8,20,2,20,84858.5
16,2,0.8,20,2,40,82925.29999999999
16,2,0.8,20,2,60,82526.43333333333
16,2,0.8,20,2,80,74677.59999999999
16,2,0.8,20,2,100,64427.46666666667
16,2,0.8,20,4,0,138414.66666666666
16,2,0.8,20,4,20,129718.33333333333
16,2,0.8,20,4,40,111917.0
16,2,0.8,20,4,60,93515.46666666667
16,2,0.8,20,4,80,79369.96666666666
16,2,0.8,20,4,100,68794.8
16,2,0.8,20,8,0,
16,2,0.8,20,8,20,
16,2,0.8,20,8,40,
16,2,0.8,20,8,60,
16,2,0.8,20,8,80,
16,2,0.8,20,8,100,
16,2,0.8,60,2,0,185074.66666666666
16,2,0.8,60,2,20,159418.66666666666
16,2,0.8,60,2,40,140382.33333333334
16,2,0.8,60,2,60,134873.33333333334
16,2,0.8,60,2,80,123979.33333333333
16,2,0.8,60,2,100,107656.0
16,2,0.8,60,4,0,247562.0
16,2,0.8,60,4,20,229019.0
16,2,0.8,60,4,40,180235.33333333334
16,2,0.8,60,4,60,151759.0
16,2,0.8,60,4,80,128244.0
16,2,0.8,60,4,100,111136.66666666667
16,2,0.8,60,8,0,
16,2,0.8,60,8,20,
16,2,0.8,60,8,40,
16,2,0.8,60,8,60,
16,2,0.8,60,8,80,
16,2,0.8,60,8,100,
16,2,0.8,100,2,0,849874.0
16,2,0.8,100,2,20,602465.3333333334
16,2,0.8,100,2,40,479390.3333333333
16,2,0.8,100,2,60,400820.6666666667
16,2,0.8,100,2,80,349154.3333333333
16,2,0.8,100,2,100,308239.6666666667
16,2,0.8,100,4,0,1624263.3333333333
16,2,0.8,100,4,20,845043.0
16,2,0.8,100,4,40,581423.3333333334
16,2,0.8,100,4,60,441904.0
16,2,0.8,100,4,80,359180.0
16,2,0.8,100,4,100,306553.0
16,2,0.8,100,8,0,
16,2,0.8,100,8,20,
16,2,0.8,100,8,40,
16,2,0.8,100,8,60,
16,2,0.8,100,8,80,
16,2,0.8,100,8,100,
16,2,0.99,0,2,0,95223.2
16,2,0.99,0,2,20,74084.59999999999
16,2,0.99,0,2,40,72206.3
16,2,0.99,0,2,60,63845.86666666666
16,2,0.99,0,2,80,60118.30000000001
16,2,0.99,0,2,100,55617.73333333334
16,2,0.99,0,4,0,113795.33333333333
16,2,0.99,0,4,20,116157.33333333333
16,2,0.99,0,4,40,90869.7
16,2,0.99,0,4,60,80505.03333333334
16,2,0.99,0,4,80,68592.83333333333
16,2,0.99,0,4,100,58706.53333333333
16,2,0.99,0,8,0,
16,2,0.99,0,8,20,
16,2,0.99,0,8,40,
16,2,0.99,0,8,60,
16,2,0.99,0,8,80,
16,2,0.99,0,8,100,
16,2,0.99,20,2,0,109391.66666666667
16,2,0.99,20,2,20,92636.53333333333
16,2,0.99,20,2,40,86375.06666666667
16,2,0.99,20,2,60,86393.6
16,2,0.99,20,2,80,77967.76666666668
16,2,0.99,20,2,100,65648.23333333334
16,2,0.99,20,4,0,145508.66666666666
16,2,0.99,20,4,20,141943.33333333334
16,2,0.99,20,4,40,118605.33333333333
16,2,0.99,20,4,60,96147.93333333333
16,2,0.99,20,4,80,80963.26666666666
16,2,0.99,20,4,100,70410.73333333334
16,2,0.99,20,8,0,
16,2,0.99,20,8,20,
16,2,0.99,20,8,40,
16,2,0.99,20,8,60,
16,2,0.99,20,8,80,
16,2,0.99,20,8,100,
16,2,0.99,60,2,0,196243.33333333334
16,2,0.99,60,2,20,170320.0
16,2,0.99,60,2,40,150906.0
16,2,0.99,60,2,60,143905.0
16,2,0.99,60,2,80,131379.33333333334
16,2,0.99,60,2,100,113007.33333333333
16,2,0.99,60,4,0,263577.0
16,2,0.99,60,4,20,258782.0
16,2,0.99,60,4,40,195413.66666666666
16,2,0.99,60,4,60,159078.66666666666
16,2,0.99,60,4,80,135011.66666666666
16,2,0.99,60,4,100,116372.33333333333
16,2,0.99,60,8,0,
16,2,0.99,60,8,20,
16,2,0.99,60,8,40,
16,2,0.99,60,8,60,
16,2,0.99,60,8,80,
16,2,0.99,60,8,100,
16,2,0.99,100,2,0,996537.3333333334
16,2,0.99,100,2,20,716294.0
16,2,0.99,100,2,40,579731.3333333334
16,2,0.99,100,2,60,484621.3333333333
16,2,0.99,100,2,80,425269.6666666667
16,2,0.99,100,2,100,372324.0
16,2,0.99,100,4,0,1873380.0
16,2,0.99,100,4,20,1012783.3333333334
16,2,0.99,100,4,40,702134.6666666666
16,2,0.99,100,4,60,534978.3333333334
16,2,0.99,100,4,80,436077.6666666667
16,2,0.99,100,4,100,367611.0
16,2,0.99,100,8,0,
16,2,0.99,100,8,20,
16,2,0.99,100,8,40,
16,2,0.99,100,8,60,
16,2,0.99,100,8,80,
16,2,0.99,100,8,100,
16,8,0.0,0,2,0,304139.6666666667
16,8,0.0,0,2,20,250846.0
16,8,0.0,0,2,40,224321.66666666666
16,8,0.0,0,2,60,193449.33333333334
16,8,0.0,0,2,80,174350.33333333334
16,8,0.0,0,2,100,150600.66666666666
16,8,0.0,20,2,0,376509.3333333333
16,8,0.0,20,2,20,293200.6666666667
16,8,0.0,20,2,40,274374.3333333333
16,8,0.0,20,2,60,254057.33333333334
16,8,0.0,20,2,80,251106.0
16,8,0.0,20,2,100,240224.0
16,8,0.0,60,2,0,615700.0
16,8,0.0,60,2,20,513786.3333333333
16,8,0.0,60,2,40,491579.0
16,8,0.0,60,2,60,469935.6666666667
16,8,0.0,60,2,80,456076.6666666667
16,8,0.0,60,2,100,410439.0
16,8,0.0,100,2,0,3028623.3333333335
16,8,0.0,100,2,20,2214613.3333333335
16,8,0.0,100,2,40,1767733.3333333333
16,8,0.0,100,2,60,1480610.0
16,8,0.0,100,2,80,1235510.0
16,8,0.0,100,2,100,1101500.0
16,8,0.4,0,2,0,270619.3333333333
16,8,0.4,0,2,20,228462.33333333334
16,8,0.4,0,2,40,226527.66666666666
16,8,0.4,0,2,60,192005.33333333334
16,8,0.4,0,2,80,174329.33333333334
16,8,0.4,0,2,100,148639.0
16,8,0.4,20,2,0,331818.6666666667
16,8,0.4,20,2,20,279037.0
16,8,0.4,20,2,40,267495.0
16,8,0.4,20,2,60,242631.66666666666
16,8,0.4,20,2,80,240193.66666666666
16,8,0.4,20,2,100,227147.66666666666
16,8,0.4,60,2,0,556124.6666666666
16,8,0.4,60,2,20,484511.3333333333
16,8,0.4,60,2,40,450991.3333333333
16,8,0.4,60,2,60,443127.3333333333
16,8,0.4,60,2,80,415534.6666666667
16,8,0.4,60,2,100,382768.3333333333
16,8,0.4,100,2,0,2321173.3333333335
16,8,0.4,100,2,20,1770543.3333333333
16,8,0.4,100,2,40,1424830.0
16,8,0.4,100,2,60,1201243.3333333333
16,8,0.4,100,2,80,1051880.0
16,8,0.4,100,2,100,913484.6666666666
16,8,0.8,0,2,0,287132.0
16,8,0.8,0,2,20,245493.33333333334
16,8,0.8,0,2,40,224200.66666666666
16,8,0.8,0,2,60,208720.33333333334
16,8,0.8,0,2,80,172281.33333333334
16,8,0.8,0,2,100,149974.66666666666
16,8,0.8,20,2,0,347559.0
16,8,0.8,20,2,20,303326.0
16,8,0.8,20,2,40,267895.6666666667
16,8,0.8,20,2,60,283887.3333333333
16,8,0.8,20,2,80,253756.33333333334
16,8,0.8,20,2,100,230331.0
16,8,0.8,60,2,0,607824.3333333334
16,8,0.8,60,2,20,522539.6666666667
16,8,0.8,60,2,40,462143.6666666667
16,8,0.8,60,2,60,449614.0
16,8,0.8,60,2,80,426154.6666666667
16,8,0.8,60,2,100,396767.6666666667
16,8,0.8,100,2,0,2693510.0
16,8,0.8,100,2,20,1975283.3333333333
16,8,0.8,100,2,40,1601526.6666666667
16,8,0.8,100,2,60,1350930.0
16,8,0.8,100,2,80,1137733.3333333333
16,8,0.8,100,2,100,1014176.6666666666
16,8,0.99,0,2,0,321699.3333333333
16,8,0.99,0,2,20,266335.6666666667
16,8,0.99,0,2,40,226112.66666666666
16,8,0.99,0,2,60,200681.33333333334
16,8,0.99,0,2,80,169839.33333333334
16,8,0.99,0,2,100,144396.66666666666
16,8,0.99,20,2,0,384096.0
16,8,0.99,20,2,20,314964.3333333333
16,8,0.99,20,2,40,275939.6666666667
16,8,0.99,20,2,60,272081.3333333333
16,8,0.99,20,2,80,230722.0
16,8,0.99,20,2,100,214859.33333333334
16,8,0.99,60,2,0,637325.6666666666
16,8,0.99,60,2,20,548125.0
16,8,0.99,60,2,40,507025.0
16,8,0.99,60,2,60,460227.3333333333
16,8,0.99,60,2,80,424627.6666666667
16,8,0.99,60,2,100,390323.3333333333
16,8,0.99,100,2,0,3257250.0
16,8,0.99,100,2,20,2445873.3333333335
16,8,0.99,100,2,40,2004930.0
16,8,0.99,100,2,60,1645406.6666666667
16,8,0.99,100,2,80,1430093.3333333333
16,8,0.99,100,2,100,1265350.0
32,2,0.0,0,2,0,89075.93333333333
32,2,0.0,0,2,20,67638.40000000001
32,2,0.0,0,2,40,70604.06666666667
32,2,0.0,0,2,60,58268.799999999996
32,2,0.0,0,2,80,48634.5
32,2,0.0,0,2,100,49179.03333333333
32,2,0.0,0,4,0,106107.0
32,2,0.0,0,4,20,88810.23333333334
32,2,0.0,0,4,40,77461.5
32,2,0.0,0,4,60,74708.76666666666
32,2,0.0,0,4,80,67548.43333333333
32,2,0.0,0,4,100,57473.63333333334
32,2,0.0,0,8,0,
32,2,0.0,0,8,20,
32,2,0.0,0,8,40,
32,2,0.0,0,8,60,
32,2,0.0,0,8,80,
32,2,0.0,0,8,100,60638.3
32,2,0.0,20,2,0,105070.33333333333
32,2,0.0,20,2,20,81659.2
32,2,0.0,20,2,40,84934.56666666667
32,2,0.0,20,2,60,79832.9
32,2,0.0,20,2,80,73186.0
32,2,0.0,20,2,100,62916.69999999999
32,2,0.0,20,4,0,134269.0
32,2,0.0,20,4,20,108969.66666666667
32,2,0.0,20,4,40,94934.36666666665
32,2,0.0,20,4,60,91768.16666666667
32,2,0.0,20,4,80,79654.8
32,2,0.0,20,4,100,69270.8
32,2,0.0,20,8,0,150946.0
32,2,0.0,20,8,20,
32,2,0.0,20,8,40,
32,2,0.0,20,8,60,
32,2,0.0,20,8,80,
32,2,0.0,20,8,100,71471.0
32,2,0.0,60,2,0,189832.66666666666
32,2,0.0,60,2,20,159205.0
32,2,0.0,60,2,40,141359.33333333334
32,2,0.0,60,2,60,138064.0
32,2,0.0,60,2,80,128310.66666666667
32,2,0.0,60,2,100,109929.33333333333
32,2,0.0,60,4,0,242123.0
32,2,0.0,60,4,20,189522.66666666666
32,2,0.0,60,4,40,168106.0
32,2,0.0,60,4,60,151580.66666666666
32,2,0.0,60,4,80,130715.66666666667
32,2,0.0,60,4,100,112324.66666666667
32,2,0.0,60,8,0,
32,2,0.0,60,8,20,
32,2,0.0,60,8,40,
32,2,0.0,60,8,60,161168.0
32,2,0.0,60,8,80,133809.0
32,2,0.0,60,8,100,
32,2,0.0,100,2,0,968448.0
32,2,0.0,100,2,20,653203.6666666666
32,2,0.0,100,2,40,519609.0
32,2,0.0,100,2,60,435515.0
32,2,0.0,100,2,80,372171.0
32,2,0.0,100,2,100,332609.3333333333
32,2,0.0,100,4,0,1891230.0
32,2,0.0,100,4,20,921395.6666666666
32,2,0.0,100,4,40,631833.0
32,2,0.0,100,4,60,484116.0
32,2,0.0,100,4,80,383655.0
32,2,0.0,100,4,100,331994.0
32,2,0.0,100,8,0,
32,2,0.0,100,8,20,1160090.0
32,2,0.0,100,8,40,
32,2,0.0,100,8,60,
32,2,0.0,100,8,80,402736.0
32,2,0.0,100,8,100,
32,2,0.4,0,2,0,88356.76666666666
32,2,0.4,0,2,20,66249.96666666666
32,2,0.4,0,2,40,69333.36666666667
32,2,0.4,0,2,60,54711.46666666667
32,2,0.4,0,2,80,48045.13333333333
32,2,0.4,0,2,100,44524.46666666667
32,2,0.4,0,4,0,104814.0
32,2,0.4,0,4,20,85928.23333333334
32,2,0.4,0,4,40,75111.7
32,2,0.4,0,4,60,69657.83333333333
32,2,0.4,0,4,80,64635.76666666666
32,2,0.4,0,4,100,56914.5
32,2,0.4,0,8,0,
32,2,0.4,0,8,20,
32,2,0.4,0,8,40,
32,2,0.4,0,8,60,
32,2,0.4,0,8,80,
32,2,0.4,0,8,100,
32,2,0.4,20,2,0,103253.0
32,2,0.4,20,2,20,79917.73333333334
32,2,0.4,20,2,40,81943.53333333333
32,2,0.4,20,2,60,74194.59999999999
32,2,0.4,20,2,80,70555.23333333334
32,2,0.4,20,2,100,61493.4
32,2,0.4,20,4,0,128728.33333333333
32,2,0.4,20,4,20,105381.66666666667
32,2,0.4,20,4,40,90905.86666666665
32,2,0.4,20,4,60,87804.39999999998
32,2,0.4,20,4,80,75344.83333333333
32,2,0.4,20,4,100,65954.26666666666
32,2,0.4,20,8,0,
32,2,0.4,20,8,20,
32,2,0.4,20,8,40,
32,2,0.4,20,8,60,
32,2,0.4,20,8,80,
32,2,0.4,20,8,100,
32,2,0.4,60,2,0,176754.66666666666
32,2,0.4,60,2,20,149050.0
32,2,0.4,60,2,40,129782.66666666667
32,2,0.4,60,2,60,126590.66666666667
32,2,0.4,60,2,80,117031.66666666667
32,2,0.4,60,2,100,101043.13333333335
32,2,0.4,60,4,0,231185.33333333334
32,2,0.4,60,4,20,177606.33333333334
32,2,0.4,60,4,40,159553.0
32,2,0.4,60,4,60,139506.0
32,2,0.4,60,4,80,120249.66666666667
32,2,0.4,60,4,100,105043.0
32,2,0.4,60,8,0,
32,2,0.4,60,8,20,
32,2,0.4,60,8,40,
32,2,0.4,60,8,60,
32,2,0.4,60,8,80,
32,2,0.4,60,8,100,
32,2,0.4,100,2,0,743084.3333333334
32,2,0.4,100,2,20,515069.3333333333
32,2,0.4,100,2,40,412820.3333333333
32,2,0.4,100,2,60,342583.3333333333
32,2,0.4,100,2,80,300275.3333333333
32,2,0.4,100,2,100,267471.0
32,2,0.4,100,4,0,1443226.6666666667
32,2,0.4,100,4,20,730134.3333333334
32,2,0.4,100,4,40,497608.0
32,2,0.4,100,4,60,384759.0
32,2,0.4,100,4,80,316242.0
32,2,0.4,100,4,100,264461.0
32,2,0.4,100,8,0,
32,2,0.4,100,8,20,
32,2,0.4,100,8,40,
32,2,0.4,100,8,60,
32,2,0.4,100,8,80,
32,2,0.4,100,8,100,
32,2,0.8,0,2,0,89402.46666666667
32,2,0.8,0,2,20,69414.03333333334
32,2,0.8,0,2,40,71403.09999999999
32,2,0.8,0,2,60,57039.96666666667
32,2,0.8,0,2,80,47637.166666666664
32,2,0.8,0,2,100,47707.43333333334
32,2,0.8,0,4,0,110731.66666666667
32,2,0.8,0,4,20,98275.33333333333
32,2,0.8,0,4,40,81015.46666666666
32,2,0.8,0,4,60,75232.3
32,2,0.8,0,4,80,65837.23333333334
32,2,0.8,0,4,100,56989.86666666666
32,2,0.8,0,8,0,
32,2,0.8,0,8,20,
32,2,0.8,0,8,40,96308.1
32,2,0.8,0,8,60,
32,2,0.8,0,8,80,
32,2,0.8,0,8,100,
32,2,0.8,20,2,0,108342.0
32,2,0.8,20,2,20,82081.59999999999
32,2,0.8,20,2,40,82679.33333333333
32,2,0.8,20,2,60,80439.16666666667
32,2,0.8,20,2,80,72112.40000000001
32,2,0.8,20,2,100,63145.43333333333
32,2,0.8,20,4,0,135757.33333333334
32,2,0.8,20,4,20,120583.33333333333
32,2,0.8,20,4,40,102457.33333333333
32,2,0.8,20,4,60,91126.23333333334
32,2,0.8,20,4,80,76698.53333333333
32,2,0.8,20,4,100,66899.83333333333
32,2,0.8,20,8,0,
32,2,0.8,20,8,20,
32,2,0.8,20,8,40,
32,2,0.8,20,8,60,
32,2,0.8,20,8,80,
32,2,0.8,20,8,100,
32,2,0.8,60,2,0,184395.0
32,2,0.8,60,2,20,155738.33333333334
32,2,0.8,60,2,40,134819.0
32,2,0.8,60,2,60,129708.0
32,2,0.8,60,2,80,120883.66666666667
32,2,0.8,60,2,100,103438.33333333333
32,2,0.8,60,4,0,242963.66666666666
32,2,0.8,60,4,20,210856.33333333334
32,2,0.8,60,4,40,171042.33333333334
32,2,0.8,60,4,60,146328.33333333334
32,2,0.8,60,4,80,123727.0
32,2,0.8,60,4,100,107212.66666666667
32,2,0.8,60,8,0,
32,2,0.8,60,8,20,
32,2,0.8,60,8,40,
32,2,0.8,60,8,60,
32,2,0.8,60,8,80,
32,2,0.8,60,8,100,
32,2,0.8,100,2,0,845024.0
32,2,0.8,100,2,20,574807.6666666666
32,2,0.8,100,2,40,450244.6666666667
32,2,0.8,100,2,60,373691.3333333333
32,2,0.8,100,2,80,324132.0
32,2,0.8,100,2,100,285660.0
32,2,0.8,100,4,0,1616450.0
32,2,0.8,100,4,20,800206.0
32,2,0.8,100,4,40,548629.3333333334
32,2,0.8,100,4,60,417650.6666666667
32,2,0.8,100,4,80,336709.6666666667
32,2,0.8,100,4,100,282482.0
32,2,0.8,100,8,0,
32,2,0.8,100,8,20,
32,2,0.8,100,8,40,
32,2,0.8,100,8,60,
32,2,0.8,100,8,80,
32,2,0.8,100,8,100,
32,2,0.99,0,2,0,92809.09999999999
32,2,0.99,0,2,20,72704.43333333333
32,2,0.99,0,2,40,73616.83333333333
32,2,0.99,0,2,60,59746.13333333333
32,2,0.99,0,2,80,54431.63333333334
32,2,0.99,0,2,100,51334.6
32,2,0.99,0,4,0,117178.0
32,2,0.99,0,4,20,111083.66666666667
32,2,0.99,0,4,40,87484.90000000001
32,2,0.99,0,4,60,79692.73333333332
32,2,0.99,0,4,80,67957.56666666667
32,2,0.99,0,4,100,57747.200000000004
32,2,0.99,0,8,0,137988.0
32,2,0.99,0,8,20,
32,2,0.99,0,8,40,
32,2,0.99,0,8,60,
32,2,0.99,0,8,80,
32,2,0.99,0,8,100,
32,2,0.99,20,2,0,113036.66666666667
32,2,0.99,20,2,20,88308.03333333333
32,2,0.99,20,2,40,86738.09999999999
32,2,0.99,20,2,60,84272.36666666665
32,2,0.99,20,2,80,75098.59999999999
32,2,0.99,20,2,100,64033.700000000004
32,2,0.99,20,4,0,142313.66666666666
32,2,0.99,20,4,20,135035.66666666666
32,2,0.99,20,4,40,115245.0
32,2,0.99,20,4,60,93323.40000000001
32,2,0.99,20,4,80,79857.23333333332
32,2,0.99,20,4,100,69371.33333333333
32,2,0.99,20,8,0,
32,2,0.99,20,8,20,
32,2,0.99,20,8,40,
32,2,0.99,20,8,60,
32,2,0.99,20,8,80,
32,2,0.99,20,8,100,64592.5
32,2,0.99,60,2,0,195790.33333333334
32,2,0.99,60,2,20,163388.0
32,2,0.99,60,2,40,146360.0
32,2,0.99,60,2,60,139446.33333333334
32,2,0.99,60,2,80,127050.33333333333
32,2,0.99,60,2,100,108679.66666666667
32,2,0.99,60,4,0,257294.66666666666
32,2,0.99,60,4,20,243110.0
32,2,0.99,60,4,40,187187.66666666666
32,2,0.99,60,4,60,156635.0
32,2,0.99,60,4,80,131697.66666666666
32,2,0.99,60,4,100,114496.66666666667
32,2,0.99,60,8,0,
32,2,0.99,60,8,20,
32,2,0.99,60,8,40,
32,2,0.99,60,8,60,
32,2,0.99,60,8,80,129117.0
32,2,0.99,60,8,100,
32,2,0.99,100,2,0,985847.6666666666
32,2,0.99,100,2,20,684056.0
32,2,0.99,100,2,40,537040.0
32,2,0.99,100,2,60,434609.0
32,2,0.99,100,2,80,386752.0
32,2,0.99,100,2,100,339432.6666666667
32,2,0.99,100,4,0,1890576.6666666667
32,2,0.99,100,4,20,967305.6666666666
32,2,0.99,100,4,40,659206.3333333334
32,2,0.99,100,4,60,499280.3333333333
32,2,0.99,100,4,80,410281.6666666667
32,2,0.99,100,4,100,346505.6666666667
32,2,0.99,100,8,0,
32,2,0.99,100,8,20,
32,2,0.99,100,8,40,
32,2,0.99,100,8,60,
32,2,0.99,100,8,80,
32,2,0.99,100,8,100,
32,8,0.0,0,2,0,315135.6666666667
32,8,0.0,0,2,20,248424.33333333334
32,8,0.0,0,2,40,235284.0
32,8,0.0,0,2,60,200587.0
32,8,0.0,0,2,80,171957.0
32,8,0.0,0,2,100,153460.33333333334
32,8,0.0,0,4,0,
32,8,0.0,0,4,20,
32,8,0.0,0,4,40,
32,8,0.0,0,4,60,
32,8,0.0,0,4,80,217631.0
32,8,0.0,0,4,100,
32,8,0.0,20,2,0,376391.6666666667
32,8,0.0,20,2,20,295998.3333333333
32,8,0.0,20,2,40,291939.6666666667
32,8,0.0,20,2,60,230959.66666666666
32,8,0.0,20,2,80,243165.0
32,8,0.0,20,2,100,228015.0
32,8,0.0,20,4,0,
32,8,0.0,20,4,20,
32,8,0.0,20,4,40,
32,8,0.0,20,4,60,
32,8,0.0,20,4,80,
32,8,0.0,20,4,100,
32,8,0.0,60,2,0,629256.0
32,8,0.0,60,2,20,508868.3333333333
32,8,0.0,60,2,40,486586.6666666667
32,8,0.0,60,2,60,470796.3333333333
32,8,0.0,60,2,80,442411.3333333333
32,8,0.0,60,2,100,402210.0
32,8,0.0,60,4,0,
32,8,0.0,60,4,20,
32,8,0.0,60,4,40,
32,8,0.0,60,4,60,
32,8,0.0,60,4,80,
32,8,0.0,60,4,100,
32,8,0.0,100,2,0,3070576.6666666665
32,8,0.0,100,2,20,2133896.6666666665
32,8,0.0,100,2,40,1677740.0
32,8,0.0,100,2,60,1421176.6666666667
32,8,0.0,100,2,80,1190270.0
32,8,0.0,100,2,100,1051270.0
32,8,0.0,100,4,0,5716730.0
32,8,0.0,100,4,20,
32,8,0.0,100,4,40,
32,8,0.0,100,4,60,
32,8,0.0,100,4,80,
32,8,0.0,100,4,100,1035760.0
32,8,0.4,0,2,0,281716.3333333333
32,8,0.4,0,2,20,241186.66666666666
32,8,0.4,0,2,40,222639.33333333334
32,8,0.4,0,2,60,193601.33333333334
32,8,0.4,0,2,80,167186.0
32,8,0.4,0,2,100,144679.66666666666
32,8,0.4,0,4,0,
32,8,0.4,0,4,20,
32,8,0.4,0,4,40,
32,8,0.4,0,4,60,
32,8,0.4,0,4,80,
32,8,0.4,0,4,100,
32,8,0.4,20,2,0,359745.0
32,8,0.4,20,2,20,286120.6666666667
32,8,0.4,20,2,40,273630.6666666667
32,8,0.4,20,2,60,233395.66666666666
32,8,0.4,20,2,80,223783.33333333334
32,8,0.4,20,2,100,207138.33333333334
32,8,0.4,20,4,0,
32,8,0.4,20,4,20,
32,8,0.4,20,4,40,
32,8,0.4,20,4,60,
32,8,0.4,20,4,80,
32,8,0.4,20,4,100,
32,8,0.4,60,2,0,579485.3333333334
32,8,0.4,60,2,20,487756.3333333333
32,8,0.4,60,2,40,437418.3333333333
32,8,0.4,60,2,60,429600.3333333333
32,8,0.4,60,2,80,413277.6666666667
32,8,0.4,60,2,100,369817.0
32,8,0.4,60,4,0,
32,8,0.4,60,4,20,
32,8,0.4,60,4,40,
32,8,0.4,60,4,60,
32,8,0.4,60,4,80,
32,8,0.4,60,4,100,
32,8,0.4,100,2,0,2398973.3333333335
32,8,0.4,100,2,20,1743043.3333333333
32,8,0.4,100,2,40,1388896.6666666667
32,8,0.4,100,2,60,1180613.3333333333
32,8,0.4,100,2,80,1022053.3333333334
32,8,0.4,100,2,100,893729.3333333334
32,8,0.4,100,4,0,
32,8,0.4,100,4,20,
32,8,0.4,100,4,40,
32,8,0.4,100,4,60,
32,8,0.4,100,4,80,
32,8,0.4,100,4,100,
32,8,0.8,0,2,0,306480.3333333333
32,8,0.8,0,2,20,248608.0
32,8,0.8,0,2,40,247464.66666666666
32,8,0.8,0,2,60,203417.33333333334
32,8,0.8,0,2,80,173779.0
32,8,0.8,0,2,100,147403.66666666666
32,8,0.8,0,4,0,
32,8,0.8,0,4,20,
32,8,0.8,0,4,40,
32,8,0.8,0,4,60,
32,8,0.8,0,4,80,
32,8,0.8,0,4,100,
32,8,0.8,20,2,0,377405.0
32,8,0.8,20,2,20,295755.0
32,8,0.8,20,2,40,289597.0
32,8,0.8,20,2,60,243175.33333333334
32,8,0.8,20,2,80,245786.66666666666
32,8,0.8,20,2,100,232175.0
32,8,0.8,20,4,0,
32,8,0.8,20,4,20,
32,8,0.8,20,4,40,
32,8,0.8,20,4,60,
32,8,0.8,20,4,80,
32,8,0.8,20,4,100,
32,8,0.8,60,2,0,601086.3333333334
32,8,0.8,60,2,20,504333.3333333333
32,8,0.8,60,2,40,460508.3333333333
32,8,0.8,60,2,60,444002.3333333333
32,8,0.8,60,2,80,421209.3333333333
32,8,0.8,60,2,100,391222.6666666667
32,8,0.8,60,4,0,
32,8,0.8,60,4,20,
32,8,0.8,60,4,40,
32,8,0.8,60,4,60,
32,8,0.8,60,4,80,
32,8,0.8,60,4,100,
32,8,0.8,100,2,0,2705170.0
32,8,0.8,100,2,20,1945610.0
32,8,0.8,100,2,40,1545853.3333333333
32,8,0.8,100,2,60,1295073.3333333333
32,8,0.8,100,2,80,1115233.3333333333
32,8,0.8,100,2,100,968220.6666666666
32,8,0.8,100,4,0,
32,8,0.8,100,4,20,
32,8,0.8,100,4,40,
32,8,0.8,100,4,60,
32,8,0.8,100,4,80,
32,8,0.8,100,4,100,
32,8,0.99,0,2,0,319631.3333333333
32,8,0.99,0,2,20,264390.0
32,8,0.99,0,2,40,240360.0
32,8,0.99,0,2,60,214717.0
32,8,0.99,0,2,80,176498.66666666666
32,8,0.99,0,2,100,150560.66666666666
32,8,0.99,0,4,0,
32,8,0.99,0,4,20,
32,8,0.99,0,4,40,
32,8,0.99,0,4,60,
32,8,0.99,0,4,80,
32,8,0.99,0,4,100,
32,8,0.99,20,2,0,396848.3333333333
32,8,0.99,20,2,20,318745.6666666667
32,8,0.99,20,2,40,294507.3333333333
32,8,0.99,20,2,60,285578.3333333333
32,8,0.99,20,2,80,258304.66666666666
32,8,0.99,20,2,100,233124.66666666666
32,8,0.99,20,4,0,
32,8,0.99,20,4,20,
32,8,0.99,20,4,40,
32,8,0.99,20,4,60,
32,8,0.99,20,4,80,
32,8,0.99,20,4,100,
32,8,0.99,60,2,0,650229.6666666666
32,8,0.99,60,2,20,547719.0
32,8,0.99,60,2,40,506731.3333333333
32,8,0.99,60,2,60,468127.3333333333
32,8,0.99,60,2,80,430460.6666666667
32,8,0.99,60,2,100,398619.0
32,8,0.99,60,4,0,
32,8,0.99,60,4,20,
32,8,0.99,60,4,40,
32,8,0.99,60,4,60,
32,8,0.99,60,4,80,
32,8,0.99,60,4,100,
32,8,0.99,100,2,0,3236570.0
32,8,0.99,100,2,20,2371443.3333333335
32,8,0.99,100,2,40,1893520.0
32,8,0.99,100,2,60,1548186.6666666667
32,8,0.99,100,2,80,1333136.6666666667
32,8,0.99,100,2,100,1187626.6666666667
32,8,0.99,100,4,0,
32,8,0.99,100,4,20,
32,8,0.99,100,4,40,
32,8,0.99,100,4,60,
32,8,0.99,100,4,80,
32,8,0.99,100,4,100,
32,16,0.0,0,2,0,295483.6666666667
32,16,0.0,0,2,20,252150.0
32,16,0.0,0,2,40,247978.0
32,16,0.0,0,2,60,230662.66666666666
32,16,0.0,0,2,80,202578.33333333334
32,16,0.0,0,2,100,179153.66666666666
32,16,0.0,20,2,0,348473.6666666667
32,16,0.0,20,2,20,311921.0
32,16,0.0,20,2,40,311436.6666666667
32,16,0.0,20,2,60,278210.6666666667
32,16,0.0,20,2,80,244213.0
32,16,0.0,20,2,100,215923.66666666666
32,16,0.0,60,2,0,611414.6666666666
32,16,0.0,60,2,20,550255.3333333334
32,16,0.0,60,2,40,509358.3333333333
32,16,0.0,60,2,60,525285.3333333334
32,16,0.0,60,2,80,467724.0
32,16,0.0,60,2,100,440694.6666666667
32,16,0.0,100,2,0,3739523.3333333335
32,16,0.0,100,2,20,2765293.3333333335
32,16,0.0,100,2,40,2227503.3333333335
32,16,0.0,100,2,60,1867613.3333333333
32,16,0.0,100,2,80,1595283.3333333333
32,16,0.0,100,2,100,1433126.6666666667
32,16,0.4,0,2,0,282250.0
32,16,0.4,0,2,20,256012.66666666666
32,16,0.4,0,2,40,242639.66666666666
32,16,0.4,0,2,60,227099.33333333334
32,16,0.4,0,2,80,194365.66666666666
32,16,0.4,0,2,100,175629.66666666666
32,16,0.4,20,2,0,340295.6666666667
32,16,0.4,20,2,20,301296.0
32,16,0.4,20,2,40,286906.6666666667
32,16,0.4,20,2,60,281344.3333333333
32,16,0.4,20,2,80,237220.33333333334
32,16,0.4,20,2,100,207094.33333333334
32,16,0.4,60,2,0,571245.0
32,16,0.4,60,2,20,520501.0
32,16,0.4,60,2,40,480505.0
32,16,0.4,60,2,60,461628.3333333333
32,16,0.4,60,2,80,428561.3333333333
32,16,0.4,60,2,100,411324.3333333333
32,16,0.4,100,2,0,2952413.3333333335
32,16,0.4,100,2,20,2185613.3333333335
32,16,0.4,100,2,40,1823520.0
32,16,0.4,100,2,60,1513876.6666666667
32,16,0.4,100,2,80,1303526.6666666667
32,16,0.4,100,2,100,1171933.3333333333
32,16,0.8,0,2,0,291601.6666666667
32,16,0.8,0,2,20,259411.33333333334
32,16,0.8,0,2,40,235754.66666666666
32,16,0.8,0,2,60,231515.66666666666
32,16,0.8,0,2,80,197416.0
32,16,0.8,0,2,100,178331.33333333334
32,16,0.8,20,2,0,339307.0
32,16,0.8,20,2,20,313846.0
32,16,0.8,20,2,40,298077.3333333333
32,16,0.8,20,2,60,282577.6666666667
32,16,0.8,20,2,80,242127.33333333334
32,16,0.8,20,2,100,210686.66666666666
32,16,0.8,60,2,0,586057.0
32,16,0.8,60,2,20,532538.6666666666
32,16,0.8,60,2,40,497823.6666666667
32,16,0.8,60,2,60,489867.6666666667
32,16,0.8,60,2,80,428073.0
32,16,0.8,60,2,100,419346.3333333333
32,16,0.8,100,2,0,3235146.6666666665
32,16,0.8,100,2,20,2399846.6666666665
32,16,0.8,100,2,40,1954926.6666666667
32,16,0.8,100,2,60,1623193.3333333333
32,16,0.8,100,2,80,1408483.3333333333
32,16,0.8,100,2,100,1243116.6666666667
32,16,0.99,0,2,0,297626.6666666667
32,16,0.99,0,2,20,258928.66666666666
32,16,0.99,0,2,40,224021.66666666666
32,16,0.99,0,2,60,207951.0
32,16,0.99,0,2,80,178926.33333333334
32,16,0.99,0,2,100,155209.66666666666
32,16,0.99,20,2,0,353537.6666666667
32,16,0.99,20,2,20,316009.3333333333
32,16,0.99,20,2,40,284876.3333333333
32,16,0.99,20,2,60,263419.6666666667
32,16,0.99,20,2,80,224353.0
32,16,0.99,20,2,100,194334.33333333334
32,16,0.99,60,2,0,618309.3333333334
32,16,0.99,60,2,20,554194.3333333334
32,16,0.99,60,2,40,501443.3333333333
32,16,0.99,60,2,60,497753.0
32,16,0.99,60,2,80,426386.0
32,16,0.99,60,2,100,412691.6666666667
32,16,0.99,100,2,0,3778846.6666666665
32,16,0.99,100,2,20,2807303.3333333335
32,16,0.99,100,2,40,2309876.6666666665
32,16,0.99,100,2,60,1903430.0
32,16,0.99,100,2,80,1679230.0
32,16,0.99,100,2,100,1457613.3333333333
128,2,0.0,0,2,0,87019.40000000001
128,2,0.0,0,2,20,60104.4
128,2,0.0,0,2,40,52628.36666666667
128,2,0.0,0,2,60,41890.4
128,2,0.0,0,2,80,35041.96666666667
128,2,0.0,0,2,100,30955.06666666667
128,2,0.0,0,4,0,103760.33333333333
128,2,0.0,0,4,20,73699.5
128,2,0.0,0,4,40,64119.93333333333
128,2,0.0,0,4,60,53682.9
128,2,0.0,0,4,80,57285.73333333334
128,2,0.0,0,4,100,50056.5
128,2,0.0,0,8,0,123437.66666666667
128,2,0.0,0,8,20,85661.16666666667
128,2,0.0,0,8,40,72564.86666666665
128,2,0.0,0,8,60,64218.6
128,2,0.0,0,8,80,60497.03333333333
128,2,0.0,0,8,100,52809.96666666667
128,2,0.0,20,2,0,107189.33333333333
128,2,0.0,20,2,20,69642.5
128,2,0.0,20,2,40,63668.466666666674
128,2,0.0,20,2,60,49495.700000000004
128,2,0.0,20,2,80,45894.76666666666
128,2,0.0,20,2,100,39185.700000000004
128,2,0.0,20,4,0,134008.33333333334
128,2,0.0,20,4,20,90282.96666666667
128,2,0.0,20,4,40,77482.43333333333
128,2,0.0,20,4,60,69515.73333333334
128,2,0.0,20,4,80,68256.23333333334
128,2,0.0,20,4,100,60123.1
128,2,0.0,20,8,0,151444.33333333334
128,2,0.0,20,8,20,103628.66666666667
128,2,0.0,20,8,40,84986.59999999999
128,2,0.0,20,8,60,77638.86666666667
128,2,0.0,20,8,80,69721.56666666667
128,2,0.0,20,8,100,61377.63333333333
128,2,0.0,60,2,0,185067.66666666666
128,2,0.0,60,2,20,137105.66666666666
128,2,0.0,60,2,40,125318.0
128,2,0.0,60,2,60,107917.0
128,2,0.0,60,2,80,95239.13333333332
128,2,0.0,60,2,100,88571.46666666667
128,2,0.0,60,4,0,242312.66666666666
128,2,0.0,60,4,20,156944.66666666666
128,2,0.0,60,4,40,144298.0
128,2,0.0,60,4,60,121106.33333333333
128,2,0.0,60,4,80,108527.33333333333
128,2,0.0,60,4,100,98724.53333333333
128,2,0.0,60,8,0,275162.6666666667
128,2,0.0,60,8,20,183872.66666666666
128,2,0.0,60,8,40,153000.0
128,2,0.0,60,8,60,125952.66666666667
128,2,0.0,60,8,80,112605.0
128,2,0.0,60,8,100,97542.06666666667
128,2,0.0,100,2,0,979437.6666666666
128,2,0.0,100,2,20,542880.6666666666
128,2,0.0,100,2,40,419126.3333333333
128,2,0.0,100,2,60,334334.6666666667
128,2,0.0,100,2,80,274500.6666666667
128,2,0.0,100,2,100,249727.66666666666
128,2,0.0,100,4,0,1871683.3333333333
128,2,0.0,100,4,20,730042.0
128,2,0.0,100,4,40,489463.6666666667
128,2,0.0,100,4,60,371312.0
128,2,0.0,100,4,80,303599.6666666667
128,2,0.0,100,4,100,251045.0
128,2,0.0,100,8,0,3662613.3333333335
128,2,0.0,100,8,20,893049.6666666666
128,2,0.0,100,8,40,509800.0
128,2,0.0,100,8,60,375876.3333333333
128,2,0.0,100,8,80,292618.6666666667
128,2,0.0,100,8,100,237864.33333333334
128,2,0.4,0,2,0,85997.09999999999
128,2,0.4,0,2,20,58643.56666666667
128,2,0.4,0,2,40,49790.799999999996
128,2,0.4,0,2,60,39005.76666666667
128,2,0.4,0,2,80,33353.833333333336
128,2,0.4,0,2,100,29943.833333333332
128,2,0.4,0,4,0,105601.66666666667
128,2,0.4,0,4,20,71996.66666666667
128,2,0.4,0,4,40,61243.86666666667
128,2,0.4,0,4,60,53001.26666666666
128,2,0.4,0,4,80,50403.13333333334
128,2,0.4,0,4,100,45974.700000000004
128,2,0.4,0,8,0,119063.66666666667
128,2,0.4,0,8,20,81345.93333333333
128,2,0.4,0,8,40,69910.3
128,2,0.4,0,8,60,59620.76666666667
128,2,0.4,0,8,80,56634.26666666666
128,2,0.4,0,8,100,50016.93333333333
128,2,0.4,20,2,0,103849.33333333333
128,2,0.4,20,2,20,71381.23333333334
128,2,0.4,20,2,40,60040.23333333334
128,2,0.4,20,2,60,49582.13333333334
128,2,0.4,20,2,80,41446.53333333333
128,2,0.4,20,2,100,36891.0
128,2,0.4,20,4,0,129877.0
128,2,0.4,20,4,20,86519.73333333334
128,2,0.4,20,4,40,73144.83333333333
128,2,0.4,20,4,60,66968.96666666667
128,2,0.4,20,4,80,62550.0
128,2,0.4,20,4,100,57299.166666666664
128,2,0.4,20,8,0,150144.0
128,2,0.4,20,8,20,102002.33333333333
128,2,0.4,20,8,40,85116.23333333332
128,2,0.4,20,8,60,74440.3
128,2,0.4,20,8,80,64280.43333333333
128,2,0.4,20,8,100,56306.56666666667
128,2,0.4,60,2,0,176427.33333333334
128,2,0.4,60,2,20,125671.66666666667
128,2,0.4,60,2,40,112199.0
128,2,0.4,60,2,60,102375.16666666667
128,2,0.4,60,2,80,86568.93333333333
128,2,0.4,60,2,100,75713.16666666667
128,2,0.4,60,4,0,231954.0
128,2,0.4,60,4,20,148927.33333333334
128,2,0.4,60,4,40,126435.33333333333
128,2,0.4,60,4,60,110874.0
128,2,0.4,60,4,80,100950.5
128,2,0.4,60,4,100,82353.53333333333
128,2,0.4,60,8,0,269363.6666666667
128,2,0.4,60,8,20,176600.0
128,2,0.4,60,8,40,142157.0
128,2,0.4,60,8,60,118387.66666666667
128,2,0.4,60,8,80,101308.90000000001
128,2,0.4,60,8,100,87519.0
128,2,0.4,100,2,0,729253.6666666666
128,2,0.4,100,2,20,430171.0
128,2,0.4,100,2,40,323348.0
128,2,0.4,100,2,60,274986.3333333333
128,2,0.4,100,2,80,244458.0
128,2,0.4,100,2,100,213628.33333333334
128,2,0.4,100,4,0,1420503.3333333333
128,2,0.4,100,4,20,613806.0
128,2,0.4,100,4,40,404801.0
128,2,0.4,100,4,60,305929.0
128,2,0.4,100,4,80,249240.0
128,2,0.4,100,4,100,207889.0
128,2,0.4,100,8,0,2814090.0
128,2,0.4,100,8,20,731707.6666666666
128,2,0.4,100,8,40,442663.6666666667
128,2,0.4,100,8,60,322016.6666666667
128,2,0.4,100,8,80,251335.33333333334
128,2,0.4,100,8,100,209019.66666666666
128,2,0.8,0,2,0,88338.76666666666
128,2,0.8,0,2,20,62950.9
128,2,0.8,0,2,40,52369.1
128,2,0.8,0,2,60,42586.4
128,2,0.8,0,2,80,34488.833333333336
128,2,0.8,0,2,100,30770.3
128,2,0.8,0,4,0,110227.33333333333
128,2,0.8,0,4,20,77084.36666666667
128,2,0.8,0,4,40,64569.86666666667
128,2,0.8,0,4,60,54872.93333333333
128,2,0.8,0,4,80,52124.06666666667
128,2,0.8,0,4,100,47063.56666666667
128,2,0.8,0,8,0,126469.66666666667
128,2,0.8,0,8,20,93149.53333333333
128,2,0.8,0,8,40,74892.93333333333
128,2,0.8,0,8,60,64406.76666666666
128,2,0.8,0,8,80,56271.93333333333
128,2,0.8,0,8,100,50865.06666666667
128,2,0.8,20,2,0,108273.33333333333
128,2,0.8,20,2,20,73685.9
128,2,0.8,20,2,40,61384.63333333333
128,2,0.8,20,2,60,50327.23333333334
128,2,0.8,20,2,80,43833.9
128,2,0.8,20,2,100,38485.0
128,2,0.8,20,4,0,134261.33333333334
128,2,0.8,20,4,20,95184.59999999999
128,2,0.8,20,4,40,78189.7
128,2,0.8,20,4,60,68193.09999999999
128,2,0.8,20,4,80,64939.533333333326
128,2,0.8,20,4,100,58799.06666666667
128,2,0.8,20,8,0,155667.0
128,2,0.8,20,8,20,114065.66666666667
128,2,0.8,20,8,40,92037.60000000002
128,2,0.8,20,8,60,77155.43333333333
128,2,0.8,20,8,80,66954.66666666667
128,2,0.8,20,8,100,57443.73333333334
128,2,0.8,60,2,0,185540.66666666666
128,2,0.8,60,2,20,128098.0
128,2,0.8,60,2,40,122519.0
128,2,0.8,60,2,60,105753.33333333333
128,2,0.8,60,2,80,92437.36666666665
128,2,0.8,60,2,100,80447.13333333335
128,2,0.8,60,4,0,245240.33333333334
128,2,0.8,60,4,20,161757.33333333334
128,2,0.8,60,4,40,138023.0
128,2,0.8,60,4,60,117158.66666666667
128,2,0.8,60,4,80,103607.33333333333
128,2,0.8,60,4,100,88493.96666666667
128,2,0.8,60,8,0,285359.0
128,2,0.8,60,8,20,188075.0
128,2,0.8,60,8,40,148702.66666666666
128,2,0.8,60,8,60,119408.0
128,2,0.8,60,8,80,103387.86666666665
128,2,0.8,60,8,100,90386.73333333334
128,2,0.8,100,2,0,846508.6666666666
128,2,0.8,100,2,20,486569.0
128,2,0.8,100,2,40,376843.3333333333
128,2,0.8,100,2,60,301890.0
128,2,0.8,100,2,80,262343.0
128,2,0.8,100,2,100,224081.0
128,2,0.8,100,4,0,1611663.3333333333
128,2,0.8,100,4,20,647451.3333333334
128,2,0.8,100,4,40,436620.0
128,2,0.8,100,4,60,328826.3333333333
128,2,0.8,100,4,80,262711.0
128,2,0.8,100,4,100,225142.66666666666
128,2,0.8,100,8,0,3144210.0
128,2,0.8,100,8,20,813196.0
128,2,0.8,100,8,40,475682.6666666667
128,2,0.8,100,8,60,336726.3333333333
128,2,0.8,100,8,80,268717.6666666667
128,2,0.8,100,8,100,221004.33333333334
128,2,0.99,0,2,0,93535.06666666667
128,2,0.99,0,2,20,67369.93333333333
128,2,0.99,0,2,40,59902.0
128,2,0.99,0,2,60,44308.63333333334
128,2,0.99,0,2,80,37880.36666666667
128,2,0.99,0,2,100,33208.23333333334
128,2,0.99,0,4,0,109414.0
128,2,0.99,0,4,20,93011.83333333333
128,2,0.99,0,4,40,72551.83333333333
128,2,0.99,0,4,60,59795.4
128,2,0.99,0,4,80,55300.666666666664
128,2,0.99,0,4,100,50764.43333333333
128,2,0.99,0,8,0,134276.33333333334
128,2,0.99,0,8,20,111281.33333333333
128,2,0.99,0,8,40,83229.59999999999
128,2,0.99,0,8,60,68920.56666666667
128,2,0.99,0,8,80,59968.9
128,2,0.99,0,8,100,50584.13333333334
128,2,0.99,20,2,0,112573.0
128,2,0.99,20,2,20,79328.2
128,2,0.99,20,2,40,73513.76666666666
128,2,0.99,20,2,60,54334.4
128,2,0.99,20,2,80,47300.73333333334
128,2,0.99,20,2,100,41567.833333333336
128,2,0.99,20,4,0,143536.33333333334
128,2,0.99,20,4,20,112109.0
128,2,0.99,20,4,40,87518.53333333333
128,2,0.99,20,4,60,78455.16666666667
128,2,0.99,20,4,80,67218.13333333332
128,2,0.99,20,4,100,58517.19999999999
128,2,0.99,20,8,0,169294.66666666666
128,2,0.99,20,8,20,134918.0
128,2,0.99,20,8,40,105973.0
128,2,0.99,20,8,60,85100.0
128,2,0.99,20,8,80,67821.2
128,2,0.99,20,8,100,59223.46666666667
128,2,0.99,60,2,0,196444.0
128,2,0.99,60,2,20,137887.0
128,2,0.99,60,2,40,127202.0
128,2,0.99,60,2,60,116043.0
128,2,0.99,60,2,80,95371.16666666667
128,2,0.99,60,2,100,84520.96666666667
128,2,0.99,60,4,0,260663.0
128,2,0.99,60,4,20,186042.0
128,2,0.99,60,4,40,157012.33333333334
128,2,0.99,60,4,60,126621.33333333333
128,2,0.99,60,4,80,106330.66666666667
128,2,0.99,60,4,100,95638.13333333335
128,2,0.99,60,8,0,313810.3333333333
128,2,0.99,60,8,20,230618.0
128,2,0.99,60,8,40,165354.66666666666
128,2,0.99,60,8,60,133435.66666666666
128,2,0.99,60,8,80,109830.33333333333
128,2,0.99,60,8,100,93235.33333333333
128,2,0.99,100,2,0,972657.3333333334
128,2,0.99,100,2,20,563327.6666666666
128,2,0.99,100,2,40,431040.3333333333
128,2,0.99,100,2,60,353361.3333333333
128,2,0.99,100,2,80,295195.3333333333
128,2,0.99,100,2,100,260667.66666666666
128,2,0.99,100,4,0,1863246.6666666667
128,2,0.99,100,4,20,737258.6666666666
128,2,0.99,100,4,40,493821.6666666667
128,2,0.99,100,4,60,371262.0
128,2,0.99,100,4,80,306807.3333333333
128,2,0.99,100,4,100,257795.33333333334
128,2,0.99,100,8,0,3610136.6666666665
128,2,0.99,100,8,20,921532.3333333334
128,2,0.99,100,8,40,566610.3333333334
128,2,0.99,100,8,60,398916.0
128,2,0.99,100,8,80,319846.6666666667
128,2,0.99,100,8,100,258478.33333333334
128,8,0.0,0,2,0,298922.6666666667
128,8,0.0,0,2,20,220244.66666666666
128,8,0.0,0,2,40,178991.66666666666
128,8,0.0,0,2,60,163104.0
128,8,0.0,0,2,80,141374.66666666666
128,8,0.0,0,2,100,127469.0
128,8,0.0,0,4,0,342948.3333333333
128,8,0.0,0,4,20,268173.6666666667
128,8,0.0,0,4,40,231444.66666666666
128,8,0.0,0,4,60,197128.33333333334
128,8,0.0,0,4,80,177682.33333333334
128,8,0.0,0,4,100,176592.66666666666
128,8,0.0,0,8,0,385120.0
128,8,0.0,0,8,20,299679.5
128,8,0.0,0,8,40,261041.0
128,8,0.0,0,8,60,222657.0
128,8,0.0,0,8,80,210752.0
128,8,0.0,0,8,100,199108.0
128,8,0.0,20,2,0,365007.6666666667
128,8,0.0,20,2,20,254345.33333333334
128,8,0.0,20,2,40,237622.33333333334
128,8,0.0,20,2,60,193714.33333333334
128,8,0.0,20,2,80,173008.66666666666
128,8,0.0,20,2,100,157398.0
128,8,0.0,20,4,0,428368.0
128,8,0.0,20,4,20,329697.3333333333
128,8,0.0,20,4,40,282975.6666666667
128,8,0.0,20,4,60,248266.0
128,8,0.0,20,4,80,253965.33333333334
128,8,0.0,20,4,100,228790.33333333334
128,8,0.0,20,8,0,474834.0
128,8,0.0,20,8,20,387839.0
128,8,0.0,20,8,40,315120.6666666667
128,8,0.0,20,8,60,301210.5
128,8,0.0,20,8,80,257277.5
128,8,0.0,20,8,100,234714.33333333334
128,8,0.0,60,2,0,599124.3333333334
128,8,0.0,60,2,20,436685.6666666667
128,8,0.0,60,2,40,399407.6666666667
128,8,0.0,60,2,60,397980.3333333333
128,8,0.0,60,2,80,357851.3333333333
128,8,0.0,60,2,100,323640.0
128,8,0.0,60,4,0,840588.0
128,8,0.0,60,4,20,581148.3333333334
128,8,0.0,60,4,40,499554.0
128,8,0.0,60,4,60,442487.6666666667
128,8,0.0,60,4,80,400372.3333333333
128,8,0.0,60,4,100,357700.6666666667
128,8,0.0,60,8,0,888671.0
128,8,0.0,60,8,20,655788.0
128,8,0.0,60,8,40,553732.6666666666
128,8,0.0,60,8,60,461706.6666666667
128,8,0.0,60,8,80,400579.0
128,8,0.0,60,8,100,366443.0
128,8,0.0,100,2,0,2983560.0
128,8,0.0,100,2,20,1861363.3333333333
128,8,0.0,100,2,40,1389520.0
128,8,0.0,100,2,60,1107676.6666666667
128,8,0.0,100,2,80,964531.6666666666
128,8,0.0,100,2,100,840158.0
128,8,0.0,100,4,0,5701550.0
128,8,0.0,100,4,20,2509676.6666666665
128,8,0.0,100,4,40,1640520.0
128,8,0.0,100,4,60,1223190.0
128,8,0.0,100,4,80,974779.3333333334
128,8,0.0,100,4,100,801094.3333333334
128,8,0.0,100,8,0,11367300.0
128,8,0.0,100,8,20,2999160.0
128,8,0.0,100,8,40,1781706.6666666667
128,8,0.0,100,8,60,1295020.0
128,8,0.0,100,8,80,1014307.0
128,8,0.0,100,8,100,844937.0
128,8,0.4,0,2,0,260523.66666666666
128,8,0.4,0,2,20,196195.33333333334
128,8,0.4,0,2,40,179203.0
128,8,0.4,0,2,60,145435.66666666666
128,8,0.4,0,2,80,137309.33333333334
128,8,0.4,0,2,100,122490.33333333333
128,8,0.4,0,4,0,334447.0
128,8,0.4,0,4,20,269090.6666666667
128,8,0.4,0,4,40,233119.0
128,8,0.4,0,4,60,197295.33333333334
128,8,0.4,0,4,80,172613.0
128,8,0.4,0,4,100,172110.0
128,8,0.4,0,8,0,381702.6666666667
128,8,0.4,0,8,20,293380.5
128,8,0.4,0,8,40,263420.5
128,8,0.4,0,8,60,208784.0
128,8,0.4,0,8,80,197185.0
128,8,0.4,0,8,100,192398.33333333334
128,8,0.4,20,2,0,351300.0
128,8,0.4,20,2,20,245568.0
128,8,0.4,20,2,40,224981.66666666666
128,8,0.4,20,2,60,185801.66666666666
128,8,0.4,20,2,80,165360.33333333334
128,8,0.4,20,2,100,153602.33333333334
128,8,0.4,20,4,0,419277.3333333333
128,8,0.4,20,4,20,323879.0
128,8,0.4,20,4,40,271115.0
128,8,0.4,20,4,60,238081.66666666666
128,8,0.4,20,4,80,229755.0
128,8,0.4,20,4,100,221299.0
128,8,0.4,20,8,0,467634.0
128,8,0.4,20,8,20,359377.0
128,8,0.4,20,8,40,304723.6666666667
128,8,0.4,20,8,60,279412.3333333333
128,8,0.4,20,8,80,246985.66666666666
128,8,0.4,20,8,100,228321.0
128,8,0.4,60,2,0,564038.3333333334
128,8,0.4,60,2,20,399074.6666666667
128,8,0.4,60,2,40,383014.0
128,8,0.4,60,2,60,357698.0
128,8,0.4,60,2,80,346636.6666666667
128,8,0.4,60,2,100,296523.6666666667
128,8,0.4,60,4,0,815010.3333333334
128,8,0.4,60,4,20,548111.6666666666
128,8,0.4,60,4,40,483858.6666666667
128,8,0.4,60,4,60,422454.3333333333
128,8,0.4,60,4,80,361509.6666666667
128,8,0.4,60,4,100,310032.0
128,8,0.4,60,8,0,847991.6666666666
128,8,0.4,60,8,20,620226.3333333334
128,8,0.4,60,8,40,532404.0
128,8,0.4,60,8,60,423620.6666666667
128,8,0.4,60,8,80,374028.0
128,8,0.4,60,8,100,314823.3333333333
128,8,0.4,100,2,0,2345296.6666666665
128,8,0.4,100,2,20,1499353.3333333333
128,8,0.4,100,2,40,1181983.3333333333
128,8,0.4,100,2,60,978728.0
128,8,0.4,100,2,80,813889.6666666666
128,8,0.4,100,2,100,729285.0
128,8,0.4,100,4,0,4534230.0
128,8,0.4,100,4,20,2068496.6666666667
128,8,0.4,100,4,40,1371303.3333333333
128,8,0.4,100,4,60,1057093.3333333333
128,8,0.4,100,4,80,814865.3333333334
128,8,0.4,100,4,100,699447.0
128,8,0.4,100,8,0,8928520.0
128,8,0.4,100,8,20,2602790.0
128,8,0.4,100,8,40,1530320.0
128,8,0.4,100,8,60,1095903.3333333333
128,8,0.4,100,8,80,824220.0
128,8,0.4,100,8,100,727294.5
128,8,0.8,0,2,0,288483.6666666667
128,8,0.8,0,2,20,217359.0
128,8,0.8,0,2,40,180676.0
128,8,0.8,0,2,60,155067.66666666666
128,8,0.8,0,2,80,141723.66666666666
128,8,0.8,0,2,100,123190.0
128,8,0.8,0,4,0,346044.0
128,8,0.8,0,4,20,284344.6666666667
128,8,0.8,0,4,40,236889.0
128,8,0.8,0,4,60,200301.0
128,8,0.8,0,4,80,175204.0
128,8,0.8,0,4,100,178079.33333333334
128,8,0.8,0,8,0,396317.0
128,8,0.8,0,8,20,334283.0
128,8,0.8,0,8,40,270838.0
128,8,0.8,0,8,60,219474.0
128,8,0.8,0,8,80,209156.0
128,8,0.8,0,8,100,199919.5
128,8,0.8,20,2,0,353235.3333333333
128,8,0.8,20,2,20,246537.66666666666
128,8,0.8,20,2,40,225449.0
128,8,0.8,20,2,60,190243.66666666666
128,8,0.8,20,2,80,175466.33333333334
128,8,0.8,20,2,100,146689.66666666666
128,8,0.8,20,4,0,437831.0
128,8,0.8,20,4,20,339528.3333333333
128,8,0.8,20,4,40,281757.3333333333
128,8,0.8,20,4,60,240619.33333333334
128,8,0.8,20,4,80,247996.0
128,8,0.8,20,4,100,219346.66666666666
128,8,0.8,20,8,0,484132.6666666667
128,8,0.8,20,8,20,412797.0
128,8,0.8,20,8,40,337352.0
128,8,0.8,20,8,60,286089.5
128,8,0.8,20,8,80,252284.66666666666
128,8,0.8,20,8,100,221869.0
128,8,0.8,60,2,0,589746.3333333334
128,8,0.8,60,2,20,438146.0
128,8,0.8,60,2,40,410001.6666666667
128,8,0.8,60,2,60,368100.0
128,8,0.8,60,2,80,347762.6666666667
128,8,0.8,60,2,100,309656.3333333333
128,8,0.8,60,4,0,844486.0
128,8,0.8,60,4,20,581174.6666666666
128,8,0.8,60,4,40,501114.6666666667
128,8,0.8,60,4,60,425758.3333333333
128,8,0.8,60,4,80,372827.0
128,8,0.8,60,4,100,339796.6666666667
128,8,0.8,60,8,0,867121.0
128,8,0.8,60,8,20,673744.0
128,8,0.8,60,8,40,542607.0
128,8,0.8,60,8,60,456146.5
128,8,0.8,60,8,80,377716.3333333333
128,8,0.8,60,8,100,335472.0
128,8,0.8,100,2,0,2643523.3333333335
128,8,0.8,100,2,20,1655253.3333333333
128,8,0.8,100,2,40,1278000.0
128,8,0.8,100,2,60,1040510.0
128,8,0.8,100,2,80,882487.6666666666
128,8,0.8,100,2,100,782742.0
128,8,0.8,100,4,0,5037853.333333333
128,8,0.8,100,4,20,2317513.3333333335
128,8,0.8,100,4,40,1470203.3333333333
128,8,0.8,100,4,60,1131666.6666666667
128,8,0.8,100,4,80,918474.0
128,8,0.8,100,4,100,781541.6666666666
128,8,0.8,100,8,0,9846650.0
128,8,0.8,100,8,20,2787866.6666666665
128,8,0.8,100,8,40,1689645.0
128,8,0.8,100,8,60,1173805.0
128,8,0.8,100,8,80,956275.6666666666
128,8,0.8,100,8,100,779065.6666666666
128,8,0.99,0,2,0,303097.0
128,8,0.99,0,2,20,238087.0
128,8,0.99,0,2,40,215947.66666666666
128,8,0.99,0,2,60,165984.33333333334
128,8,0.99,0,2,80,150433.0
128,8,0.99,0,2,100,128141.33333333333
128,8,0.99,0,4,0,368888.6666666667
128,8,0.99,0,4,20,307121.3333333333
128,8,0.99,0,4,40,245541.33333333334
128,8,0.99,0,4,60,214178.0
128,8,0.99,0,4,80,184287.33333333334
128,8,0.99,0,4,100,190427.33333333334
128,8,0.99,0,8,0,417812.0
128,8,0.99,0,8,20,376200.6666666667
128,8,0.99,0,8,40,290873.6666666667
128,8,0.99,0,8,60,234909.5
128,8,0.99,0,8,80,211590.0
128,8,0.99,0,8,100,200964.0
128,8,0.99,20,2,0,394568.0
128,8,0.99,20,2,20,275755.0
128,8,0.99,20,2,40,249324.33333333334
128,8,0.99,20,2,60,209548.66666666666
128,8,0.99,20,2,80,188746.66666666666
128,8,0.99,20,2,100,168267.66666666666
128,8,0.99,20,4,0,457425.3333333333
128,8,0.99,20,4,20,370342.0
128,8,0.99,20,4,40,295285.0
128,8,0.99,20,4,60,251701.66666666666
128,8,0.99,20,4,80,254155.33333333334
128,8,0.99,20,4,100,231869.0
128,8,0.99,20,8,0,515835.5
128,8,0.99,20,8,20,457986.0
128,8,0.99,20,8,40,349170.0
128,8,0.99,20,8,60,313534.5
128,8,0.99,20,8,80,252776.66666666666
128,8,0.99,20,8,100,232547.0
128,8,0.99,60,2,0,635622.0
128,8,0.99,60,2,20,451880.3333333333
128,8,0.99,60,2,40,408412.3333333333
128,8,0.99,60,2,60,399772.6666666667
128,8,0.99,60,2,80,376815.6666666667
128,8,0.99,60,2,100,322506.3333333333
128,8,0.99,60,4,0,896295.3333333334
128,8,0.99,60,4,20,625844.6666666666
128,8,0.99,60,4,40,529010.3333333334
128,8,0.99,60,4,60,449443.3333333333
128,8,0.99,60,4,80,389913.3333333333
128,8,0.99,60,4,100,362348.6666666667
128,8,0.99,60,8,0,968049.5
128,8,0.99,60,8,20,817154.5
128,8,0.99,60,8,40,602720.3333333334
128,8,0.99,60,8,60,464854.0
128,8,0.99,60,8,80,386252.6666666667
128,8,0.99,60,8,100,344090.0
128,8,0.99,100,2,0,3143630.0
128,8,0.99,100,2,20,1975110.0
128,8,0.99,100,2,40,1511100.0
128,8,0.99,100,2,60,1241303.3333333333
128,8,0.99,100,2,80,1019414.0
128,8,0.99,100,2,100,917609.3333333334
128,8,0.99,100,4,0,5792440.0
128,8,0.99,100,4,20,2711780.0
128,8,0.99,100,4,40,1798393.3333333333
128,8,0.99,100,4,60,1329823.3333333333
128,8,0.99,100,4,80,1057670.0
128,8,0.99,100,4,100,924255.0
128,8,0.99,100,8,0,11565800.0
128,8,0.99,100,8,20,3249790.0
128,8,0.99,100,8,40,1974836.6666666667
128,8,0.99,100,8,60,1420000.0
128,8,0.99,100,8,80,1111483.3333333333
128,8,0.99,100,8,100,911832.0
128,16,0.0,0,2,0,273416.6666666667
128,16,0.0,0,2,20,230175.33333333334
128,16,0.0,0,2,40,216979.66666666666
128,16,0.0,0,2,60,199466.33333333334
128,16,0.0,0,2,80,173873.66666666666
128,16,0.0,0,2,100,159616.33333333334
128,16,0.0,0,4,0,421404.3333333333
128,16,0.0,0,4,20,332193.6666666667
128,16,0.0,0,4,40,284321.6666666667
128,16,0.0,0,4,60,244064.0
128,16,0.0,0,4,80,213400.33333333334
128,16,0.0,0,4,100,190085.66666666666
128,16,0.0,0,8,0,413938.5
128,16,0.0,0,8,20,347213.0
128,16,0.0,0,8,40,303536.0
128,16,0.0,0,8,60,257284.0
128,16,0.0,0,8,80,221166.5
128,16,0.0,0,8,100,200442.0
128,16,0.0,20,2,0,334775.0
128,16,0.0,20,2,20,274334.6666666667
128,16,0.0,20,2,40,268864.0
128,16,0.0,20,2,60,241518.33333333334
128,16,0.0,20,2,80,210245.33333333334
128,16,0.0,20,2,100,188519.33333333334
128,16,0.0,20,4,0,519939.0
128,16,0.0,20,4,20,403036.3333333333
128,16,0.0,20,4,40,337771.0
128,16,0.0,20,4,60,293656.6666666667
128,16,0.0,20,4,80,252444.66666666666
128,16,0.0,20,4,100,226765.33333333334
128,16,0.0,20,8,0,
128,16,0.0,20,8,20,433517.0
128,16,0.0,20,8,40,
128,16,0.0,20,8,60,
128,16,0.0,20,8,80,
128,16,0.0,20,8,100,267624.0
128,16,0.0,60,2,0,583464.6666666666
128,16,0.0,60,2,20,490947.6666666667
128,16,0.0,60,2,40,477333.3333333333
128,16,0.0,60,2,60,423187.6666666667
128,16,0.0,60,2,80,374370.3333333333
128,16,0.0,60,2,100,346877.0
128,16,0.0,60,4,0,947457.3333333334
128,16,0.0,60,4,20,703016.0
128,16,0.0,60,4,40,555576.0
128,16,0.0,60,4,60,484223.0
128,16,0.0,60,4,80,446486.3333333333
128,16,0.0,60,4,100,391856.3333333333
128,16,0.0,60,8,0,961970.0
128,16,0.0,60,8,20,
128,16,0.0,60,8,40,583441.0
128,16,0.0,60,8,60,527695.5
128,16,0.0,60,8,80,
128,16,0.0,60,8,100,378127.0
128,16,0.0,100,2,0,3741570.0
128,16,0.0,100,2,20,2470856.6666666665
128,16,0.0,100,2,40,1929230.0
128,16,0.0,100,2,60,1598426.6666666667
128,16,0.0,100,2,80,1347183.3333333333
128,16,0.0,100,2,100,1186783.3333333333
128,16,0.0,100,4,0,7108123.333333333
128,16,0.0,100,4,20,3490643.3333333335
128,16,0.0,100,4,40,2253583.3333333335
128,16,0.0,100,4,60,1736606.6666666667
128,16,0.0,100,4,80,1375836.6666666667
128,16,0.0,100,4,100,1160006.6666666667
128,16,0.0,100,8,0,13896300.0
128,16,0.0,100,8,20,4057873.3333333335
128,16,0.0,100,8,40,
128,16,0.0,100,8,60,1757630.0
128,16,0.0,100,8,80,1363286.6666666667
128,16,0.0,100,8,100,1162336.6666666667
128,16,0.4,0,2,0,266081.3333333333
128,16,0.4,0,2,20,224832.0
128,16,0.4,0,2,40,223489.0
128,16,0.4,0,2,60,190957.66666666666
128,16,0.4,0,2,80,170929.0
128,16,0.4,0,2,100,148851.33333333334
128,16,0.4,0,4,0,415897.0
128,16,0.4,0,4,20,321735.6666666667
128,16,0.4,0,4,40,275466.3333333333
128,16,0.4,0,4,60,231523.66666666666
128,16,0.4,0,4,80,206710.66666666666
128,16,0.4,0,4,100,181198.66666666666
128,16,0.4,0,8,0,394749.0
128,16,0.4,0,8,20,342255.0
128,16,0.4,0,8,40,290094.0
128,16,0.4,0,8,60,253714.0
128,16,0.4,0,8,80,219796.0
128,16,0.4,0,8,100,190848.0
128,16,0.4,20,2,0,318351.0
128,16,0.4,20,2,20,267690.6666666667
128,16,0.4,20,2,40,253183.66666666666
128,16,0.4,20,2,60,225498.0
128,16,0.4,20,2,80,204089.33333333334
128,16,0.4,20,2,100,180290.33333333334
128,16,0.4,20,4,0,508857.3333333333
128,16,0.4,20,4,20,388791.3333333333
128,16,0.4,20,4,40,329578.6666666667
128,16,0.4,20,4,60,277799.6666666667
128,16,0.4,20,4,80,245450.66666666666
128,16,0.4,20,4,100,218422.33333333334
128,16,0.4,20,8,0,
128,16,0.4,20,8,20,414290.0
128,16,0.4,20,8,40,337094.0
128,16,0.4,20,8,60,298918.0
128,16,0.4,20,8,80,244334.0
128,16,0.4,20,8,100,226495.66666666666
128,16,0.4,60,2,0,554119.0
128,16,0.4,60,2,20,450432.0
128,16,0.4,60,2,40,453458.0
128,16,0.4,60,2,60,402868.0
128,16,0.4,60,2,80,342724.0
128,16,0.4,60,2,100,289693.0
128,16,0.4,60,4,0,855627.0
128,16,0.4,60,4,20,665427.3333333334
128,16,0.4,60,4,40,535360.6666666666
128,16,0.4,60,4,60,452407.3333333333
128,16,0.4,60,4,80,407933.3333333333
128,16,0.4,60,4,100,373495.3333333333
128,16,0.4,60,8,0,
128,16,0.4,60,8,20,726072.0
128,16,0.4,60,8,40,556394.0
128,16,0.4,60,8,60,463198.6666666667
128,16,0.4,60,8,80,401316.5
128,16,0.4,60,8,100,347241.0
128,16,0.4,100,2,0,2914246.6666666665
128,16,0.4,100,2,20,1969780.0
128,16,0.4,100,2,40,1612793.3333333333
128,16,0.4,100,2,60,1330236.6666666667
128,16,0.4,100,2,80,1131106.6666666667
128,16,0.4,100,2,100,990692.6666666666
128,16,0.4,100,4,0,5603540.0
128,16,0.4,100,4,20,2824826.6666666665
128,16,0.4,100,4,40,1820700.0
128,16,0.4,100,4,60,1417900.0
128,16,0.4,100,4,80,1163096.6666666667
128,16,0.4,100,4,100,993441.0
128,16,0.4,100,8,0,10861600.0
128,16,0.4,100,8,20,3428230.0
128,16,0.4,100,8,40,2074780.0
128,16,0.4,100,8,60,1483690.0
128,16,0.4,100,8,80,1133085.0
128,16,0.4,100,8,100,974531.5
128,16,0.8,0,2,0,270360.3333333333
128,16,0.8,0,2,20,227423.66666666666
128,16,0.8,0,2,40,220196.66666666666
128,16,0.8,0,2,60,199764.66666666666
128,16,0.8,0,2,80,170658.0
128,16,0.8,0,2,100,152764.33333333334
128,16,0.8,0,4,0,422891.0
128,16,0.8,0,4,20,337121.0
128,16,0.8,0,4,40,278355.3333333333
128,16,0.8,0,4,60,241516.33333333334
128,16,0.8,0,4,80,208992.33333333334
128,16,0.8,0,4,100,184172.66666666666
128,16,0.8,0,8,0,410607.0
128,16,0.8,0,8,20,381870.6666666667
128,16,0.8,0,8,40,308500.5
128,16,0.8,0,8,60,256117.5
128,16,0.8,0,8,80,218079.0
128,16,0.8,0,8,100,196545.0
128,16,0.8,20,2,0,326595.3333333333
128,16,0.8,20,2,20,276849.3333333333
128,16,0.8,20,2,40,275640.3333333333
128,16,0.8,20,2,60,239993.33333333334
128,16,0.8,20,2,80,204302.33333333334
128,16,0.8,20,2,100,182745.0
128,16,0.8,20,4,0,515696.6666666667
128,16,0.8,20,4,20,401881.0
128,16,0.8,20,4,40,334063.3333333333
128,16,0.8,20,4,60,286180.3333333333
128,16,0.8,20,4,80,252223.66666666666
128,16,0.8,20,4,100,223719.66666666666
128,16,0.8,20,8,0,513059.0
128,16,0.8,20,8,20,464482.0
128,16,0.8,20,8,40,364151.0
128,16,0.8,20,8,60,
128,16,0.8,20,8,80,262442.5
128,16,0.8,20,8,100,228539.5
128,16,0.8,60,2,0,570390.6666666666
128,16,0.8,60,2,20,471469.3333333333
128,16,0.8,60,2,40,457667.3333333333
128,16,0.8,60,2,60,413324.3333333333
128,16,0.8,60,2,80,350344.3333333333
128,16,0.8,60,2,100,309750.6666666667
128,16,0.8,60,4,0,887156.3333333334
128,16,0.8,60,4,20,710901.0
128,16,0.8,60,4,40,561163.6666666666
128,16,0.8,60,4,60,468396.6666666667
128,16,0.8,60,4,80,409797.6666666667
128,16,0.8,60,4,100,379299.0
128,16,0.8,60,8,0,965826.5
128,16,0.8,60,8,20,760282.3333333334
128,16,0.8,60,8,40,604403.0
128,16,0.8,60,8,60,496093.0
128,16,0.8,60,8,80,
128,16,0.8,60,8,100,363505.0
128,16,0.8,100,2,0,3250330.0
128,16,0.8,100,2,20,2177270.0
128,16,0.8,100,2,40,1685406.6666666667
128,16,0.8,100,2,60,1387780.0
128,16,0.8,100,2,80,1196190.0
128,16,0.8,100,2,100,1071700.0
128,16,0.8,100,4,0,6085873.333333333
128,16,0.8,100,4,20,2975280.0
128,16,0.8,100,4,40,2036493.3333333333
128,16,0.8,100,4,60,1535210.0
128,16,0.8,100,4,80,1213736.6666666667
128,16,0.8,100,4,100,1045220.0
128,16,0.8,100,8,0,11686300.0
128,16,0.8,100,8,20,
128,16,0.8,100,8,40,
128,16,0.8,100,8,60,1579860.0
128,16,0.8,100,8,80,1271200.0
128,16,0.8,100,8,100,1057955.0
128,16,0.99,0,2,0,281562.0
128,16,0.99,0,2,20,243743.0
128,16,0.99,0,2,40,236490.0
128,16,0.99,0,2,60,204177.33333333334
128,16,0.99,0,2,80,178294.0
128,16,0.99,0,2,100,158244.66666666666
128,16,0.99,0,4,0,438648.3333333333
128,16,0.99,0,4,20,348240.0
128,16,0.99,0,4,40,286089.3333333333
128,16,0.99,0,4,60,242478.0
128,16,0.99,0,4,80,210554.33333333334
128,16,0.99,0,4,100,184843.0
128,16,0.99,0,8,0,435680.5
128,16,0.99,0,8,20,411802.5
128,16,0.99,0,8,40,320134.0
128,16,0.99,0,8,60,251864.0
128,16,0.99,0,8,80,219297.0
128,16,0.99,0,8,100,191368.0
128,16,0.99,20,2,0,340340.0
128,16,0.99,20,2,20,290662.0
128,16,0.99,20,2,40,277110.0
128,16,0.99,20,2,60,248860.33333333334
128,16,0.99,20,2,80,212948.33333333334
128,16,0.99,20,2,100,187506.66666666666
128,16,0.99,20,4,0,540928.3333333334
128,16,0.99,20,4,20,421927.0
128,16,0.99,20,4,40,345232.0
128,16,0.99,20,4,60,293410.3333333333
128,16,0.99,20,4,80,249151.0
128,16,0.99,20,4,100,222586.0
128,16,0.99,20,8,0,524673.0
128,16,0.99,20,8,20,509372.0
128,16,0.99,20,8,40,387545.5
128,16,0.99,20,8,60,314260.5
128,16,0.99,20,8,80,260034.0
128,16,0.99,20,8,100,227530.33333333334
128,16,0.99,60,2,0,608337.3333333334
128,16,0.99,60,2,20,496595.6666666667
128,16,0.99,60,2,40,504868.6666666667
128,16,0.99,60,2,60,425918.3333333333
128,16,0.99,60,2,80,377412.0
128,16,0.99,60,2,100,361275.3333333333
128,16,0.99,60,4,0,978763.6666666666
128,16,0.99,60,4,20,740057.3333333334
128,16,0.99,60,4,40,586863.6666666666
128,16,0.99,60,4,60,489736.3333333333
128,16,0.99,60,4,80,437605.0
128,16,0.99,60,4,100,386799.6666666667
128,16,0.99,60,8,0,1026410.0
128,16,0.99,60,8,20,866497.0
128,16,0.99,60,8,40,662613.0
128,16,0.99,60,8,60,526930.0
128,16,0.99,60,8,80,421859.0
128,16,0.99,60,8,100,381447.0
128,16,0.99,100,2,0,3729093.3333333335
128,16,0.99,100,2,20,2534100.0
128,16,0.99,100,2,40,1996133.3333333333
128,16,0.99,100,2,60,1656940.0
128,16,0.99,100,2,80,1389866.6666666667
128,16,0.99,100,2,100,1224640.0
128,16,0.99,100,4,0,6965063.333333333
128,16,0.99,100,4,20,3483813.3333333335
128,16,0.99,100,4,40,2382650.0
128,16,0.99,100,4,60,1808510.0
128,16,0.99,100,4,80,1439986.6666666667
128,16,0.99,100,4,100,1193646.6666666667
128,16,0.99,100,8,0,13457300.0
128,16,0.99,100,8,20,4202430.0
128,16,0.99,100,8,40,2561010.0
128,16,0.99,100,8,60,1882040.0
128,16,0.99,100,8,80,1479370.0
128,16,0.99,100,8,100,1225430.0
256,2,0.0,0,2,0,87493.53333333333
256,2,0.0,0,2,20,51181.86666666667
256,2,0.0,0,2,40,35472.566666666666
256,2,0.0,0,2,60,27017.36666666667
256,2,0.0,0,2,80,22754.900000000005
256,2,0.0,0,2,100,19350.7
256,2,0.0,0,4,0,107315.33333333333
256,2,0.0,0,4,20,60595.166666666664
256,2,0.0,0,4,40,48621.0
256,2,0.0,0,4,60,40313.4
256,2,0.0,0,4,80,36561.299999999996
256,2,0.0,0,4,100,32552.899999999998
256,2,0.0,0,8,0,121780.33333333333
256,2,0.0,0,8,20,70400.43333333333
256,2,0.0,0,8,40,56912.799999999996
256,2,0.0,0,8,60,47622.666666666664
256,2,0.0,0,8,80,42726.299999999996
256,2,0.0,0,8,100,41862.03333333333
256,2,0.0,20,2,0,105733.0
256,2,0.0,20,2,20,60827.93333333333
256,2,0.0,20,2,40,41064.299999999996
256,2,0.0,20,2,60,32732.13333333333
256,2,0.0,20,2,80,26225.533333333336
256,2,0.0,20,2,100,23653.333333333332
256,2,0.0,20,4,0,130187.33333333333
256,2,0.0,20,4,20,72945.43333333333
256,2,0.0,20,4,40,55957.26666666666
256,2,0.0,20,4,60,48979.93333333333
256,2,0.0,20,4,80,44157.73333333333
256,2,0.0,20,4,100,43348.76666666666
256,2,0.0,20,8,0,147841.0
256,2,0.0,20,8,20,85198.4
256,2,0.0,20,8,40,67999.26666666668
256,2,0.0,20,8,60,60883.53333333333
256,2,0.0,20,8,80,52693.03333333333
256,2,0.0,20,8,100,49554.43333333333
256,2,0.0,60,2,0,184733.0
256,2,0.0,60,2,20,110509.66666666667
256,2,0.0,60,2,40,71034.26666666666
256,2,0.0,60,2,60,53225.833333333336
256,2,0.0,60,2,80,50623.5
256,2,0.0,60,2,100,39505.700000000004
256,2,0.0,60,4,0,237199.0
256,2,0.0,60,4,20,123726.0
256,2,0.0,60,4,40,100823.43333333333
256,2,0.0,60,4,60,90306.03333333333
256,2,0.0,60,4,80,84425.3
256,2,0.0,60,4,100,74910.90000000001
256,2,0.0,60,8,0,273147.0
256,2,0.0,60,8,20,147870.0
256,2,0.0,60,8,40,120207.66666666667
256,2,0.0,60,8,60,97861.23333333332
256,2,0.0,60,8,80,82763.36666666667
256,2,0.0,60,8,100,75027.53333333333
256,2,0.0,100,2,0,975355.3333333334
256,2,0.0,100,2,20,449885.6666666667
256,2,0.0,100,2,40,360017.3333333333
256,2,0.0,100,2,60,275733.0
256,2,0.0,100,2,80,238473.0
256,2,0.0,100,2,100,206881.0
256,2,0.0,100,4,0,1875176.6666666667
256,2,0.0,100,4,20,624017.6666666666
256,2,0.0,100,4,40,404997.0
256,2,0.0,100,4,60,312871.6666666667
256,2,0.0,100,4,80,245685.0
256,2,0.0,100,4,100,199523.33333333334
256,2,0.0,100,8,0,3664856.6666666665
256,2,0.0,100,8,20,730320.0
256,2,0.0,100,8,40,457786.0
256,2,0.0,100,8,60,315662.6666666667
256,2,0.0,100,8,80,233735.33333333334
256,2,0.0,100,8,100,199153.0
256,2,0.4,0,2,0,85438.63333333335
256,2,0.4,0,2,20,52144.1
256,2,0.4,0,2,40,34987.833333333336
256,2,0.4,0,2,60,27455.399999999998
256,2,0.4,0,2,80,22672.166666666668
256,2,0.4,0,2,100,18944.4
256,2,0.4,0,4,0,104458.33333333333
256,2,0.4,0,4,20,60749.6
256,2,0.4,0,4,40,47689.966666666674
256,2,0.4,0,4,60,41053.76666666667
256,2,0.4,0,4,80,35173.26666666667
256,2,0.4,0,4,100,30533.13333333333
256,2,0.4,0,8,0,120349.0
256,2,0.4,0,8,20,69737.93333333333
256,2,0.4,0,8,40,55067.76666666666
256,2,0.4,0,8,60,46565.166666666664
256,2,0.4,0,8,80,39084.1
256,2,0.4,0,8,100,38152.93333333333
256,2,0.4,20,2,0,101265.53333333333
256,2,0.4,20,2,20,62130.23333333334
256,2,0.4,20,2,40,43091.76666666667
256,2,0.4,20,2,60,32439.899999999998
256,2,0.4,20,2,80,27164.333333333332
256,2,0.4,20,2,100,22565.600000000002
256,2,0.4,20,4,0,127990.0
256,2,0.4,20,4,20,71266.56666666667
256,2,0.4,20,4,40,55366.666666666664
256,2,0.4,20,4,60,47728.96666666667
256,2,0.4,20,4,80,39989.36666666667
256,2,0.4,20,4,100,38666.933333333334
256,2,0.4,20,8,0,148267.0
256,2,0.4,20,8,20,80772.26666666666
256,2,0.4,20,8,40,64777.399999999994
256,2,0.4,20,8,60,51231.13333333333
256,2,0.4,20,8,80,50696.26666666666
256,2,0.4,20,8,100,45158.19999999999
256,2,0.4,60,2,0,171218.66666666666
256,2,0.4,60,2,20,109350.33333333333
256,2,0.4,60,2,40,71583.66666666667
256,2,0.4,60,2,60,54627.9
256,2,0.4,60,2,80,46015.799999999996
256,2,0.4,60,2,100,37333.0
256,2,0.4,60,4,0,227822.0
256,2,0.4,60,4,20,117094.33333333333
256,2,0.4,60,4,40,89530.83333333333
256,2,0.4,60,4,60,80995.96666666666
256,2,0.4,60,4,80,74434.26666666668
256,2,0.4,60,4,100,64907.76666666666
256,2,0.4,60,8,0,257830.0
256,2,0.4,60,8,20,137173.0
256,2,0.4,60,8,40,111133.33333333333
256,2,0.4,60,8,60,95555.43333333335
256,2,0.4,60,8,80,79116.3
256,2,0.4,60,8,100,67211.36666666665
256,2,0.4,100,2,0,729156.6666666666
256,2,0.4,100,2,20,352636.6666666667
256,2,0.4,100,2,40,280508.3333333333
256,2,0.4,100,2,60,226580.33333333334
256,2,0.4,100,2,80,196511.66666666666
256,2,0.4,100,2,100,176061.66666666666
256,2,0.4,100,4,0,1424453.3333333333
256,2,0.4,100,4,20,491266.0
256,2,0.4,100,4,40,331154.3333333333
256,2,0.4,100,4,60,241259.33333333334
256,2,0.4,100,4,80,205084.0
256,2,0.4,100,4,100,171153.33333333334
256,2,0.4,100,8,0,2785836.6666666665
256,2,0.4,100,8,20,594826.6666666666
256,2,0.4,100,8,40,344563.0
256,2,0.4,100,8,60,257617.66666666666
256,2,0.4,100,8,80,205834.0
256,2,0.4,100,8,100,172112.66666666666
256,2,0.8,0,2,0,87787.90000000001
256,2,0.8,0,2,20,58274.200000000004
256,2,0.8,0,2,40,43691.799999999996
256,2,0.8,0,2,60,33241.26666666666
256,2,0.8,0,2,80,26737.3
256,2,0.8,0,2,100,22524.666666666668
256,2,0.8,0,4,0,109174.66666666667
256,2,0.8,0,4,20,67821.20000000001
256,2,0.8,0,4,40,52626.5
256,2,0.8,0,4,60,43982.36666666666
256,2,0.8,0,4,80,37305.03333333333
256,2,0.8,0,4,100,33151.36666666667
256,2,0.8,0,8,0,126503.66666666667
256,2,0.8,0,8,20,80150.36666666667
256,2,0.8,0,8,40,63437.36666666667
256,2,0.8,0,8,60,50633.6
256,2,0.8,0,8,80,42760.76666666667
256,2,0.8,0,8,100,41138.26666666666
256,2,0.8,20,2,0,103868.33333333333
256,2,0.8,20,2,20,70113.46666666666
256,2,0.8,20,2,40,51052.96666666667
256,2,0.8,20,2,60,38366.23333333333
256,2,0.8,20,2,80,31575.63333333333
256,2,0.8,20,2,100,26643.43333333333
256,2,0.8,20,4,0,135301.0
256,2,0.8,20,4,20,80225.13333333335
256,2,0.8,20,4,40,63838.43333333333
256,2,0.8,20,4,60,50984.333333333336
256,2,0.8,20,4,80,43697.1
256,2,0.8,20,4,100,41513.86666666667
256,2,0.8,20,8,0,154999.66666666666
256,2,0.8,20,8,20,94738.7
256,2,0.8,20,8,40,74463.3
256,2,0.8,20,8,60,59925.73333333334
256,2,0.8,20,8,80,52747.43333333333
256,2,0.8,20,8,100,48360.46666666667
256,2,0.8,60,2,0,183075.0
256,2,0.8,60,2,20,117411.33333333333
256,2,0.8,60,2,40,82501.23333333332
256,2,0.8,60,2,60,67594.7
256,2,0.8,60,2,80,56956.73333333333
256,2,0.8,60,2,100,49131.76666666666
256,2,0.8,60,4,0,241172.0
256,2,0.8,60,4,20,131080.33333333334
256,2,0.8,60,4,40,106118.33333333333
256,2,0.8,60,4,60,91841.13333333335
256,2,0.8,60,4,80,77511.23333333332
256,2,0.8,60,4,100,66244.03333333334
256,2,0.8,60,8,0,279270.6666666667
256,2,0.8,60,8,20,155588.0
256,2,0.8,60,8,40,119062.66666666667
256,2,0.8,60,8,60,95877.66666666667
256,2,0.8,60,8,80,79417.3
256,2,0.8,60,8,100,70052.8
256,2,0.8,100,2,0,836394.3333333334
256,2,0.8,100,2,20,393765.3333333333
256,2,0.8,100,2,40,296158.3333333333
256,2,0.8,100,2,60,238733.66666666666
256,2,0.8,100,2,80,201843.0
256,2,0.8,100,2,100,181635.33333333334
256,2,0.8,100,4,0,1606463.3333333333
256,2,0.8,100,4,20,524030.6666666667
256,2,0.8,100,4,40,337621.3333333333
256,2,0.8,100,4,60,255250.33333333334
256,2,0.8,100,4,80,206932.33333333334
256,2,0.8,100,4,100,181118.33333333334
256,2,0.8,100,8,0,3134703.3333333335
256,2,0.8,100,8,20,638835.3333333334
256,2,0.8,100,8,40,381367.0
256,2,0.8,100,8,60,263624.3333333333
256,2,0.8,100,8,80,211381.66666666666
256,2,0.8,100,8,100,170743.66666666666
256,2,0.99,0,2,0,91144.46666666667
256,2,0.99,0,2,20,64137.533333333326
256,2,0.99,0,2,40,50430.200000000004
256,2,0.99,0,2,60,38754.333333333336
256,2,0.99,0,2,80,32056.733333333334
256,2,0.99,0,2,100,27361.93333333333
256,2,0.99,0,4,0,114850.33333333333
256,2,0.99,0,4,20,83247.23333333334
256,2,0.99,0,4,40,63558.36666666667
256,2,0.99,0,4,60,51260.533333333326
256,2,0.99,0,4,80,42542.73333333334
256,2,0.99,0,4,100,38736.8
256,2,0.99,0,8,0,134618.66666666666
256,2,0.99,0,8,20,100453.73333333334
256,2,0.99,0,8,40,73308.73333333334
256,2,0.99,0,8,60,58833.13333333334
256,2,0.99,0,8,80,50118.799999999996
256,2,0.99,0,8,100,44912.63333333333
256,2,0.99,20,2,0,110450.0
256,2,0.99,20,2,20,78277.8
256,2,0.99,20,2,40,60198.13333333333
256,2,0.99,20,2,60,46052.833333333336
256,2,0.99,20,2,80,37900.799999999996
256,2,0.99,20,2,100,31700.0
256,2,0.99,20,4,0,144853.66666666666
256,2,0.99,20,4,20,98682.06666666665
256,2,0.99,20,4,40,74972.03333333334
256,2,0.99,20,4,60,61837.46666666667
256,2,0.99,20,4,80,56322.666666666664
256,2,0.99,20,4,100,50887.63333333333
256,2,0.99,20,8,0,164794.33333333334
256,2,0.99,20,8,20,119434.66666666667
256,2,0.99,20,8,40,87654.06666666667
256,2,0.99,20,8,60,72918.13333333333
256,2,0.99,20,8,80,59200.799999999996
256,2,0.99,20,8,100,50724.13333333333
256,2,0.99,60,2,0,192073.0
256,2,0.99,60,2,20,131969.66666666666
256,2,0.99,60,2,40,109700.66666666667
256,2,0.99,60,2,60,93312.90000000001
256,2,0.99,60,2,80,78346.53333333334
256,2,0.99,60,2,100,65161.86666666667
256,2,0.99,60,4,0,256721.33333333334
256,2,0.99,60,4,20,159634.33333333334
256,2,0.99,60,4,40,130370.66666666667
256,2,0.99,60,4,60,102484.66666666667
256,2,0.99,60,4,80,85957.2
256,2,0.99,60,4,100,76112.13333333335
256,2,0.99,60,8,0,310262.6666666667
256,2,0.99,60,8,20,193268.66666666666
256,2,0.99,60,8,40,139675.66666666666
256,2,0.99,60,8,60,109473.66666666667
256,2,0.99,60,8,80,88110.8
256,2,0.99,60,8,100,76023.43333333333
256,2,0.99,100,2,0,968954.0
256,2,0.99,100,2,20,442668.6666666667
256,2,0.99,100,2,40,334069.3333333333
256,2,0.99,100,2,60,268109.0
256,2,0.99,100,2,80,229879.0
256,2,0.99,100,2,100,193710.0
256,2,0.99,100,4,0,1883626.6666666667
256,2,0.99,100,4,20,584582.0
256,2,0.99,100,4,40,394363.0
256,2,0.99,100,4,60,282576.6666666667
256,2,0.99,100,4,80,224406.0
256,2,0.99,100,4,100,185823.66666666666
256,2,0.99,100,8,0,3616606.6666666665
256,2,0.99,100,8,20,710125.6666666666
256,2,0.99,100,8,40,410353.6666666667
256,2,0.99,100,8,60,300834.0
256,2,0.99,100,8,80,233554.0
256,2,0.99,100,8,100,197941.0
256,8,0.0,0,2,0,281535.0
256,8,0.0,0,2,20,197177.0
256,8,0.0,0,2,40,184797.66666666666
256,8,0.0,0,2,60,143290.0
256,8,0.0,0,2,80,123053.33333333333
256,8,0.0,0,2,100,106754.66666666667
256,8,0.0,0,4,0,361738.0
256,8,0.0,0,4,20,245219.66666666666
256,8,0.0,0,4,40,211193.33333333334
256,8,0.0,0,4,60,177297.66666666666
256,8,0.0,0,4,80,156914.66666666666
256,8,0.0,0,4,100,135297.33333333334
256,8,0.0,0,8,0,384172.3333333333
256,8,0.0,0,8,20,272789.6666666667
256,8,0.0,0,8,40,227792.33333333334
256,8,0.0,0,8,60,193806.0
256,8,0.0,0,8,80,177947.66666666666
256,8,0.0,0,8,100,178219.66666666666
256,8,0.0,20,2,0,366044.0
256,8,0.0,20,2,20,234739.66666666666
256,8,0.0,20,2,40,200190.0
256,8,0.0,20,2,60,168064.66666666666
256,8,0.0,20,2,80,143340.66666666666
256,8,0.0,20,2,100,124998.0
256,8,0.0,20,4,0,444314.6666666667
256,8,0.0,20,4,20,298662.6666666667
256,8,0.0,20,4,40,251576.0
256,8,0.0,20,4,60,208156.0
256,8,0.0,20,4,80,205751.33333333334
256,8,0.0,20,4,100,200537.66666666666
256,8,0.0,20,8,0,477566.6666666667
256,8,0.0,20,8,20,330895.3333333333
256,8,0.0,20,8,40,286645.0
256,8,0.0,20,8,60,250510.0
256,8,0.0,20,8,80,240087.0
256,8,0.0,20,8,100,214297.33333333334
256,8,0.0,60,2,0,598851.3333333334
256,8,0.0,60,2,20,394017.3333333333
256,8,0.0,60,2,40,327664.6666666667
256,8,0.0,60,2,60,267991.6666666667
256,8,0.0,60,2,80,325756.6666666667
256,8,0.0,60,2,100,283202.3333333333
256,8,0.0,60,4,0,824505.3333333334
256,8,0.0,60,4,20,493155.3333333333
256,8,0.0,60,4,40,442412.0
256,8,0.0,60,4,60,396106.0
256,8,0.0,60,4,80,344287.3333333333
256,8,0.0,60,4,100,317422.0
256,8,0.0,60,8,0,886613.3333333334
256,8,0.0,60,8,20,566337.3333333334
256,8,0.0,60,8,40,476006.0
256,8,0.0,60,8,60,414221.0
256,8,0.0,60,8,80,348514.0
256,8,0.0,60,8,100,315128.6666666667
256,8,0.0,100,2,0,3003170.0
256,8,0.0,100,2,20,1685830.0
256,8,0.0,100,2,40,1276306.6666666667
256,8,0.0,100,2,60,1041566.6666666666
256,8,0.0,100,2,80,890919.6666666666
256,8,0.0,100,2,100,701842.0
256,8,0.0,100,4,0,5610043.333333333
256,8,0.0,100,4,20,2183233.3333333335
256,8,0.0,100,4,40,1497020.0
256,8,0.0,100,4,60,1019207.3333333334
256,8,0.0,100,4,80,820642.0
256,8,0.0,100,4,100,690026.3333333334
256,8,0.0,100,8,0,10985000.0
256,8,0.0,100,8,20,2697680.0
256,8,0.0,100,8,40,1568816.6666666667
256,8,0.0,100,8,60,1130656.6666666667
256,8,0.0,100,8,80,851694.0
256,8,0.0,100,8,100,697926.0
256,8,0.4,0,2,0,272992.3333333333
256,8,0.4,0,2,20,196216.33333333334
256,8,0.4,0,2,40,167297.0
256,8,0.4,0,2,60,133584.33333333334
256,8,0.4,0,2,80,119471.0
256,8,0.4,0,2,100,110371.66666666667
256,8,0.4,0,4,0,352329.0
256,8,0.4,0,4,20,243239.33333333334
256,8,0.4,0,4,40,204037.0
256,8,0.4,0,4,60,172968.0
256,8,0.4,0,4,80,149062.0
256,8,0.4,0,4,100,139651.66666666666
256,8,0.4,0,8,0,383799.3333333333
256,8,0.4,0,8,20,260142.0
256,8,0.4,0,8,40,228987.33333333334
256,8,0.4,0,8,60,189120.33333333334
256,8,0.4,0,8,80,166889.33333333334
256,8,0.4,0,8,100,172671.33333333334
256,8,0.4,20,2,0,347632.0
256,8,0.4,20,2,20,221879.33333333334
256,8,0.4,20,2,40,205992.33333333334
256,8,0.4,20,2,60,160405.33333333334
256,8,0.4,20,2,80,146496.33333333334
256,8,0.4,20,2,100,128419.33333333333
256,8,0.4,20,4,0,425681.3333333333
256,8,0.4,20,4,20,296246.6666666667
256,8,0.4,20,4,40,236667.66666666666
256,8,0.4,20,4,60,206956.33333333334
256,8,0.4,20,4,80,183415.0
256,8,0.4,20,4,100,181367.66666666666
256,8,0.4,20,8,0,464698.6666666667
256,8,0.4,20,8,20,329544.0
256,8,0.4,20,8,40,277930.3333333333
256,8,0.4,20,8,60,226980.0
256,8,0.4,20,8,80,225152.0
256,8,0.4,20,8,100,188359.33333333334
256,8,0.4,60,2,0,570458.0
256,8,0.4,60,2,20,350582.6666666667
256,8,0.4,60,2,40,325229.3333333333
256,8,0.4,60,2,60,298752.6666666667
256,8,0.4,60,2,80,299251.0
256,8,0.4,60,2,100,270099.0
256,8,0.4,60,4,0,790845.0
256,8,0.4,60,4,20,492052.3333333333
256,8,0.4,60,4,40,412516.0
256,8,0.4,60,4,60,368532.0
256,8,0.4,60,4,80,315359.0
256,8,0.4,60,4,100,288677.0
256,8,0.4,60,8,0,858663.0
256,8,0.4,60,8,20,553603.0
256,8,0.4,60,8,40,439854.6666666667
256,8,0.4,60,8,60,378457.3333333333
256,8,0.4,60,8,80,321281.3333333333
256,8,0.4,60,8,100,283706.3333333333
256,8,0.4,100,2,0,2352723.3333333335
256,8,0.4,100,2,20,1357046.6666666667
256,8,0.4,100,2,40,1044620.0
256,8,0.4,100,2,60,842393.0
256,8,0.4,100,2,80,722044.3333333334
256,8,0.4,100,2,100,647748.6666666666
256,8,0.4,100,4,0,4530980.0
256,8,0.4,100,4,20,1847850.0
256,8,0.4,100,4,40,1219756.6666666667
256,8,0.4,100,4,60,913386.6666666666
256,8,0.4,100,4,80,737566.6666666666
256,8,0.4,100,4,100,620068.3333333334
256,8,0.4,100,8,0,8777093.333333334
256,8,0.4,100,8,20,2329506.6666666665
256,8,0.4,100,8,40,1348793.3333333333
256,8,0.4,100,8,60,927329.3333333334
256,8,0.4,100,8,80,747609.6666666666
256,8,0.4,100,8,100,607245.6666666666
256,8,0.8,0,2,0,289314.6666666667
256,8,0.8,0,2,20,201483.66666666666
256,8,0.8,0,2,40,187008.33333333334
256,8,0.8,0,2,60,142667.0
256,8,0.8,0,2,80,124973.66666666667
256,8,0.8,0,2,100,106544.0
256,8,0.8,0,4,0,359115.0
256,8,0.8,0,4,20,262830.3333333333
256,8,0.8,0,4,40,219693.33333333334
256,8,0.8,0,4,60,174440.66666666666
256,8,0.8,0,4,80,150641.0
256,8,0.8,0,4,100,139185.0
256,8,0.8,0,8,0,389991.0
256,8,0.8,0,8,20,311028.6666666667
256,8,0.8,0,8,40,243896.66666666666
256,8,0.8,0,8,60,201303.66666666666
256,8,0.8,0,8,80,175621.33333333334
256,8,0.8,0,8,100,177375.33333333334
256,8,0.8,20,2,0,365706.3333333333
256,8,0.8,20,2,20,229826.0
256,8,0.8,20,2,40,196065.0
256,8,0.8,20,2,60,170054.66666666666
256,8,0.8,20,2,80,149177.66666666666
256,8,0.8,20,2,100,123312.0
256,8,0.8,20,4,0,444762.6666666667
256,8,0.8,20,4,20,310787.0
256,8,0.8,20,4,40,261695.0
256,8,0.8,20,4,60,211912.66666666666
256,8,0.8,20,4,80,201153.33333333334
256,8,0.8,20,4,100,196408.0
256,8,0.8,20,8,0,487638.0
256,8,0.8,20,8,20,365547.0
256,8,0.8,20,8,40,295106.3333333333
256,8,0.8,20,8,60,252698.33333333334
256,8,0.8,20,8,80,224670.66666666666
256,8,0.8,20,8,100,210203.66666666666
256,8,0.8,60,2,0,600144.6666666666
256,8,0.8,60,2,20,394276.3333333333
256,8,0.8,60,2,40,340913.3333333333
256,8,0.8,60,2,60,306278.6666666667
256,8,0.8,60,2,80,295002.0
256,8,0.8,60,2,100,278136.6666666667
256,8,0.8,60,4,0,834087.6666666666
256,8,0.8,60,4,20,518303.3333333333
256,8,0.8,60,4,40,447725.3333333333
256,8,0.8,60,4,60,387160.0
256,8,0.8,60,4,80,316255.0
256,8,0.8,60,4,100,302942.3333333333
256,8,0.8,60,8,0,892731.6666666666
256,8,0.8,60,8,20,635047.3333333334
256,8,0.8,60,8,40,494619.0
256,8,0.8,60,8,60,390031.0
256,8,0.8,60,8,80,339774.3333333333
256,8,0.8,60,8,100,287701.6666666667
256,8,0.8,100,2,0,2636770.0
256,8,0.8,100,2,20,1480586.6666666667
256,8,0.8,100,2,40,1144490.0
256,8,0.8,100,2,60,966255.6666666666
256,8,0.8,100,2,80,823266.6666666666
256,8,0.8,100,2,100,686075.0
256,8,0.8,100,4,0,4999763.333333333
256,8,0.8,100,4,20,1977816.6666666667
256,8,0.8,100,4,40,1369623.3333333333
256,8,0.8,100,4,60,1006482.6666666666
256,8,0.8,100,4,80,772486.0
256,8,0.8,100,4,100,700840.6666666666
256,8,0.8,100,8,0,9788170.0
256,8,0.8,100,8,20,2457946.6666666665
256,8,0.8,100,8,40,1391970.0
256,8,0.8,100,8,60,1007312.3333333334
256,8,0.8,100,8,80,797865.3333333334
256,8,0.8,100,8,100,636752.0
256,8,0.99,0,2,0,311564.3333333333
256,8,0.99,0,2,20,236633.33333333334
256,8,0.99,0,2,40,192795.33333333334
256,8,0.99,0,2,60,157953.33333333334
256,8,0.99,0,2,80,133996.0
256,8,0.99,0,2,100,116385.66666666667
256,8,0.99,0,4,0,385647.0
256,8,0.99,0,4,20,289681.6666666667
256,8,0.99,0,4,40,232291.33333333334
256,8,0.99,0,4,60,195596.0
256,8,0.99,0,4,80,164555.33333333334
256,8,0.99,0,4,100,148795.0
256,8,0.99,0,8,0,409141.6666666667
256,8,0.99,0,8,20,353846.6666666667
256,8,0.99,0,8,40,262444.6666666667
256,8,0.99,0,8,60,220075.33333333334
256,8,0.99,0,8,80,184189.0
256,8,0.99,0,8,100,184493.0
256,8,0.99,20,2,0,374313.6666666667
256,8,0.99,20,2,20,268156.3333333333
256,8,0.99,20,2,40,228662.66666666666
256,8,0.99,20,2,60,185990.66666666666
256,8,0.99,20,2,80,159153.66666666666
256,8,0.99,20,2,100,138987.33333333334
256,8,0.99,20,4,0,468870.0
256,8,0.99,20,4,20,344396.0
256,8,0.99,20,4,40,272454.0
256,8,0.99,20,4,60,228791.66666666666
256,8,0.99,20,4,80,217702.33333333334
256,8,0.99,20,4,100,209987.0
256,8,0.99,20,8,0,521046.3333333333
256,8,0.99,20,8,20,428823.3333333333
256,8,0.99,20,8,40,318179.3333333333
256,8,0.99,20,8,60,271510.3333333333
256,8,0.99,20,8,80,229848.66666666666
256,8,0.99,20,8,100,206130.66666666666
256,8,0.99,60,2,0,639616.0
256,8,0.99,60,2,20,434408.6666666667
256,8,0.99,60,2,40,381893.0
256,8,0.99,60,2,60,353301.6666666667
256,8,0.99,60,2,80,336353.6666666667
256,8,0.99,60,2,100,289042.0
256,8,0.99,60,4,0,878105.0
256,8,0.99,60,4,20,573063.3333333334
256,8,0.99,60,4,40,488322.3333333333
256,8,0.99,60,4,60,399559.3333333333
256,8,0.99,60,4,80,332677.6666666667
256,8,0.99,60,4,100,335050.0
256,8,0.99,60,8,0,961971.3333333334
256,8,0.99,60,8,20,694992.6666666666
256,8,0.99,60,8,40,530467.3333333334
256,8,0.99,60,8,60,432037.6666666667
256,8,0.99,60,8,80,367211.0
256,8,0.99,60,8,100,292690.6666666667
256,8,0.99,100,2,0,3169200.0
256,8,0.99,100,2,20,1748326.6666666667
256,8,0.99,100,2,40,1348050.0
256,8,0.99,100,2,60,1083066.6666666667
256,8,0.99,100,2,80,941420.3333333334
256,8,0.99,100,2,100,784602.3333333334
256,8,0.99,100,4,0,5855106.666666667
256,8,0.99,100,4,20,2392203.3333333335
256,8,0.99,100,4,40,1575896.6666666667
256,8,0.99,100,4,60,1170200.0
256,8,0.99,100,4,80,944026.6666666666
256,8,0.99,100,4,100,787961.6666666666
256,8,0.99,100,8,0,11306666.666666666
256,8,0.99,100,8,20,2868233.3333333335
256,8,0.99,100,8,40,1716273.3333333333
256,8,0.99,100,8,60,1200166.6666666667
256,8,0.99,100,8,80,960019.0
256,8,0.99,100,8,100,779426.3333333334
256,16,0.0,0,2,0,299705.3333333333
256,16,0.0,0,2,20,224763.66666666666
256,16,0.0,0,2,40,226326.0
256,16,0.0,0,2,60,188388.33333333334
256,16,0.0,0,2,80,160241.0
256,16,0.0,0,2,100,144322.33333333334
256,16,0.0,0,4,0,421320.6666666667
256,16,0.0,0,4,20,304471.3333333333
256,16,0.0,0,4,40,252994.33333333334
256,16,0.0,0,4,60,223505.33333333334
256,16,0.0,0,4,80,193959.33333333334
256,16,0.0,0,4,100,174923.0
256,16,0.0,0,8,0,410548.3333333333
256,16,0.0,0,8,20,313576.0
256,16,0.0,0,8,40,286935.3333333333
256,16,0.0,0,8,60,240759.66666666666
256,16,0.0,0,8,80,206241.33333333334
256,16,0.0,0,8,100,192618.66666666666
256,16,0.0,20,2,0,354556.3333333333
256,16,0.0,20,2,20,276262.0
256,16,0.0,20,2,40,266692.0
256,16,0.0,20,2,60,216798.66666666666
256,16,0.0,20,2,80,191806.66666666666
256,16,0.0,20,2,100,172715.0
256,16,0.0,20,4,0,516226.0
256,16,0.0,20,4,20,366035.6666666667
256,16,0.0,20,4,40,309878.3333333333
256,16,0.0,20,4,60,266778.0
256,16,0.0,20,4,80,233570.33333333334
256,16,0.0,20,4,100,212199.33333333334
256,16,0.0,20,8,0,504719.0
256,16,0.0,20,8,20,387748.0
256,16,0.0,20,8,40,331514.0
256,16,0.0,20,8,60,286496.6666666667
256,16,0.0,20,8,80,241160.33333333334
256,16,0.0,20,8,100,226236.33333333334
256,16,0.0,60,2,0,618053.0
256,16,0.0,60,2,20,472354.0
256,16,0.0,60,2,40,441671.3333333333
256,16,0.0,60,2,60,377559.0
256,16,0.0,60,2,80,329516.6666666667
256,16,0.0,60,2,100,283768.0
256,16,0.0,60,4,0,932975.3333333334
256,16,0.0,60,4,20,642673.6666666666
256,16,0.0,60,4,40,514714.6666666667
256,16,0.0,60,4,60,432132.6666666667
256,16,0.0,60,4,80,381718.6666666667
256,16,0.0,60,4,100,362344.0
256,16,0.0,60,8,0,967518.0
256,16,0.0,60,8,20,682632.6666666666
256,16,0.0,60,8,40,561432.6666666666
256,16,0.0,60,8,60,469464.3333333333
256,16,0.0,60,8,80,403467.3333333333
256,16,0.0,60,8,100,367784.6666666667
256,16,0.0,100,2,0,3698720.0
256,16,0.0,100,2,20,2296523.3333333335
256,16,0.0,100,2,40,1803633.3333333333
256,16,0.0,100,2,60,1374903.3333333333
256,16,0.0,100,2,80,1202276.6666666667
256,16,0.0,100,2,100,1060020.0
256,16,0.0,100,4,0,6984940.0
256,16,0.0,100,4,20,3104826.6666666665
256,16,0.0,100,4,40,2062770.0
256,16,0.0,100,4,60,1527946.6666666667
256,16,0.0,100,4,80,1248580.0
256,16,0.0,100,4,100,1071623.3333333333
256,16,0.0,100,8,0,13316233.333333334
256,16,0.0,100,8,20,3530683.3333333335
256,16,0.0,100,8,40,2186483.3333333335
256,16,0.0,100,8,60,1520026.6666666667
256,16,0.0,100,8,80,1228286.6666666667
256,16,0.0,100,8,100,1031036.6666666666
256,16,0.4,0,2,0,293579.6666666667
256,16,0.4,0,2,20,218679.66666666666
256,16,0.4,0,2,40,206309.0
256,16,0.4,0,2,60,182034.0
256,16,0.4,0,2,80,152397.66666666666
256,16,0.4,0,2,100,139256.66666666666
256,16,0.4,0,4,0,415094.0
256,16,0.4,0,4,20,303735.0
256,16,0.4,0,4,40,258287.33333333334
256,16,0.4,0,4,60,211236.0
256,16,0.4,0,4,80,184454.66666666666
256,16,0.4,0,4,100,169430.66666666666
256,16,0.4,0,8,0,404351.6666666667
256,16,0.4,0,8,20,310224.3333333333
256,16,0.4,0,8,40,267619.3333333333
256,16,0.4,0,8,60,233657.0
256,16,0.4,0,8,80,204525.33333333334
256,16,0.4,0,8,100,179749.0
256,16,0.4,20,2,0,343324.3333333333
256,16,0.4,20,2,20,262071.0
256,16,0.4,20,2,40,244565.0
256,16,0.4,20,2,60,206880.66666666666
256,16,0.4,20,2,80,181608.0
256,16,0.4,20,2,100,165938.33333333334
256,16,0.4,20,4,0,512256.0
256,16,0.4,20,4,20,358649.3333333333
256,16,0.4,20,4,40,302953.3333333333
256,16,0.4,20,4,60,254778.33333333334
256,16,0.4,20,4,80,224175.0
256,16,0.4,20,4,100,194507.66666666666
256,16,0.4,20,8,0,497204.0
256,16,0.4,20,8,20,360896.3333333333
256,16,0.4,20,8,40,312004.6666666667
256,16,0.4,20,8,60,274744.0
256,16,0.4,20,8,80,230116.33333333334
256,16,0.4,20,8,100,212331.66666666666
256,16,0.4,60,2,0,585895.6666666666
256,16,0.4,60,2,20,442491.0
256,16,0.4,60,2,40,416339.3333333333
256,16,0.4,60,2,60,364587.3333333333
256,16,0.4,60,2,80,313202.6666666667
256,16,0.4,60,2,100,268256.6666666667
256,16,0.4,60,4,0,851252.6666666666
256,16,0.4,60,4,20,614297.3333333334
256,16,0.4,60,4,40,490684.6666666667
256,16,0.4,60,4,60,395491.6666666667
256,16,0.4,60,4,80,334483.6666666667
256,16,0.4,60,4,100,325060.0
256,16,0.4,60,8,0,955726.3333333334
256,16,0.4,60,8,20,656100.0
256,16,0.4,60,8,40,514506.3333333333
256,16,0.4,60,8,60,435454.6666666667
256,16,0.4,60,8,80,362991.6666666667
256,16,0.4,60,8,100,328774.0
256,16,0.4,100,2,0,2904350.0
256,16,0.4,100,2,20,1832006.6666666667
256,16,0.4,100,2,40,1446290.0
256,16,0.4,100,2,60,1164070.0
256,16,0.4,100,2,80,1010637.3333333334
256,16,0.4,100,2,100,902308.0
256,16,0.4,100,4,0,5694896.666666667
256,16,0.4,100,4,20,2600326.6666666665
256,16,0.4,100,4,40,1682363.3333333333
256,16,0.4,100,4,60,1264983.3333333333
256,16,0.4,100,4,80,1017765.6666666666
256,16,0.4,100,4,100,913581.3333333334
256,16,0.4,100,8,0,10737300.0
256,16,0.4,100,8,20,3129210.0
256,16,0.4,100,8,40,1849080.0
256,16,0.4,100,8,60,1287213.3333333333
256,16,0.4,100,8,80,1013727.3333333334
256,16,0.4,100,8,100,849389.0
256,16,0.8,0,2,0,293493.3333333333
256,16,0.8,0,2,20,232885.33333333334
256,16,0.8,0,2,40,226460.0
256,16,0.8,0,2,60,183188.66666666666
256,16,0.8,0,2,80,155114.0
256,16,0.8,0,2,100,141283.66666666666
256,16,0.8,0,4,0,418590.3333333333
256,16,0.8,0,4,20,318277.6666666667
256,16,0.8,0,4,40,258096.66666666666
256,16,0.8,0,4,60,223072.0
256,16,0.8,0,4,80,196037.66666666666
256,16,0.8,0,4,100,172370.33333333334
256,16,0.8,0,8,0,411697.0
256,16,0.8,0,8,20,347674.3333333333
256,16,0.8,0,8,40,281914.0
256,16,0.8,0,8,60,235419.66666666666
256,16,0.8,0,8,80,202462.33333333334
256,16,0.8,0,8,100,186131.66666666666
256,16,0.8,20,2,0,349956.6666666667
256,16,0.8,20,2,20,283452.3333333333
256,16,0.8,20,2,40,270528.6666666667
256,16,0.8,20,2,60,219516.0
256,16,0.8,20,2,80,187844.66666666666
256,16,0.8,20,2,100,174078.66666666666
256,16,0.8,20,4,0,517969.0
256,16,0.8,20,4,20,384713.3333333333
256,16,0.8,20,4,40,317325.6666666667
256,16,0.8,20,4,60,263681.3333333333
256,16,0.8,20,4,80,229857.66666666666
256,16,0.8,20,4,100,205217.33333333334
256,16,0.8,20,8,0,509607.6666666667
256,16,0.8,20,8,20,418990.0
256,16,0.8,20,8,40,339887.3333333333
256,16,0.8,20,8,60,283872.6666666667
256,16,0.8,20,8,80,236545.33333333334
256,16,0.8,20,8,100,210468.66666666666
256,16,0.8,60,2,0,587405.6666666666
256,16,0.8,60,2,20,466894.3333333333
256,16,0.8,60,2,40,429173.6666666667
256,16,0.8,60,2,60,365307.3333333333
256,16,0.8,60,2,80,321237.6666666667
256,16,0.8,60,2,100,269274.6666666667
256,16,0.8,60,4,0,875449.0
256,16,0.8,60,4,20,649910.6666666666
256,16,0.8,60,4,40,517091.3333333333
256,16,0.8,60,4,60,414517.0
256,16,0.8,60,4,80,363312.3333333333
256,16,0.8,60,4,100,333632.0
256,16,0.8,60,8,0,965925.0
256,16,0.8,60,8,20,716126.6666666666
256,16,0.8,60,8,40,550189.0
256,16,0.8,60,8,60,440548.6666666667
256,16,0.8,60,8,80,366027.3333333333
256,16,0.8,60,8,100,330928.6666666667
256,16,0.8,100,2,0,3180350.0
256,16,0.8,100,2,20,1995470.0
256,16,0.8,100,2,40,1558253.3333333333
256,16,0.8,100,2,60,1257853.3333333333
256,16,0.8,100,2,80,1102953.3333333333
256,16,0.8,100,2,100,917501.3333333334
256,16,0.8,100,4,0,6021630.0
256,16,0.8,100,4,20,2684476.6666666665
256,16,0.8,100,4,40,1815940.0
256,16,0.8,100,4,60,1386730.0
256,16,0.8,100,4,80,1088180.0
256,16,0.8,100,4,100,965394.6666666666
256,16,0.8,100,8,0,11548266.666666666
256,16,0.8,100,8,20,3285033.3333333335
256,16,0.8,100,8,40,1997376.6666666667
256,16,0.8,100,8,60,1392610.0
256,16,0.8,100,8,80,1100396.6666666667
256,16,0.8,100,8,100,905643.0
256,16,0.99,0,2,0,307225.6666666667
256,16,0.99,0,2,20,248454.66666666666
256,16,0.99,0,2,40,242309.33333333334
256,16,0.99,0,2,60,199403.33333333334
256,16,0.99,0,2,80,168185.66666666666
256,16,0.99,0,2,100,150610.66666666666
256,16,0.99,0,4,0,441618.3333333333
256,16,0.99,0,4,20,336102.3333333333
256,16,0.99,0,4,40,277564.6666666667
256,16,0.99,0,4,60,232370.0
256,16,0.99,0,4,80,203091.66666666666
256,16,0.99,0,4,100,175633.66666666666
256,16,0.99,0,8,0,427636.0
256,16,0.99,0,8,20,394316.3333333333
256,16,0.99,0,8,40,309080.6666666667
256,16,0.99,0,8,60,247839.33333333334
256,16,0.99,0,8,80,212752.66666666666
256,16,0.99,0,8,100,189785.66666666666
256,16,0.99,20,2,0,364723.0
256,16,0.99,20,2,20,296913.6666666667
256,16,0.99,20,2,40,276336.0
256,16,0.99,20,2,60,234999.66666666666
256,16,0.99,20,2,80,201670.33333333334
256,16,0.99,20,2,100,180726.33333333334
256,16,0.99,20,4,0,546318.6666666666
256,16,0.99,20,4,20,407500.6666666667
256,16,0.99,20,4,40,329795.3333333333
256,16,0.99,20,4,60,279041.6666666667
256,16,0.99,20,4,80,239510.66666666666
256,16,0.99,20,4,100,216343.0
256,16,0.99,20,8,0,523707.0
256,16,0.99,20,8,20,477171.0
256,16,0.99,20,8,40,363302.3333333333
256,16,0.99,20,8,60,299608.6666666667
256,16,0.99,20,8,80,246513.33333333334
256,16,0.99,20,8,100,216340.0
256,16,0.99,60,2,0,634633.0
256,16,0.99,60,2,20,508942.3333333333
256,16,0.99,60,2,40,467735.6666666667
256,16,0.99,60,2,60,400034.6666666667
256,16,0.99,60,2,80,336559.3333333333
256,16,0.99,60,2,100,291624.0
256,16,0.99,60,4,0,964287.6666666666
256,16,0.99,60,4,20,702745.3333333334
256,16,0.99,60,4,40,556657.6666666666
256,16,0.99,60,4,60,444730.6666666667
256,16,0.99,60,4,80,394946.3333333333
256,16,0.99,60,4,100,361958.6666666667
256,16,0.99,60,8,0,1016513.3333333334
256,16,0.99,60,8,20,821976.0
256,16,0.99,60,8,40,601292.3333333334
256,16,0.99,60,8,60,477828.0
256,16,0.99,60,8,80,402500.6666666667
256,16,0.99,60,8,100,343117.0
256,16,0.99,100,2,0,3706140.0
256,16,0.99,100,2,20,2356773.3333333335
256,16,0.99,100,2,40,1785426.6666666667
256,16,0.99,100,2,60,1442190.0
256,16,0.99,100,2,80,1192740.0
256,16,0.99,100,2,100,1086830.0
256,16,0.99,100,4,0,6954886.666666667
256,16,0.99,100,4,20,3181393.3333333335
256,16,0.99,100,4,40,2074096.6666666667
256,16,0.99,100,4,60,1561310.0
256,16,0.99,100,4,80,1251296.6666666667
256,16,0.99,100,4,100,1047150.0
256,16,0.99,100,8,0,13295933.333333334
256,16,0.99,100,8,20,3788440.0
256,16,0.99,100,8,40,2245963.3333333335
256,16,0.99,100,8,60,1604723.3333333333
256,16,0.99,100,8,80,1283780.0
256,16,0.99,100,8,100,1074106.6666666667
