random_seed,split_seed,sample_ratio,r2
0,0,0.05,0.9502119194606675
0,0,0.10,0.5047776736509938
0,0,0.15,0.9935131339987597
0,0,0.20,0.9994871089888098
0,0,0.25,0.9999130308387415
0,0,0.30,0.5573677432583998
0,0,0.35,0.999971328115782
0,0,0.40,0.9999682167937557
0,0,0.45,0.9999312204872284
0,0,0.50,0.9999363409218511
0,0,0.55,0.9992841347811815
0,0,0.60,0.9957070789612656
0,0,0.65,0.9999130147836229
0,0,0.70,0.9999498055872371
0,0,0.75,0.9999709983473882
0,0,0.80,0.9966019604449602
0,0,0.85,0.999449766307435
0,0,0.90,0.9998386201536613
0,0,0.95,0.9992976646884785
0,1,0.05,0.7839951661262452
0,1,0.10,0.9732630494840885
0,1,0.15,0.9977801225883763
0,1,0.20,0.9993344079319173
0,1,0.25,0.9992282836502379
0,1,0.30,0.9995021688400246
0,1,0.35,0.9999258951327915
0,1,0.40,0.9999446459333409
0,1,0.45,0.9999212296055904
0,1,0.50,0.9999405629774938
0,1,0.55,0.9998793858440304
0,1,0.60,0.9998819957066888
0,1,0.65,0.9991172761026936
0,1,0.70,0.9998922371611576
0,1,0.75,0.9999444672115977
0,1,0.80,0.9999144657104191
0,1,0.85,0.6432136718932889
0,1,0.90,0.9999359357614311
0,1,0.95,0.997421887660361
0,2,0.05,0.9411342750467944
0,2,0.10,0.999485440932371
0,2,0.15,0.9999485821282494
0,2,0.20,0.9996854012192313
0,2,0.25,0.9999560572884886
0,2,0.30,0.9998618595041444
0,2,0.35,0.999951407979115
0,2,0.40,0.9993100675534288
0,2,0.45,0.9999279395523023
0,2,0.50,0.9995267439111213
0,2,0.55,0.9998793183103386
0,2,0.60,0.9999431222415518
0,2,0.65,0.9995745207244434
0,2,0.70,0.9994906634826997
0,2,0.75,0.9999435202337366
0,2,0.80,0.9999692396029705
0,2,0.85,0.9991058252163771
0,2,0.90,0.9995984445957118
0,2,0.95,0.9999196318750574
0,3,0.05,0.26201485225862475
0,3,0.10,0.9909037427674274
0,3,0.15,0.9994508077628131
0,3,0.20,0.999825712412268
0,3,0.25,0.9999416006592684
0,3,0.30,0.9998378824057089
0,3,0.35,0.9989613811274412
0,3,0.40,0.9998817244607371
0,3,0.45,0.9998082341248694
0,3,0.50,0.9994866989329373
0,3,0.55,0.9996795911253122
0,3,0.60,0.9999498652503596
0,3,0.65,0.9998395535833856
0,3,0.70,0.9998797750101787
0,3,0.75,0.9999400146398829
0,3,0.80,0.9999298698245948
0,3,0.85,0.999497804153166
0,3,0.90,0.9999042149233024
0,3,0.95,0.9994314940340208
0,4,0.05,0.9642605207838062
0,4,0.10,0.615402542853732
0,4,0.15,0.999564519581811
0,4,0.20,0.9985114828880313
0,4,0.25,0.9999202519952008
0,4,0.30,0.9998493363877978
0,4,0.35,0.9997964568252902
0,4,0.40,0.9994043761898439
0,4,0.45,0.9998812978805364
0,4,0.50,0.9823027557281021
0,4,0.55,0.9994190150397126
0,4,0.60,0.9996374495211353
0,4,0.65,0.999946251547744
0,4,0.70,0.9999533726972829
0,4,0.75,0.999928155293586
0,4,0.80,0.9999524031851169
0,4,0.85,0.9999073772910144
0,4,0.90,0.9995398876065484
0,4,0.95,0.994969005689499
0,5,0.05,0.9639924813083938
0,5,0.10,0.9563082529391949
0,5,0.15,0.9989508460006428
0,5,0.20,0.9995782814317575
0,5,0.25,0.9975647875663146
0,5,0.30,0.9991419342681551
0,5,0.35,0.9998899964435007
0,5,0.40,0.9989083953977815
0,5,0.45,0.999596873054094
0,5,0.50,0.9998665782808659
0,5,0.55,0.9999669916007404
0,5,0.60,0.9998715075359881
0,5,0.65,0.999871047270828
0,5,0.70,0.9999566323794109
0,5,0.75,0.9998759232974259
0,5,0.80,0.9997741185215273
0,5,0.85,0.9999613931183922
0,5,0.90,0.9976453599164768
0,5,0.95,0.9942167196393202
0,6,0.05,0.9867431164588814
0,6,0.10,0.6510655523368754
0,6,0.15,0.9988165730209908
0,6,0.20,0.9998788805643474
0,6,0.25,0.9998813961872822
0,6,0.30,0.9994201283418644
0,6,0.35,0.9998893756849906
0,6,0.40,0.9999174211288928
0,6,0.45,0.9994543907772387
0,6,0.50,0.9998334341354306
0,6,0.55,0.9999725603636469
0,6,0.60,0.999970778605758
0,6,0.65,0.9995109566236643
0,6,0.70,0.9999577756688276
0,6,0.75,0.9996204852271546
0,6,0.80,0.9998250826384206
0,6,0.85,0.9999212089250712
0,6,0.90,0.9998144839971687
0,6,0.95,0.9972228264754086
0,7,0.05,0.5658415548945738
0,7,0.10,0.5908224733128089
0,7,0.15,0.9957280399315477
0,7,0.20,0.9999223058029628
0,7,0.25,0.999916135632068
0,7,0.30,0.9991491685055461
0,7,0.35,0.9994411929541268
0,7,0.40,0.9990999892535503
0,7,0.45,0.9999280226526311
0,7,0.50,0.9999577107095532
0,7,0.55,0.9998607493556828
0,7,0.60,0.9961234169750566
0,7,0.65,0.9997939020129688
0,7,0.70,0.999965851784773
0,7,0.75,0.9996749308648627
0,7,0.80,0.9997497020983724
0,7,0.85,0.9951917908895277
0,7,0.90,0.9995867110460093
0,7,0.95,0.9999234552468911
0,8,0.05,0.9301244849527671
0,8,0.10,0.4295525305961978
0,8,0.15,0.9927847318250391
0,8,0.20,0.9999147572187379
0,8,0.25,0.9998542215918448
0,8,0.30,0.9985943271172861
0,8,0.35,0.9998315782362909
0,8,0.40,0.9992217096576484
0,8,0.45,0.999902823846818
0,8,0.50,0.9998567066332619
0,8,0.55,0.9992167666973871
0,8,0.60,0.9992089694986106
0,8,0.65,0.9998208405653388
0,8,0.70,0.9995124673531234
0,8,0.75,0.9999633955210347
0,8,0.80,0.9999643592858762
0,8,0.85,0.999963789289531
0,8,0.90,0.9999448614447197
0,8,0.95,0.9995684498521334
0,9,0.05,0.8134799638539775
0,9,0.10,0.503154442822472
0,9,0.15,0.9998396894538092
0,9,0.20,0.9974520267892372
0,9,0.25,0.9993756596779043
0,9,0.30,0.9953684238818719
0,9,0.35,0.9999514982566547
0,9,0.40,0.9998398403817227
0,9,0.45,0.9995246402991286
0,9,0.50,0.999962285591855
0,9,0.55,0.9949958019715623
0,9,0.60,0.9994039959459329
0,9,0.65,0.9998085529822452
0,9,0.70,0.9995910728620369
0,9,0.75,0.9999586115141906
0,9,0.80,0.9999620877079787
0,9,0.85,0.9991857504631703
0,9,0.90,0.9946957532619133
0,9,0.95,0.9988952617288862
1,0,0.05,0.28053711686240224
1,0,0.10,0.9997326414126844
1,0,0.15,0.9994756699277272
1,0,0.20,0.9999403882606324
1,0,0.25,0.9782916486118592
1,0,0.30,0.9995228088578322
1,0,0.35,0.9999596935728969
1,0,0.40,0.9995047668556798
1,0,0.45,0.9991188614593062
1,0,0.50,0.9952704362581214
1,0,0.55,0.9999389677115581
1,0,0.60,0.9967306201395908
1,0,0.65,0.9999624379373447
1,0,0.70,0.9880431455952849
1,0,0.75,0.9921123929116735
1,0,0.80,0.9937286464902795
1,0,0.85,0.9991863607848473
1,0,0.90,0.999811800879273
1,0,0.95,0.9998110270809618
1,1,0.05,-2.2842646787027747
1,1,0.10,0.9314708818446111
1,1,0.15,0.995518736354207
1,1,0.20,0.9990017034125428
1,1,0.25,0.99979824679001
1,1,0.30,0.9998722887150606
1,1,0.35,0.9945615080104883
1,1,0.40,0.99984916395483
1,1,0.45,0.9948339730311019
1,1,0.50,0.9999239186556971
1,1,0.55,0.9999523978573394
1,1,0.60,0.9996354753085558
1,1,0.65,0.6379569173969378
1,1,0.70,0.9956089468440855
1,1,0.75,0.9995769993828153
1,1,0.80,0.9992808499096688
1,1,0.85,0.9992081259008209
1,1,0.90,0.9960440228841949
1,1,0.95,0.9993096703575587
1,2,0.05,0.9115496571636956
1,2,0.10,0.9840244299312694
1,2,0.15,0.997662741729058
1,2,0.20,0.9983223357583814
1,2,0.25,0.9999252324055375
1,2,0.30,0.997104954664639
1,2,0.35,0.9998200635722817
1,2,0.40,0.9994787194304748
1,2,0.45,0.9999289524796183
1,2,0.50,0.5970922819232747
1,2,0.55,0.9999309864740388
1,2,0.60,0.9999041070680371
1,2,0.65,0.9979858052303157
1,2,0.70,0.9884076332899895
1,2,0.75,0.9996445626650429
1,2,0.80,0.9998209710823919
1,2,0.85,0.9992035727923954
1,2,0.90,0.9999863645162534
1,2,0.95,0.9992876643901206
1,3,0.05,-0.09167220374822738
1,3,0.10,0.9971726689160233
1,3,0.15,0.9971497920871578
1,3,0.20,0.9998170030465638
1,3,0.25,0.9913642826676444
1,3,0.30,0.9933896550908722
1,3,0.35,0.996923354589484
1,3,0.40,0.997800971468928
1,3,0.45,0.9999299031437385
1,3,0.50,0.9999775320084456
1,3,0.55,0.9998538079145448
1,3,0.60,0.9998005558774676
1,3,0.65,0.9864713299403464
1,3,0.70,0.9992262160695256
1,3,0.75,0.9985950433930153
1,3,0.80,0.9957001509181576
1,3,0.85,0.9995009077336242
1,3,0.90,0.9978858640582062
1,3,0.95,0.9994109752833367
1,4,0.05,0.5473561184383107
1,4,0.10,0.992017830878336
1,4,0.15,0.9990775580131228
1,4,0.20,0.9999096333455666
1,4,0.25,0.9986701278961144
1,4,0.30,0.9919787107528342
1,4,0.35,0.9998395490927834
1,4,0.40,0.994788256383152
1,4,0.45,0.6010506176369561
1,4,0.50,0.9998825041184063
1,4,0.55,0.9923613188602542
1,4,0.60,0.9940008827013023
1,4,0.65,0.9991199542918305
1,4,0.70,0.9999189285636656
1,4,0.75,0.9921246344549349
1,4,0.80,0.9842915767024357
1,4,0.85,0.995479177883065
1,4,0.90,0.99930590530005
1,4,0.95,0.9951156868024303
1,5,0.05,0.9569869838936252
1,5,0.10,0.9998129777921207
1,5,0.15,0.9992302194269927
1,5,0.20,0.9962537065047397
1,5,0.25,0.9947766824396047
1,5,0.30,0.994822490465188
1,5,0.35,0.9992503396551219
1,5,0.40,0.9992301300386041
1,5,0.45,0.9954515949209206
1,5,0.50,0.5869643085557905
1,5,0.55,0.9942678381381296
1,5,0.60,0.9977678020348631
1,5,0.65,0.9997631284933522
1,5,0.70,0.9958483337506775
1,5,0.75,0.999404981122625
1,5,0.80,0.6160760745507667
1,5,0.85,0.997489707783622
1,5,0.90,0.9992397284607314
1,5,0.95,0.9998321908987394
1,6,0.05,0.9753550509811544
1,6,0.10,0.9938984837472652
1,6,0.15,0.9947224734652418
1,6,0.20,0.9999223298884644
1,6,0.25,0.9978715296639201
1,6,0.30,0.9985679994487614
1,6,0.35,0.9999559258102021
1,6,0.40,0.9995062874209293
1,6,0.45,0.9999664177907597
1,6,0.50,0.5920072708124031
1,6,0.55,0.9999189024350364
1,6,0.60,0.6479702558996971
1,6,0.65,0.9959014552231502
1,6,0.70,0.9999608771655951
1,6,0.75,0.9942407814287595
1,6,0.80,0.9989611557889824
1,6,0.85,0.9993660399386918
1,6,0.90,0.9953715175374275
1,6,0.95,0.9998389411377208
1,7,0.05,0.9586951554891724
1,7,0.10,0.19607918535858426
1,7,0.15,0.9906726722994545
1,7,0.20,0.9999447526513812
1,7,0.25,0.9996689378262597
1,7,0.30,0.9990572859416907
1,7,0.35,0.9938382078605652
1,7,0.40,0.9981799145173992
1,7,0.45,0.9991604571067787
1,7,0.50,0.999414742234292
1,7,0.55,0.9997217478309288
1,7,0.60,0.9994337934613686
1,7,0.65,0.9992533853766372
1,7,0.70,0.9970941971216003
1,7,0.75,0.996220391831419
1,7,0.80,0.9944643814669029
1,7,0.85,0.999925275640329
1,7,0.90,0.9993854256012746
1,7,0.95,0.9955431332326283
1,8,0.05,0.9472913691598354
1,8,0.10,0.9941153300834952
1,8,0.15,0.6812562350566129
1,8,0.20,0.9976164627585055
1,8,0.25,0.9997776592413031
1,8,0.30,0.9990088900294924
1,8,0.35,0.9990645482459378
1,8,0.40,0.9998001388299734
1,8,0.45,0.9951100739457894
1,8,0.50,0.9999406533439761
1,8,0.55,0.6506773249284481
1,8,0.60,0.9835767128192918
1,8,0.65,0.9998296784269125
1,8,0.70,0.9879081232472822
1,8,0.75,0.9999265308923576
1,8,0.80,0.9981548332872311
1,8,0.85,0.9956532472614975
1,8,0.90,0.9998534023444646
1,8,0.95,0.9999743939257687
1,9,0.05,0.9667791292107254
1,9,0.10,0.982837944151089
1,9,0.15,0.9977376352038771
1,9,0.20,0.9991564961833678
1,9,0.25,0.9961550907173622
1,9,0.30,0.6637700690015553
1,9,0.35,0.9997281284700515
1,9,0.40,0.9995891624327129
1,9,0.45,0.663988449919965
1,9,0.50,0.6387634694355853
1,9,0.55,0.6204865792115226
1,9,0.60,0.9993787969159997
1,9,0.65,0.9955187591034567
1,9,0.70,0.9926922768982273
1,9,0.75,0.999587405453253
1,9,0.80,0.996134980482771
1,9,0.85,0.9990909974861741
1,9,0.90,0.999621433766711
1,9,0.95,0.9953009643245161
2,0,0.05,0.9620592035965762
2,0,0.10,0.9681888901792842
2,0,0.15,0.9990645872201414
2,0,0.20,0.998852188936336
2,0,0.25,0.9932570959761493
2,0,0.30,0.994288789509108
2,0,0.35,0.9989700508869824
2,0,0.40,0.9990922234267223
2,0,0.45,0.9949984697666453
2,0,0.50,0.9973109703708699
2,0,0.55,0.9998624300628832
2,0,0.60,0.9952245572425662
2,0,0.65,0.9999517371652913
2,0,0.70,0.9976050145118383
2,0,0.75,0.9836729244137281
2,0,0.80,0.6624563580991569
2,0,0.85,0.9997600168014459
2,0,0.90,0.9994177562041308
2,0,0.95,0.999318795910803
2,1,0.05,0.8602005452986856
2,1,0.10,0.9637027879196245
2,1,0.15,0.984569740151312
2,1,0.20,0.9930103489230369
2,1,0.25,0.9989187011300473
2,1,0.30,0.9961127427506894
2,1,0.35,0.9957907964364267
2,1,0.40,0.995588544655099
2,1,0.45,0.9996731066781788
2,1,0.50,0.9923217237750731
2,1,0.55,0.9944880389695998
2,1,0.60,0.9995544048483092
2,1,0.65,0.9998904242195565
2,1,0.70,0.9999011245444644
2,1,0.75,0.9999412170579308
2,1,0.80,0.9933162207301026
2,1,0.85,0.999883186380482
2,1,0.90,0.9999542309368659
2,1,0.95,0.9962396132273337
2,2,0.05,0.8962189162130659
2,2,0.10,0.8987939543725593
2,2,0.15,0.9998063199755565
2,2,0.20,0.9902911152817504
2,2,0.25,0.9991543618012776
2,2,0.30,0.9988833301227622
2,2,0.35,0.999927010876443
2,2,0.40,0.9984334795409865
2,2,0.45,0.9928828795009655
2,2,0.50,0.9995163274277789
2,2,0.55,0.9997135378978389
2,2,0.60,0.9993787725319921
2,2,0.65,0.99968885019086
2,2,0.70,0.998358451813353
2,2,0.75,0.9999093414121033
2,2,0.80,0.9970284390557854
2,2,0.85,0.999587461332102
2,2,0.90,0.9997777504591701
2,2,0.95,0.9999376777268795
2,3,0.05,0.9285151621952256
2,3,0.10,0.9012471358401719
2,3,0.15,0.9971059992309087
2,3,0.20,0.9983736177059938
2,3,0.25,0.9968426847150463
2,3,0.30,0.9991618063999355
2,3,0.35,0.9996780114331244
2,3,0.40,0.998816112498369
2,3,0.45,0.9963855264024328
2,3,0.50,0.9999651102620847
2,3,0.55,0.9992362348953561
2,3,0.60,0.9982389578421319
2,3,0.65,0.9938405324299582
2,3,0.70,0.9999547280544838
2,3,0.75,0.9999628230012892
2,3,0.80,0.9943695461850663
2,3,0.85,0.9964124239063153
2,3,0.90,0.999245718858965
2,3,0.95,0.9961252121583711
2,4,0.05,0.9912971489560242
2,4,0.10,0.9755057659286517
2,4,0.15,0.9560471168664687
2,4,0.20,0.997813938178749
2,4,0.25,0.9965857102293701
2,4,0.30,0.9999466336111483
2,4,0.35,0.992771501853188
2,4,0.40,0.9959540063555369
2,4,0.45,0.9998551623265746
2,4,0.50,0.9999568600002874
2,4,0.55,0.9999583391684131
2,4,0.60,0.9950819335437837
2,4,0.65,0.9999451996432354
2,4,0.70,0.9893984019952908
2,4,0.75,0.9999137448030214
2,4,0.80,0.9939844611702003
2,4,0.85,0.993882105226491
2,4,0.90,0.6432779506923205
2,4,0.95,0.999930348219005
2,5,0.05,0.9704639638930891
2,5,0.10,0.9715277006240244
2,5,0.15,0.9445114120369816
2,5,0.20,0.9976618189566417
2,5,0.25,0.9956179954756282
2,5,0.30,0.9978469330213535
2,5,0.35,0.9993451751599847
2,5,0.40,0.9945191582924295
2,5,0.45,0.9990552398551511
2,5,0.50,0.9987843481065067
2,5,0.55,0.999934034572222
2,5,0.60,0.9945450557197876
2,5,0.65,0.9932541376427203
2,5,0.70,0.9946280576070556
2,5,0.75,0.9999244241348124
2,5,0.80,0.9994541382692648
2,5,0.85,0.9969199630947929
2,5,0.90,0.9994500035432929
2,5,0.95,0.9998959830557277
2,6,0.05,0.13413101283093687
2,6,0.10,0.9588339340809643
2,6,0.15,0.9947688816061278
2,6,0.20,0.9986796815477673
2,6,0.25,0.9978298579270147
2,6,0.30,0.7335458784652173
2,6,0.35,0.9996092705085248
2,6,0.40,0.9884711690281156
2,6,0.45,0.9993988130202587
2,6,0.50,0.9999437080782344
2,6,0.55,0.9989941015712575
2,6,0.60,0.9942401728359934
2,6,0.65,0.999856482715292
2,6,0.70,0.9997393626256424
2,6,0.75,0.9983015829592006
2,6,0.80,0.6285788911783907
2,6,0.85,0.6539615987660854
2,6,0.90,0.999961625612443
2,6,0.95,0.9745325411444418
2,7,0.05,-0.2242676315407537
2,7,0.10,0.41464394766855206
2,7,0.15,0.9973520486734377
2,7,0.20,0.999724150546027
2,7,0.25,0.9836378845361731
2,7,0.30,0.9986440376444925
2,7,0.35,0.9998136167044592
2,7,0.40,0.9997456386427396
2,7,0.45,0.9961113542342169
2,7,0.50,0.9998798954915719
2,7,0.55,0.9999322570671378
2,7,0.60,0.9999423129764866
2,7,0.65,0.9975895906983244
2,7,0.70,0.9954202049941906
2,7,0.75,0.9959383541796918
2,7,0.80,0.9999507589596579
2,7,0.85,0.99821940613324
2,7,0.90,0.9992177571168804
2,7,0.95,0.9998277995920082
2,8,0.05,0.08847128875950971
2,8,0.10,0.9464428828325386
2,8,0.15,0.9977442603113504
2,8,0.20,0.9980088392335258
2,8,0.25,0.9919078111462837
2,8,0.30,0.9998579209664895
2,8,0.35,0.9999074248757451
2,8,0.40,0.9996506649778127
2,8,0.45,0.999924747176437
2,8,0.50,0.9998813068999051
2,8,0.55,0.9998062512806137
2,8,0.60,0.9995905896306396
2,8,0.65,0.9997996796060548
2,8,0.70,0.9951535732227239
2,8,0.75,0.9821279336238178
2,8,0.80,0.9999360042486275
2,8,0.85,0.9999020077347774
2,8,0.90,0.9999038510310614
2,8,0.95,0.9981556532107655
2,9,0.05,0.8171794752499759
2,9,0.10,0.8418829750345929
2,9,0.15,0.9893464716832129
2,9,0.20,0.9987100609238464
2,9,0.25,0.9994618813139222
2,9,0.30,0.9997950570018765
2,9,0.35,0.9960754889546345
2,9,0.40,0.9992280627669685
2,9,0.45,0.9995828639750963
2,9,0.50,0.9996693647240383
2,9,0.55,0.9998706791400627
2,9,0.60,0.9998947359380722
2,9,0.65,0.998571346002794
2,9,0.70,0.9859927483540353
2,9,0.75,0.995028706129028
2,9,0.80,0.9991912513571171
2,9,0.85,0.9954090839697667
2,9,0.90,0.9995918196245767
2,9,0.95,0.99987616019931
3,0,0.05,0.7199095359284171
3,0,0.10,0.9562086642518406
3,0,0.15,0.9588985861500715
3,0,0.20,0.9953887896073833
3,0,0.25,0.9870622755111064
3,0,0.30,0.9992551705176734
3,0,0.35,0.9963300071834076
3,0,0.40,0.999348414424446
3,0,0.45,0.9925060066560609
3,0,0.50,0.5840884038447464
3,0,0.55,0.9999616781722406
3,0,0.60,0.9952389554397112
3,0,0.65,0.9948497661168028
3,0,0.70,0.9923841389451067
3,0,0.75,0.9949431273067911
3,0,0.80,0.9995529308488138
3,0,0.85,0.9944348960681105
3,0,0.90,0.9998614850267634
3,0,0.95,0.9970558984597867
3,1,0.05,0.533346790002648
3,1,0.10,0.964367459639753
3,1,0.15,0.7636103410731443
3,1,0.20,0.9904656791080754
3,1,0.25,0.998306764564297
3,1,0.30,0.9719370611418973
3,1,0.35,0.9947948095611876
3,1,0.40,0.999347633022593
3,1,0.45,0.9939888586906634
3,1,0.50,0.5567136314723609
3,1,0.55,0.9999160207993557
3,1,0.60,0.6524004235552112
3,1,0.65,0.9999071052448939
3,1,0.70,0.9996707996359364
3,1,0.75,0.994727496771193
3,1,0.80,0.9999693996463409
3,1,0.85,0.999960658823474
3,1,0.90,0.9968354442712264
3,1,0.95,0.999926210373616
3,2,0.05,0.9879521826186676
3,2,0.10,0.9951751182901544
3,2,0.15,0.9997789204320957
3,2,0.20,0.9981919118922924
3,2,0.25,0.9964747740268776
3,2,0.30,0.9998523255898966
3,2,0.35,0.9990717196627289
3,2,0.40,0.9917632819299184
3,2,0.45,0.9777918459960079
3,2,0.50,0.6312138244527221
3,2,0.55,0.6383133874036488
3,2,0.60,0.6753341379940159
3,2,0.65,0.6673119311544023
3,2,0.70,0.6017227524007716
3,2,0.75,0.9953114416260165
3,2,0.80,0.9998123071578188
3,2,0.85,0.9951039663301017
3,2,0.90,0.9995166898874595
3,2,0.95,0.9999065093206327
3,3,0.05,0.9663664186808804
3,3,0.10,0.9872433830925972
3,3,0.15,0.9705968756694221
3,3,0.20,0.9994223709759291
3,3,0.25,0.9942433666060553
3,3,0.30,0.9997364698213465
3,3,0.35,0.9997643006702982
3,3,0.40,0.9998890741413062
3,3,0.45,0.9791161044631993
3,3,0.50,0.9950131060122385
3,3,0.55,0.5862037288926527
3,3,0.60,0.9932437248428143
3,3,0.65,0.6598612421059722
3,3,0.70,0.9979022016674819
3,3,0.75,0.9995758191156069
3,3,0.80,0.9748256016223433
3,3,0.85,0.999964886332447
3,3,0.90,0.9994895592809363
3,3,0.95,0.9994692365296374
3,4,0.05,0.45072953537800653
3,4,0.10,0.9731495526225907
3,4,0.15,0.9855427878160298
3,4,0.20,0.9978533227830573
3,4,0.25,0.9990385602038254
3,4,0.30,0.999061010807695
3,4,0.35,0.9971726330027609
3,4,0.40,0.661457344162486
3,4,0.45,0.9636505256754017
3,4,0.50,0.996268298268937
3,4,0.55,0.9989717436820212
3,4,0.60,0.9959319896027062
3,4,0.65,0.9999473130671724
3,4,0.70,0.6858290781879446
3,4,0.75,0.9770328819666935
3,4,0.80,0.9938400570613279
3,4,0.85,0.9976613927831135
3,4,0.90,0.9976355500278279
3,4,0.95,0.9995346812493644
3,5,0.05,-1.3525985801684581
3,5,0.10,0.9726936878726647
3,5,0.15,0.6478043487922021
3,5,0.20,0.6555379885736119
3,5,0.25,0.9988087246741733
3,5,0.30,0.9969619083514105
3,5,0.35,0.9718172340040279
3,5,0.40,0.9991189209483491
3,5,0.45,0.9999319337237494
3,5,0.50,0.999646206220082
3,5,0.55,0.6294854206886967
3,5,0.60,0.9985933621977297
3,5,0.65,0.9944148122706709
3,5,0.70,0.9941959612194949
3,5,0.75,0.9999223098475963
3,5,0.80,0.9961541174846908
3,5,0.85,0.999744783673771
3,5,0.90,0.9995935261452514
3,5,0.95,0.9996126710671692
3,6,0.05,0.8222020507778862
3,6,0.10,0.9973024224343165
3,6,0.15,0.9964532878755917
3,6,0.20,0.7063502414802046
3,6,0.25,0.9976339841141005
3,6,0.30,0.9998352615735042
3,6,0.35,0.9998065934484376
3,6,0.40,0.993915797507611
3,6,0.45,0.9997575518975573
3,6,0.50,0.5887376562672519
3,6,0.55,0.9992710997271943
3,6,0.60,0.9994343010768661
3,6,0.65,0.9848784039174165
3,6,0.70,0.9950568642290296
3,6,0.75,0.686555885034969
3,6,0.80,0.9957714503746377
3,6,0.85,0.9980781110657614
3,6,0.90,0.9944587763532985
3,6,0.95,0.9999211175896093
3,7,0.05,0.4582476412291535
3,7,0.10,0.9879556744318403
3,7,0.15,0.9998476323435413
3,7,0.20,0.9982063196149445
3,7,0.25,0.9884348473257556
3,7,0.30,0.9999850767586923
3,7,0.35,0.9998400246623674
3,7,0.40,0.9948967485199857
3,7,0.45,0.9985717556286298
3,7,0.50,0.9921685333363658
3,7,0.55,0.9998037623827993
3,7,0.60,0.9937214849570624
3,7,0.65,0.9964901082616352
3,7,0.70,0.9768458051828771
3,7,0.75,0.6431295670928935
3,7,0.80,0.6147506713748521
3,7,0.85,0.9997628920513707
3,7,0.90,0.9983884177949333
3,7,0.95,0.9999574155054581
3,8,0.05,0.6661642931481684
3,8,0.10,0.9966209694015039
3,8,0.15,0.9988190125450557
3,8,0.20,0.999903442958612
3,8,0.25,0.9999193748199213
3,8,0.30,0.9935048556562954
3,8,0.35,0.999237410787949
3,8,0.40,0.9999666957411788
3,8,0.45,0.6085210519131805
3,8,0.50,0.9999064413369908
3,8,0.55,0.6549317904022589
3,8,0.60,0.6156721656290216
3,8,0.65,0.997843223882044
3,8,0.70,0.6305680274387087
3,8,0.75,0.9916645942527416
3,8,0.80,0.9951502790876445
3,8,0.85,0.5842518642581289
3,8,0.90,0.9998270022688376
3,8,0.95,0.995001530067197
3,9,0.05,0.8665283606372954
3,9,0.10,0.9992521553461843
3,9,0.15,0.9665978475238748
3,9,0.20,0.9888866809014218
3,9,0.25,0.6649577747931671
3,9,0.30,0.999619569492724
3,9,0.35,0.999731007876014
3,9,0.40,0.9996532357792555
3,9,0.45,0.9959054876741928
3,9,0.50,0.6635161943018791
3,9,0.55,0.6149863827966757
3,9,0.60,0.9990484671136741
3,9,0.65,0.9944915922349346
3,9,0.70,0.999129842083673
3,9,0.75,0.9995887936649684
3,9,0.80,0.9999472398309064
3,9,0.85,0.9945166864132601
3,9,0.90,0.9998850479583932
3,9,0.95,0.9943270385530442
4,0,0.05,0.5729734182574522
4,0,0.10,0.9994059295231923
4,0,0.15,0.9899027855387281
4,0,0.20,0.9997271750771858
4,0,0.25,0.9996676242459448
4,0,0.30,0.999757783955535
4,0,0.35,0.9999327425769268
4,0,0.40,0.9999472858603076
4,0,0.45,0.9981784030274654
4,0,0.50,0.9990925019717105
4,0,0.55,0.9999599769617242
4,0,0.60,0.9990019355822309
4,0,0.65,0.9999323589536291
4,0,0.70,0.9993380003330372
4,0,0.75,0.999056453917825
4,0,0.80,0.999928825344843
4,0,0.85,0.9993639802875227
4,0,0.90,0.9951686799114942
4,0,0.95,0.9997490385102052
4,1,0.05,0.37580757754749594
4,1,0.10,0.9960835509622504
4,1,0.15,0.9684734006994615
4,1,0.20,0.9756234240078173
4,1,0.25,0.9972539309795102
4,1,0.30,0.9997497458048376
4,1,0.35,0.9975043150229953
4,1,0.40,0.9952221498320393
4,1,0.45,0.9997865207730299
4,1,0.50,0.9996567107217211
4,1,0.55,0.9998953958102899
4,1,0.60,0.9986305404088325
4,1,0.65,0.9998355880971086
4,1,0.70,0.999322641399245
4,1,0.75,0.9974960335676725
4,1,0.80,0.9854445625837237
4,1,0.85,0.9992160667001153
4,1,0.90,0.9999699744611869
4,1,0.95,0.9999219207921727
4,2,0.05,-6.672257138323592
4,2,0.10,0.9877523096504618
4,2,0.15,0.6378366089121812
4,2,0.20,0.999076561157767
4,2,0.25,0.9890468263863695
4,2,0.30,0.9998420593899894
4,2,0.35,0.994669933654871
4,2,0.40,0.997675448387635
4,2,0.45,0.9991241285763336
4,2,0.50,0.9785774747221254
4,2,0.55,0.9852950612419015
4,2,0.60,0.9951700285727866
4,2,0.65,0.9981659424747851
4,2,0.70,0.9999422615414597
4,2,0.75,0.9998968388678068
4,2,0.80,0.9999682659438689
4,2,0.85,0.9992317951705608
4,2,0.90,0.9994818349206896
4,2,0.95,0.9999605117469983
4,3,0.05,0.9884225544198315
4,3,0.10,0.9929964223132532
4,3,0.15,0.9988087023182369
4,3,0.20,0.99710642397642
4,3,0.25,0.9829107069443169
4,3,0.30,0.9674908093961118
4,3,0.35,0.635352878318249
4,3,0.40,0.9994831987177264
4,3,0.45,0.5722298377129156
4,3,0.50,0.9993098005179689
4,3,0.55,0.9998926577444569
4,3,0.60,0.9999690247854638
4,3,0.65,0.9973803328893391
4,3,0.70,0.9735979231802917
4,3,0.75,0.9995741982750257
4,3,0.80,0.9996114082887452
4,3,0.85,0.9998606910750596
4,3,0.90,0.9995758089817876
4,3,0.95,0.999964152254439
4,4,0.05,0.8649832994893786
4,4,0.10,0.9990552872366945
4,4,0.15,0.989318766212388
4,4,0.20,0.9994032094067861
4,4,0.25,0.997460049465187
4,4,0.30,0.9970656539233091
4,4,0.35,0.9998004670485992
4,4,0.40,0.9942397325548692
4,4,0.45,0.997991294903639
4,4,0.50,0.9946128379118112
4,4,0.55,0.9945667339558095
4,4,0.60,0.9999598401012998
4,4,0.65,0.9998370797797196
4,4,0.70,0.9990103668182355
4,4,0.75,0.999946470472928
4,4,0.80,0.9921221815972525
4,4,0.85,0.6094367692502025
4,4,0.90,0.9999608928981248
4,4,0.95,0.995777672941005
4,5,0.05,0.9729319889317448
4,5,0.10,0.9606975338601079
4,5,0.15,0.9906224292777649
4,5,0.20,0.9798086054005207
4,5,0.25,0.9903675818293078
4,5,0.30,0.9999435309993646
4,5,0.35,0.999628250321449
4,5,0.40,0.9958448339061705
4,5,0.45,0.9987991280248946
4,5,0.50,0.9655026452190524
4,5,0.55,0.9992690334157305
4,5,0.60,0.9784288136624238
4,5,0.65,0.9993256567221617
4,5,0.70,0.9960868813515952
4,5,0.75,0.9994667876261174
4,5,0.80,0.9998302709849594
4,5,0.85,0.9999440095754922
4,5,0.90,0.999004702607526
4,5,0.95,0.9994985554643242
4,6,0.05,0.867058349910147
4,6,0.10,0.9966486551355983
4,6,0.15,0.9868248465438599
4,6,0.20,0.9952078338833142
4,6,0.25,0.9893511171137741
4,6,0.30,0.9999642596099997
4,6,0.35,0.999965063441027
4,6,0.40,0.9626068729780229
4,6,0.45,0.9993563772112762
4,6,0.50,0.9994186390887669
4,6,0.55,0.9999212183336447
4,6,0.60,0.9972605301754738
4,6,0.65,0.9999260017806413
4,6,0.70,0.9999483665138458
4,6,0.75,0.9993455652501909
4,6,0.80,0.9997891789247159
4,6,0.85,0.6274183700834542
4,6,0.90,0.6045878190464464
4,6,0.95,0.9995483916792358
4,7,0.05,0.9787921206464291
4,7,0.10,0.9743657502721816
4,7,0.15,0.999269061087101
4,7,0.20,0.6388481172206935
4,7,0.25,0.9976640877951662
4,7,0.30,0.9887226751346451
4,7,0.35,0.9984605189146206
4,7,0.40,0.9995411771407832
4,7,0.45,0.9964329570682823
4,7,0.50,0.9999359074308375
4,7,0.55,0.9999245487904368
4,7,0.60,0.9997598243553227
4,7,0.65,0.9999101313315818
4,7,0.70,0.999927376687369
4,7,0.75,0.9994971458031969
4,7,0.80,0.9958184995662329
4,7,0.85,0.9982374567829557
4,7,0.90,0.99900407023279
4,7,0.95,0.5972613846224173
4,8,0.05,0.9207257084255405
4,8,0.10,0.9994269702839341
4,8,0.15,0.9983902746528216
4,8,0.20,0.9984110405906857
4,8,0.25,0.9999034688040043
4,8,0.30,0.5246296065293964
4,8,0.35,0.9999543759693719
4,8,0.40,0.9958099885996053
4,8,0.45,0.9999472486780616
4,8,0.50,0.9999531842616458
4,8,0.55,0.9922229931077107
4,8,0.60,0.99990807753743
4,8,0.65,0.999387933529368
4,8,0.70,0.9998763599841359
4,8,0.75,0.9998512097563301
4,8,0.80,0.9975943532874211
4,8,0.85,0.6515157320397513
4,8,0.90,0.9857426572380482
4,8,0.95,0.9994874232339346
4,9,0.05,0.12957387430882084
4,9,0.10,0.38612170482424846
4,9,0.15,0.9995577780442726
4,9,0.20,0.9949685450502411
4,9,0.25,0.9939266625289169
4,9,0.30,0.9556163783891352
4,9,0.35,0.9957078927900561
4,9,0.40,0.999888472798154
4,9,0.45,0.9725688475315175
4,9,0.50,0.9981489007624144
4,9,0.55,0.9988780616799195
4,9,0.60,0.999345850691252
4,9,0.65,0.9998088935920916
4,9,0.70,0.9994688164606843
4,9,0.75,0.9903262742835545
4,9,0.80,0.9999586189185719
4,9,0.85,0.9999320253189042
4,9,0.90,0.9890936311800644
4,9,0.95,0.9992856615139334
5,0,0.05,0.5786658379658498
5,0,0.10,0.9914856271513046
5,0,0.15,0.9958566404355652
5,0,0.20,0.9969830943924556
5,0,0.25,0.9982829041557835
5,0,0.30,0.9999196348050874
5,0,0.35,0.9999171800996548
5,0,0.40,0.9995718511715294
5,0,0.45,0.99989966593043
5,0,0.50,0.9998902417491584
5,0,0.55,0.9989949582966589
5,0,0.60,0.9998061365121967
5,0,0.65,0.9999299188597918
5,0,0.70,0.9910540063187352
5,0,0.75,0.9948419361060125
5,0,0.80,0.999959605940484
5,0,0.85,0.9999062561375549
5,0,0.90,0.9999549769154704
5,0,0.95,0.9879381591439057
5,1,0.05,0.9271408007809624
5,1,0.10,0.9889915232111269
5,1,0.15,0.9966923768554795
5,1,0.20,0.9983895084301567
5,1,0.25,0.9526209208713057
5,1,0.30,0.9972627002989167
5,1,0.35,0.9999861344210592
5,1,0.40,0.9999530160876914
5,1,0.45,0.9998338081020076
5,1,0.50,0.9944974010146114
5,1,0.55,0.9999093385092818
5,1,0.60,0.9998944762498517
5,1,0.65,0.9999668027942508
5,1,0.70,0.9998412163811994
5,1,0.75,0.999960970287315
5,1,0.80,0.9939465883196896
5,1,0.85,0.9998853087742464
5,1,0.90,0.998014943009553
5,1,0.95,0.9999347742857262
5,2,0.05,0.7255562316354216
5,2,0.10,0.8757310032701078
5,2,0.15,0.9991833860934157
5,2,0.20,0.9999176672879901
5,2,0.25,0.965119230849248
5,2,0.30,0.999088605534275
5,2,0.35,0.9999581723824484
5,2,0.40,0.9999007678638023
5,2,0.45,0.9998521873092727
5,2,0.50,0.9998685881197371
5,2,0.55,0.9999598370801878
5,2,0.60,0.9999465675817033
5,2,0.65,0.9995008835068476
5,2,0.70,0.9999204072177446
5,2,0.75,0.999247914570799
5,2,0.80,0.9993035687219616
5,2,0.85,0.9998989639410859
5,2,0.90,0.9999569456258144
5,2,0.95,0.9989795238127944
5,3,0.05,0.8581971147636982
5,3,0.10,0.9748387273708807
5,3,0.15,0.9998579631588826
5,3,0.20,0.9883674164922263
5,3,0.25,0.9999494507461837
5,3,0.30,0.9997173796416625
5,3,0.35,0.9998715527222347
5,3,0.40,0.9997839826842152
5,3,0.45,0.9998319700920909
5,3,0.50,0.9999403571768304
5,3,0.55,0.9889142668731743
5,3,0.60,0.9999627537791178
5,3,0.65,0.9995289448004764
5,3,0.70,0.9998762180313774
5,3,0.75,0.9997223552790033
5,3,0.80,0.9999539144331835
5,3,0.85,0.9998346174964917
5,3,0.90,0.9999307218489676
5,3,0.95,0.9999219964026246
5,4,0.05,0.38009031798893333
5,4,0.10,0.9848811138381285
5,4,0.15,0.9997549482935012
5,4,0.20,0.9933040248456738
5,4,0.25,0.9996725578044316
5,4,0.30,0.99932001076042
5,4,0.35,0.9996724503774395
5,4,0.40,0.7075533030712621
5,4,0.45,0.9999526363776027
5,4,0.50,0.6176390379660726
5,4,0.55,0.9988260164536163
5,4,0.60,0.9999120754350871
5,4,0.65,0.9995701331732019
5,4,0.70,0.9999394410198137
5,4,0.75,0.9992350941093711
5,4,0.80,0.9977349271157578
5,4,0.85,0.9999663371175638
5,4,0.90,0.9981157921101613
5,4,0.95,0.9943048605783166
5,5,0.05,0.7335481263901434
5,5,0.10,0.9995094943563287
5,5,0.15,0.9975361342816672
5,5,0.20,0.48073940546849736
5,5,0.25,0.9997691402893506
5,5,0.30,0.9999776036174204
5,5,0.35,0.999921422718834
5,5,0.40,0.9999115944171219
5,5,0.45,0.9998936883312666
5,5,0.50,0.9999566138893033
5,5,0.55,0.9998587889228141
5,5,0.60,0.9997570576565995
5,5,0.65,0.9999301867812641
5,5,0.70,0.9955382172304678
5,5,0.75,0.9999603005119917
5,5,0.80,0.9952000187407773
5,5,0.85,0.9971323421176999
5,5,0.90,0.9992041364265194
5,5,0.95,0.6481304258903335
5,6,0.05,0.9689154829408894
5,6,0.10,0.9921126304144682
5,6,0.15,0.9854589918976993
5,6,0.20,0.999102362762987
5,6,0.25,0.9998351147812244
5,6,0.30,0.999898176266748
5,6,0.35,0.9990595722565895
5,6,0.40,0.9999706005677472
5,6,0.45,0.9993601822296899
5,6,0.50,0.9999031287236292
5,6,0.55,0.9999543909319498
5,6,0.60,0.9997849607371493
5,6,0.65,0.9995621946996421
5,6,0.70,0.9999486037391391
5,6,0.75,0.9999022014123129
5,6,0.80,0.9957591438137559
5,6,0.85,0.9999739067824325
5,6,0.90,0.9993222499515823
5,6,0.95,0.9872218488635247
5,7,0.05,0.9346158060942876
5,7,0.10,0.995693077693105
5,7,0.15,0.996257687464504
5,7,0.20,0.9997334596663502
5,7,0.25,0.999520334295348
5,7,0.30,0.9983266892902167
5,7,0.35,0.986120573689102
5,7,0.40,0.9992767840389895
5,7,0.45,0.9999301554524211
5,7,0.50,0.9996683609335186
5,7,0.55,0.9998367967874767
5,7,0.60,0.9999536991690838
5,7,0.65,0.9995939598304534
5,7,0.70,0.9989702660229017
5,7,0.75,0.9970162883699689
5,7,0.80,0.9957150876769021
5,7,0.85,0.9999300006023178
5,7,0.90,0.999126416399751
5,7,0.95,0.9952018412041143
5,8,0.05,0.9159898493317113
5,8,0.10,0.9987499444082477
5,8,0.15,0.9995200718583315
5,8,0.20,0.9997609545656584
5,8,0.25,0.9981198630958618
5,8,0.30,0.9999553175668469
5,8,0.35,0.9998750077187301
5,8,0.40,0.9999658075433719
5,8,0.45,0.9999456347583122
5,8,0.50,0.9999659464351043
5,8,0.55,0.9999383477829646
5,8,0.60,0.9999047169765147
5,8,0.65,0.9998710155332322
5,8,0.70,0.9993300452522362
5,8,0.75,0.9999337364791553
5,8,0.80,0.9998692319433946
5,8,0.85,0.9992412170657415
5,8,0.90,0.9997648074650473
5,8,0.95,0.9996745711531381
5,9,0.05,0.9818317118557945
5,9,0.10,0.9815229082934644
5,9,0.15,0.9847227410045727
5,9,0.20,0.9965076477690179
5,9,0.25,0.9998669211508103
5,9,0.30,0.999943236583074
5,9,0.35,0.9998252960052924
5,9,0.40,0.9999114855214469
5,9,0.45,0.9999157572953401
5,9,0.50,0.999882993834765
5,9,0.55,0.994559264954425
5,9,0.60,0.9951507096676998
5,9,0.65,0.9999122425612331
5,9,0.70,0.9869979403229971
5,9,0.75,0.9797462068883301
5,9,0.80,0.9994306345870007
5,9,0.85,0.9997384364871983
5,9,0.90,0.999180583928868
5,9,0.95,0.6140258735232201
6,0,0.05,0.9721436296472591
6,0,0.10,0.19528118275532325
6,0,0.15,0.9949864880156047
6,0,0.20,0.9997070499584239
6,0,0.25,0.9982898435385574
6,0,0.30,0.9997099935395767
6,0,0.35,0.9987829856117414
6,0,0.40,0.9986981774409469
6,0,0.45,0.9991523020320072
6,0,0.50,0.9992672699732559
6,0,0.55,0.9912528283747882
6,0,0.60,0.9999321194770264
6,0,0.65,0.9995446383931368
6,0,0.70,0.9998463343965942
6,0,0.75,0.9999275457211225
6,0,0.80,0.9996126456458726
6,0,0.85,0.9993978993331147
6,0,0.90,0.999949685594064
6,0,0.95,0.998742238492244
6,1,0.05,0.7953376039214474
6,1,0.10,0.29417443590317083
6,1,0.15,0.9965806366256822
6,1,0.20,0.6723593101877974
6,1,0.25,0.9971519142451671
6,1,0.30,0.9999633572909185
6,1,0.35,0.9999047835742121
6,1,0.40,0.9984263968979048
6,1,0.45,0.9996939143859033
6,1,0.50,0.9999706301322484
6,1,0.55,0.9992611729512113
6,1,0.60,0.9991178186558375
6,1,0.65,0.9998898125025488
6,1,0.70,0.9973168399365343
6,1,0.75,0.9999641014948198
6,1,0.80,0.9999345623949512
6,1,0.85,0.9991895969455119
6,1,0.90,0.9999719633857601
6,1,0.95,0.9999201873150445
6,2,0.05,0.9472338775958794
6,2,0.10,0.9988526861447947
6,2,0.15,0.9996308149781478
6,2,0.20,0.999810433102938
6,2,0.25,0.9985434948033106
6,2,0.30,0.9758069373570504
6,2,0.35,0.999914420619369
6,2,0.40,0.9981228426193876
6,2,0.45,0.9994954131773733
6,2,0.50,0.9997814211777729
6,2,0.55,0.9999168909000922
6,2,0.60,0.9973834851694131
6,2,0.65,0.999916772036848
6,2,0.70,0.9994107130817247
6,2,0.75,0.9994086956735072
6,2,0.80,0.9991276102831927
6,2,0.85,0.9999591157705363
6,2,0.90,0.9997524962506695
6,2,0.95,0.9999544466977829
6,3,0.05,0.9660921601837928
6,3,0.10,0.9788810912582095
6,3,0.15,0.9996802258114652
6,3,0.20,0.9998821210307276
6,3,0.25,0.9998141576932152
6,3,0.30,0.9949809112536694
6,3,0.35,0.9999066951629295
6,3,0.40,0.9999690080840576
6,3,0.45,0.9947790287867131
6,3,0.50,0.9996064834453317
6,3,0.55,0.9998854876944798
6,3,0.60,0.990649724478702
6,3,0.65,0.9983426079516884
6,3,0.70,0.9975715196101187
6,3,0.75,0.9999664993334385
6,3,0.80,0.9998091210326777
6,3,0.85,0.9999504437991241
6,3,0.90,0.9962794593629681
6,3,0.95,0.9999357647549674
6,4,0.05,0.9940635174690682
6,4,0.10,0.9649942580952301
6,4,0.15,0.9984858971092808
6,4,0.20,0.9974298267055065
6,4,0.25,0.9989320172667787
6,4,0.30,0.9998195606126372
6,4,0.35,0.9887466782913377
6,4,0.40,0.9998990398716147
6,4,0.45,0.9994436120176791
6,4,0.50,0.9994395271721552
6,4,0.55,0.9999478162362112
6,4,0.60,0.9998777565671823
6,4,0.65,0.9999459982634022
6,4,0.70,0.9999119868446398
6,4,0.75,0.9999084544969469
6,4,0.80,0.999944586282667
6,4,0.85,0.9998866013941782
6,4,0.90,0.9980983836533384
6,4,0.95,0.9998965105467416
6,5,0.05,-1.0356350964267285
6,5,0.10,0.9812332926992035
6,5,0.15,0.9994907163649188
6,5,0.20,0.9999157409466983
6,5,0.25,0.9997861980150661
6,5,0.30,0.9997960818073303
6,5,0.35,0.999952666712006
6,5,0.40,0.9958859654978461
6,5,0.45,0.9735824601836939
6,5,0.50,0.9998844054226242
6,5,0.55,0.9990327400602724
6,5,0.60,0.9998631806193813
6,5,0.65,0.9998930808788544
6,5,0.70,0.9999144397599153
6,5,0.75,0.9996701228968894
6,5,0.80,0.9999379726598372
6,5,0.85,0.9999630866701031
6,5,0.90,0.9999670212465983
6,5,0.95,0.9999672741361814
6,6,0.05,0.8715981455418323
6,6,0.10,0.9893209387212426
6,6,0.15,0.9956637367252995
6,6,0.20,0.9998742066668179
6,6,0.25,0.9998598202509419
6,6,0.30,0.9919488595169008
6,6,0.35,0.9999428665020523
6,6,0.40,0.993813263457838
6,6,0.45,0.9998966908915189
6,6,0.50,0.9994615261004223
6,6,0.55,0.9931717805018878
6,6,0.60,0.9974081623046521
6,6,0.65,0.9999422648598114
6,6,0.70,0.9996037102991036
6,6,0.75,0.9995520758211731
6,6,0.80,0.9999656929483459
6,6,0.85,0.9999538205141567
6,6,0.90,0.9996018178264632
6,6,0.95,0.9958341980896364
6,7,0.05,0.9624510349140533
6,7,0.10,0.9686087533450375
6,7,0.15,0.9994509767646158
6,7,0.20,0.26933562943791156
6,7,0.25,0.9999569079827023
6,7,0.30,0.9995722184659613
6,7,0.35,0.9999674541299861
6,7,0.40,0.9992646011114205
6,7,0.45,0.9990115972345819
6,7,0.50,0.9941656782794775
6,7,0.55,0.9984494062635505
6,7,0.60,0.9999604049154583
6,7,0.65,0.9994059758264441
6,7,0.70,0.9974597459393152
6,7,0.75,0.9998108350052941
6,7,0.80,0.9998563548814553
6,7,0.85,0.9997511564337612
6,7,0.90,0.9998622476273178
6,7,0.95,0.9999660323283404
6,8,0.05,0.8257608070550457
6,8,0.10,0.6114497472163414
6,8,0.15,0.9991305672020099
6,8,0.20,0.9994428701815743
6,8,0.25,0.9999064052248885
6,8,0.30,0.9960967815460042
6,8,0.35,0.9999138737602311
6,8,0.40,0.9992804153495526
6,8,0.45,0.9999005658663946
6,8,0.50,0.9882559318535208
6,8,0.55,0.9999267582083236
6,8,0.60,0.9999287589394296
6,8,0.65,0.9986376537968155
6,8,0.70,0.9910481252326039
6,8,0.75,0.999494599997398
6,8,0.80,0.9973632958156265
6,8,0.85,0.9999553810656668
6,8,0.90,0.9976595883524365
6,8,0.95,0.9999727626900743
6,9,0.05,0.9545900698483107
6,9,0.10,0.1627875581362025
6,9,0.15,0.9999519553085646
6,9,0.20,0.9994481723791716
6,9,0.25,0.9987077353667673
6,9,0.30,0.9994317664890207
6,9,0.35,0.998986587145519
6,9,0.40,0.9960796371820437
6,9,0.45,0.9948201194231904
6,9,0.50,0.9998075164595577
6,9,0.55,0.9992189048776288
6,9,0.60,0.9996366458386022
6,9,0.65,0.9989216992286957
6,9,0.70,0.9997918252762178
6,9,0.75,0.9993146258641042
6,9,0.80,0.9992664595929325
6,9,0.85,0.9993991558143971
6,9,0.90,0.9999706616301334
6,9,0.95,0.9995722454688992
7,0,0.05,0.8636439076174847
7,0,0.10,0.999259611180944
7,0,0.15,0.9327952022553713
7,0,0.20,0.9995729193559676
7,0,0.25,0.9970805407080543
7,0,0.30,0.5942911912223109
7,0,0.35,0.9950481353603712
7,0,0.40,0.9658457244516818
7,0,0.45,0.9993453723759147
7,0,0.50,0.9958573839937616
7,0,0.55,0.9997942544083628
7,0,0.60,0.9971908413968372
7,0,0.65,0.9999487216306543
7,0,0.70,0.9999226301191246
7,0,0.75,0.9992810691374342
7,0,0.80,0.9999293823962884
7,0,0.85,0.9993695889638322
7,0,0.90,0.9994253109846118
7,0,0.95,0.9998716897217373
7,1,0.05,0.6658494666152872
7,1,0.10,0.9943572167242977
7,1,0.15,0.9995199429635722
7,1,0.20,0.9702236952803842
7,1,0.25,0.5810338459943714
7,1,0.30,0.9976101226972264
7,1,0.35,0.9999211051809226
7,1,0.40,0.9989806116284469
7,1,0.45,0.9999346287655652
7,1,0.50,0.9994340587621885
7,1,0.55,0.9997278683454269
7,1,0.60,0.9988976414337052
7,1,0.65,0.9985266169962628
7,1,0.70,0.9957547588216858
7,1,0.75,0.9994394329912097
7,1,0.80,0.9999723963903537
7,1,0.85,0.9998918977954248
7,1,0.90,0.9999545126491807
7,1,0.95,0.9998371686977511
7,2,0.05,0.880302377978957
7,2,0.10,0.9644043113162264
7,2,0.15,0.9728651016518246
7,2,0.20,0.9944214855485822
7,2,0.25,0.9998215518105917
7,2,0.30,0.9999048296590182
7,2,0.35,0.9997862190427917
7,2,0.40,0.9996672187054503
7,2,0.45,0.9975746681361299
7,2,0.50,0.9999543698694991
7,2,0.55,0.9999194253188981
7,2,0.60,0.9999434549660557
7,2,0.65,0.9879998011167654
7,2,0.70,0.9998647882022116
7,2,0.75,0.9988061298388003
7,2,0.80,0.9993827921955861
7,2,0.85,0.9897925349351803
7,2,0.90,0.9999557605029088
7,2,0.95,0.9999187073946912
7,3,0.05,0.6671422404699361
7,3,0.10,0.9770083455396368
7,3,0.15,0.9940100480259043
7,3,0.20,0.9881352485171854
7,3,0.25,0.5279011039362137
7,3,0.30,0.5780296327701928
7,3,0.35,0.9995831172012551
7,3,0.40,0.9999445800674471
7,3,0.45,0.999775637974914
7,3,0.50,0.9992441116613547
7,3,0.55,0.9969301295346806
7,3,0.60,0.9964409775257236
7,3,0.65,0.9997562612589023
7,3,0.70,0.9953580445991146
7,3,0.75,0.9999591428898078
7,3,0.80,0.9995129442716256
7,3,0.85,0.9993538490714103
7,3,0.90,0.9998126349614036
7,3,0.95,0.9998996437311094
7,4,0.05,0.7310361373771497
7,4,0.10,0.9953949593799177
7,4,0.15,0.9985353923329865
7,4,0.20,0.996793586889676
7,4,0.25,0.9986131440963947
7,4,0.30,0.9974878333392534
7,4,0.35,0.9993942081805792
7,4,0.40,0.9973805637849857
7,4,0.45,0.9992695209713586
7,4,0.50,0.999087869298316
7,4,0.55,0.9999145719883612
7,4,0.60,0.9996400041564452
7,4,0.65,0.9999597520858952
7,4,0.70,0.9997307552338707
7,4,0.75,0.998275653629986
7,4,0.80,0.9985083883856295
7,4,0.85,0.9994019076659519
7,4,0.90,0.99555421645072
7,4,0.95,0.9994972334372102
7,5,0.05,0.5754206805783209
7,5,0.10,0.9158254255135823
7,5,0.15,0.9989920093936956
7,5,0.20,0.9935655976866152
7,5,0.25,0.9987271394137697
7,5,0.30,0.990514650549629
7,5,0.35,0.997919515801137
7,5,0.40,0.9938959100783685
7,5,0.45,0.9933901933074988
7,5,0.50,0.999949242313362
7,5,0.55,0.9961591641426623
7,5,0.60,0.9999337512061498
7,5,0.65,0.9993504937213064
7,5,0.70,0.9978082908857546
7,5,0.75,0.9971033595343781
7,5,0.80,0.9999641879237839
7,5,0.85,0.9992231137659626
7,5,0.90,0.9999464765276558
7,5,0.95,0.9994851209544637
7,6,0.05,0.8122157195577232
7,6,0.10,0.9892984536709455
7,6,0.15,0.9995299846409191
7,6,0.20,0.9995339496669627
7,6,0.25,0.9905385641286949
7,6,0.30,0.9999066779497252
7,6,0.35,0.999622661045201
7,6,0.40,0.9991974286658997
7,6,0.45,0.9999035245043625
7,6,0.50,0.9994367513623401
7,6,0.55,0.9991811274311571
7,6,0.60,0.9998418094806292
7,6,0.65,0.9988016961098107
7,6,0.70,0.9976679152520558
7,6,0.75,0.9949810704403961
7,6,0.80,0.9999425703435031
7,6,0.85,0.9995221136551539
7,6,0.90,0.986664331608811
7,6,0.95,0.9998164338608175
7,7,0.05,-1.4726760491390105
7,7,0.10,0.9604688548275934
7,7,0.15,0.967308447968069
7,7,0.20,0.9996435883200974
7,7,0.25,0.9950028445193333
7,7,0.30,0.9997973869282509
7,7,0.35,0.9671330738060374
7,7,0.40,0.9998846484637371
7,7,0.45,0.9999163736377352
7,7,0.50,0.9997148545824565
7,7,0.55,0.9997243011621499
7,7,0.60,0.9961277872213254
7,7,0.65,0.9999637000941773
7,7,0.70,0.6840516926658449
7,7,0.75,0.995779644121518
7,7,0.80,0.9999236764604963
7,7,0.85,0.9995385877791179
7,7,0.90,0.9999230933493781
7,7,0.95,0.9998375191313769
7,8,0.05,0.8192695526495108
7,8,0.10,0.9943923181499534
7,8,0.15,0.5027540336709796
7,8,0.20,0.9980864840120597
7,8,0.25,0.9784889376830535
7,8,0.30,0.9995101717896221
7,8,0.35,0.9998630778596929
7,8,0.40,0.9998935818691222
7,8,0.45,0.9778005808697477
7,8,0.50,0.9998439497497822
7,8,0.55,0.9979540834480437
7,8,0.60,0.9998741441977125
7,8,0.65,0.9999613951538424
7,8,0.70,0.9999054499160511
7,8,0.75,0.9997571448632945
7,8,0.80,0.9996558699947291
7,8,0.85,0.9999764289951523
7,8,0.90,0.9996069405073251
7,8,0.95,0.9993936088666956
7,9,0.05,0.7044135954778006
7,9,0.10,0.9920191775281
7,9,0.15,0.38940814038939187
7,9,0.20,0.6501909237603051
7,9,0.25,0.9998695012377926
7,9,0.30,0.9979644622501697
7,9,0.35,0.9941496459677092
7,9,0.40,0.9995584158147837
7,9,0.45,0.999925802037118
7,9,0.50,0.9998501293824875
7,9,0.55,0.9989679392963157
7,9,0.60,0.9933831342808538
7,9,0.65,0.9996548732480371
7,9,0.70,0.9984709322664898
7,9,0.75,0.9998655753020806
7,9,0.80,0.9994620338678802
7,9,0.85,0.9993216193838004
7,9,0.90,0.9999475585330998
7,9,0.95,0.9991868451717351
8,0,0.05,-0.6200592053624145
8,0,0.10,0.934022044105985
8,0,0.15,0.9821191418928581
8,0,0.20,0.9995635717115616
8,0,0.25,0.9996796561977482
8,0,0.30,0.9979093904293357
8,0,0.35,0.9994609615235323
8,0,0.40,0.9999584240101709
8,0,0.45,0.9863893686633524
8,0,0.50,0.6373983476659977
8,0,0.55,0.9980019944311629
8,0,0.60,0.9998925386637286
8,0,0.65,0.9999269558088789
8,0,0.70,0.9826200760266088
8,0,0.75,0.999554695873777
8,0,0.80,0.9999707255116973
8,0,0.85,0.9951734241002588
8,0,0.90,0.9953467455816191
8,0,0.95,0.9995703008622847
8,1,0.05,0.9676961800781122
8,1,0.10,0.7676954854435329
8,1,0.15,0.483353663827249
8,1,0.20,0.9675979386604449
8,1,0.25,0.9998785932767622
8,1,0.30,0.9964455690356644
8,1,0.35,0.9998779951605706
8,1,0.40,0.9999372504910911
8,1,0.45,0.6245167068521441
8,1,0.50,0.9996161565122887
8,1,0.55,0.9844410606497065
8,1,0.60,0.984778769768268
8,1,0.65,0.602970561933623
8,1,0.70,0.9950504841624354
8,1,0.75,0.9998343412220776
8,1,0.80,0.5498020575349949
8,1,0.85,0.9995359898973084
8,1,0.90,0.6341519420351873
8,1,0.95,0.9998961391501893
8,2,0.05,0.9295062098031784
8,2,0.10,0.9876123109874975
8,2,0.15,0.9955534965753314
8,2,0.20,0.550942199621423
8,2,0.25,0.9824972829746256
8,2,0.30,0.9999260459177399
8,2,0.35,0.9999592082241949
8,2,0.40,0.9998631885969157
8,2,0.45,0.9992293489114512
8,2,0.50,0.9997065731069275
8,2,0.55,0.9953623911192198
8,2,0.60,0.9999573301163511
8,2,0.65,0.9999320355103483
8,2,0.70,0.5391272848943953
8,2,0.75,0.9994234865926412
8,2,0.80,0.9993649476800951
8,2,0.85,0.9957085957065971
8,2,0.90,0.9997707683778847
8,2,0.95,0.999522548318505
8,3,0.05,0.5844292824748076
8,3,0.10,0.9991949639829651
8,3,0.15,0.995963089288655
8,3,0.20,0.9968084359172098
8,3,0.25,0.9955272279667923
8,3,0.30,0.9971122558610194
8,3,0.35,0.9999793298939309
8,3,0.40,0.9987237823920506
8,3,0.45,0.9999508571835386
8,3,0.50,0.9987184965872786
8,3,0.55,0.9995290893779311
8,3,0.60,0.9953061364469271
8,3,0.65,0.9999464409170346
8,3,0.70,0.9999041460692724
8,3,0.75,0.9942435703946474
8,3,0.80,0.9994786789872152
8,3,0.85,0.996081005150828
8,3,0.90,0.9999159406021277
8,3,0.95,0.9999405381446675
8,4,0.05,0.8956626002045615
8,4,0.10,0.9837853118209761
8,4,0.15,0.9848239453528798
8,4,0.20,0.9980170347208123
8,4,0.25,0.9999011908008302
8,4,0.30,0.999357441638002
8,4,0.35,0.9996284620494114
8,4,0.40,0.9984219982834494
8,4,0.45,0.6123736108952449
8,4,0.50,0.6609860433087842
8,4,0.55,0.9981657832622398
8,4,0.60,0.9999733730192613
8,4,0.65,0.6266126438553065
8,4,0.70,0.6326088747735226
8,4,0.75,0.9944445769900883
8,4,0.80,0.999956590668011
8,4,0.85,0.9983050299101135
8,4,0.90,0.9999304454784417
8,4,0.95,0.6144021924392737
8,5,0.05,0.7764759571394086
8,5,0.10,0.966940964280572
8,5,0.15,0.4341501009770393
8,5,0.20,0.9997220122021641
8,5,0.25,0.9999493495325309
8,5,0.30,0.9998248855819816
8,5,0.35,0.9988965671710921
8,5,0.40,0.995704091601478
8,5,0.45,0.9785116270800852
8,5,0.50,0.9993821764398532
8,5,0.55,0.9989892855797416
8,5,0.60,0.9998968783579639
8,5,0.65,0.671026233541099
8,5,0.70,0.9999576383209294
8,5,0.75,0.9999213940267324
8,5,0.80,0.6887105640319908
8,5,0.85,0.995958383413668
8,5,0.90,0.6056088392864247
8,5,0.95,0.9998766480527682
8,6,0.05,0.9432423306951673
8,6,0.10,0.9810064581340588
8,6,0.15,0.9878635296306971
8,6,0.20,0.9989170249120679
8,6,0.25,0.9998925471738778
8,6,0.30,0.9998437028408842
8,6,0.35,0.9997411669303918
8,6,0.40,0.9999368084440674
8,6,0.45,0.9999403950111124
8,6,0.50,0.9999369366971917
8,6,0.55,0.9985195940504346
8,6,0.60,0.9992188214500014
8,6,0.65,0.9999606663063696
8,6,0.70,0.9999649506268985
8,6,0.75,0.9846337472468396
8,6,0.80,0.632891632674541
8,6,0.85,0.9930089315296412
8,6,0.90,0.9998631511764603
8,6,0.95,0.9952888325679923
8,7,0.05,0.8305079599530559
8,7,0.10,0.995655760999775
8,7,0.15,0.9772118290907688
8,7,0.20,0.9845513287904586
8,7,0.25,0.9998423992731293
8,7,0.30,0.9999227429946284
8,7,0.35,0.9998221963421324
8,7,0.40,0.9983816755691686
8,7,0.45,0.9945381028391895
8,7,0.50,0.9984649172272911
8,7,0.55,0.9995790498656764
8,7,0.60,0.999589073501041
8,7,0.65,0.9996153123865236
8,7,0.70,0.9962180825969432
8,7,0.75,0.99942764759166
8,7,0.80,0.9999163967019693
8,7,0.85,0.999258034265204
8,7,0.90,0.9999186711204824
8,7,0.95,0.9999626425230553
8,8,0.05,-0.07464998962671099
8,8,0.10,0.9763552747894224
8,8,0.15,0.9986284169087483
8,8,0.20,0.9920035049736915
8,8,0.25,0.9994531518383662
8,8,0.30,0.9999245269945982
8,8,0.35,0.9999022147028993
8,8,0.40,0.54634805100552
8,8,0.45,0.9999441252743679
8,8,0.50,0.9999666959751589
8,8,0.55,0.9996135803438985
8,8,0.60,0.9998922188620906
8,8,0.65,0.9999223930846732
8,8,0.70,0.9993801579071424
8,8,0.75,0.9999666055083165
8,8,0.80,0.9974341178986106
8,8,0.85,0.9932621375116022
8,8,0.90,0.9999218682118103
8,8,0.95,0.9998511320951456
8,9,0.05,-0.34869321878016124
8,9,0.10,0.9905999385074782
8,9,0.15,0.4984217512761965
8,9,0.20,0.9981035160187334
8,9,0.25,0.9994545748800059
8,9,0.30,0.9958767445778262
8,9,0.35,0.6953308418095447
8,9,0.40,0.9937980046798404
8,9,0.45,0.999950424975804
8,9,0.50,0.9998791702772305
8,9,0.55,0.6045029431790965
8,9,0.60,0.9999093507296061
8,9,0.65,0.9999524345216806
8,9,0.70,0.9998900647943959
8,9,0.75,0.9936667798744784
8,9,0.80,0.9999410447276675
8,9,0.85,0.6367117035498379
8,9,0.90,0.6591916126455674
8,9,0.95,0.9999562648131525
9,0,0.05,0.8934658675394499
9,0,0.10,0.994044120617401
9,0,0.15,0.9993428333436953
9,0,0.20,0.9990369355797066
9,0,0.25,0.9984683674813422
9,0,0.30,0.9933271261765332
9,0,0.35,0.9999266904199637
9,0,0.40,0.9751285333478298
9,0,0.45,0.9975979636146479
9,0,0.50,0.996601881904818
9,0,0.55,0.9999382091240159
9,0,0.60,0.9999037264950145
9,0,0.65,0.9999111296049359
9,0,0.70,0.9956202565275025
9,0,0.75,0.999949710524852
9,0,0.80,0.9993769949830953
9,0,0.85,0.9999445028982498
9,0,0.90,0.9943718377102503
9,0,0.95,0.9896052771639332
9,1,0.05,0.510082566092696
9,1,0.10,0.9951346565519444
9,1,0.15,0.9997788109220348
9,1,0.20,0.6284936999164441
9,1,0.25,0.9795447644130559
9,1,0.30,0.9977243295490841
9,1,0.35,0.9999426526918742
9,1,0.40,0.9985735636982184
9,1,0.45,0.9970644681796644
9,1,0.50,0.9998854444714643
9,1,0.55,0.9999140534176548
9,1,0.60,0.9999445945273996
9,1,0.65,0.995018286416206
9,1,0.70,0.9993902697411036
9,1,0.75,0.9999661326782281
9,1,0.80,0.9989088979230417
9,1,0.85,0.9999203092126403
9,1,0.90,0.999922007014851
9,1,0.95,0.9999729869889163
9,2,0.05,0.6730043599385624
9,2,0.10,0.9961842647993702
9,2,0.15,0.5641322092962271
9,2,0.20,0.9836327547431271
9,2,0.25,0.9961840812866563
9,2,0.30,0.9996395632092197
9,2,0.35,0.9999100987706188
9,2,0.40,0.9994771504613498
9,2,0.45,0.9998707381603447
9,2,0.50,0.9998480733312897
9,2,0.55,0.9998823608377964
9,2,0.60,0.9998996742224082
9,2,0.65,0.9982248053530042
9,2,0.70,0.999399801673788
9,2,0.75,0.9998128530849936
9,2,0.80,0.9756542632424051
9,2,0.85,0.9999680238110725
9,2,0.90,0.9959567533689918
9,2,0.95,0.9999650526732468
9,3,0.05,0.9954169677579495
9,3,0.10,0.9857400985694035
9,3,0.15,0.9942791683650307
9,3,0.20,0.33353440721648375
9,3,0.25,0.9746316012819547
9,3,0.30,0.9992979371486095
9,3,0.35,0.9999262072555624
9,3,0.40,0.9961862600872328
9,3,0.45,0.9956254155550583
9,3,0.50,0.9999732985216426
9,3,0.55,0.9997428796727955
9,3,0.60,0.9998131368749917
9,3,0.65,0.9999515730192786
9,3,0.70,0.9997072834329759
9,3,0.75,0.9951165905440442
9,3,0.80,0.9969960678444694
9,3,0.85,0.999794771498206
9,3,0.90,0.9943906514606284
9,3,0.95,0.9999751319320184
9,4,0.05,0.9667040240421139
9,4,0.10,0.9776855170915789
9,4,0.15,0.997882634135328
9,4,0.20,0.9659480078925355
9,4,0.25,0.9977908432403068
9,4,0.30,0.9998325395183606
9,4,0.35,0.9998572582495214
9,4,0.40,0.9997028204021243
9,4,0.45,0.9983163109632325
9,4,0.50,0.9957183479243735
9,4,0.55,0.9948916786771551
9,4,0.60,0.6403408831366018
9,4,0.65,0.9996747721453082
9,4,0.70,0.9828110757067345
9,4,0.75,0.9999155659381126
9,4,0.80,0.9993984205214317
9,4,0.85,0.9948150339595937
9,4,0.90,0.9959516146994541
9,4,0.95,0.997148090910137
9,5,0.05,-0.34833650908572755
9,5,0.10,0.9958516557248751
9,5,0.15,0.9932709784039309
9,5,0.20,0.5810872879875615
9,5,0.25,0.9998463012335671
9,5,0.30,0.9999137367424505
9,5,0.35,0.999873400307778
9,5,0.40,0.6880997561976347
9,5,0.45,0.9999518055074029
9,5,0.50,0.9997944320944939
9,5,0.55,0.9920219609178925
9,5,0.60,0.9947720529947732
9,5,0.65,0.9992610642555121
9,5,0.70,0.9991100999406186
9,5,0.75,0.99465507011569
9,5,0.80,0.994680535988915
9,5,0.85,0.9989814604463737
9,5,0.90,0.9900304765119289
9,5,0.95,0.9991204791975687
9,6,0.05,0.6726839207457858
9,6,0.10,0.9906729915231348
9,6,0.15,0.9253202089540216
9,6,0.20,0.999806680399538
9,6,0.25,0.9760606632941449
9,6,0.30,0.9999305363231298
9,6,0.35,0.9999251274445116
9,6,0.40,0.9945610535411847
9,6,0.45,0.9998270649077278
9,6,0.50,0.9980306197320591
9,6,0.55,0.9945326874023592
9,6,0.60,0.993262180623409
9,6,0.65,0.9999461375225747
9,6,0.70,0.9999234362641002
9,6,0.75,0.9944222993778356
9,6,0.80,0.9944125160562618
9,6,0.85,0.9991672631468715
9,6,0.90,0.9995218931960056
9,6,0.95,0.9984381790168034
9,7,0.05,-1.3795141396735255
9,7,0.10,0.2482572888649216
9,7,0.15,0.9997375951916161
9,7,0.20,0.5774741347352614
9,7,0.25,0.9998743381365089
9,7,0.30,0.9867197892126935
9,7,0.35,0.9959975956487417
9,7,0.40,0.9998950486894043
9,7,0.45,0.9859278508958073
9,7,0.50,0.9999269530169922
9,7,0.55,0.9999028956811674
9,7,0.60,0.9999654103891488
9,7,0.65,0.9997608989273153
9,7,0.70,0.9949954402919482
9,7,0.75,0.9967727502863005
9,7,0.80,0.9998914811783438
9,7,0.85,0.9956955271702398
9,7,0.90,0.99538816985875
9,7,0.95,0.9994479524475928
9,8,0.05,0.4512259160455361
9,8,0.10,0.9339039586876275
9,8,0.15,0.6401852006196929
9,8,0.20,0.7450285032495254
9,8,0.25,0.9748972964645257
9,8,0.30,0.9998964390129497
9,8,0.35,0.5571417343697029
9,8,0.40,0.9987587415181425
9,8,0.45,0.9984267437158798
9,8,0.50,0.9999278981184703
9,8,0.55,0.999793881045347
9,8,0.60,0.993791278518264
9,8,0.65,0.9942876181611123
9,8,0.70,0.9958089052948824
9,8,0.75,0.9999080104573441
9,8,0.80,0.999844201326811
9,8,0.85,0.6311837212688151
9,8,0.90,0.9980302168382565
9,8,0.95,0.9999375842752635
9,9,0.05,0.20527093937068908
9,9,0.10,0.9971686264427474
9,9,0.15,0.9888914008428372
9,9,0.20,0.5435096694523719
9,9,0.25,0.9997042474662672
9,9,0.30,0.999493910497863
9,9,0.35,0.999903675520963
9,9,0.40,0.9823129943617193
9,9,0.45,0.9852386837861694
9,9,0.50,0.9999177581407818
9,9,0.55,0.9998208722384614
9,9,0.60,0.9826956307273017
9,9,0.65,0.9999395756137104
9,9,0.70,0.9991503107765048
9,9,0.75,0.9885854822569051
9,9,0.80,0.982799459247174
9,9,0.85,0.6422000024633662
9,9,0.90,0.9997449002141419
9,9,0.95,0.9962595584376475
