nnodes,#WH,dist,alg,tp
1,1,0,2pl,63.79935814316094
1,1,0,Calvin,12709.273565891473
1,1,10,2pl,56.81219295934154
1,1,10,Calvin,12741.261085271319
1,1,20,2pl,63.21988584982588
1,1,20,Calvin,12772.359922480618
1,1,30,2pl,62.424732850883515
1,1,30,Calvin,12700.589263565891
1,1,40,2pl,66.49127815340837
1,1,40,Calvin,12705.313263109894
1,1,50,2pl,60.928863160423454
1,1,50,Calvin,12748.75523255814
1,1,60,2pl,63.39148195810429
1,1,60,Calvin,12730.568353853168
1,1,70,2pl,60.98418410288658
1,1,70,Calvin,12700.19789922481
1,1,80,2pl,61.85459922184023
1,1,80,Calvin,12763.01654651163
1,1,90,2pl,64.25963198247814
1,1,90,Calvin,12735.39315891473
1,1,100,2pl,60.667220425039716
1,1,100,Calvin,12726.77526356589
1,2,0,2pl,139.47993576180525
1,2,0,Calvin,15874.25149019608
1,2,10,2pl,2390.8329878999334
1,2,10,Calvin,16535.659395051352
1,2,20,2pl,2561.1525653953963
1,2,20,Calvin,15279.257215686273
1,2,30,2pl,2397.414627580045
1,2,30,Calvin,15033.696156862745
1,2,40,2pl,1242.75778338642
1,2,40,Calvin,14787.632588235292
1,2,50,2pl,1199.0713491051904
1,2,50,Calvin,14501.955862745097
1,2,60,2pl,3498.1786041515593
1,2,60,Calvin,14281.410211951445
1,2,70,2pl,2803.299980989881
1,2,70,Calvin,13940.398431372547
1,2,80,2pl,2177.70638381746
1,2,80,Calvin,13781.880862745098
1,2,90,2pl,2231.7429235764052
1,2,90,Calvin,13517.49754509804
1,2,100,2pl,1213.7033549454334
1,2,100,Calvin,13158.717564705881
1,4,0,2pl,4649.701411740172
1,4,0,Calvin,17931.67939006467
1,4,10,2pl,4624.134726016455
1,4,10,Calvin,17525.936706349206
1,4,20,2pl,4414.714837537241
1,4,20,Calvin,17059.07861111111
1,4,30,2pl,4531.48961115196
1,4,30,Calvin,16499.35738095238
1,4,40,2pl,4406.567696261009
1,4,40,Calvin,15957.853134920633
1,4,50,2pl,4384.829168968451
1,4,50,Calvin,15464.858531746033
1,4,60,2pl,4481.863154674075
1,4,60,Calvin,14842.756253968255
1,4,70,2pl,4619.982280443291
1,4,70,Calvin,14260.062857142859
1,4,80,2pl,3872.1192083480223
1,4,80,Calvin,13618.13392857143
1,4,90,2pl,4100.880696520189
1,4,90,Calvin,12928.10642857143
1,4,100,2pl,4258.994332272098
1,4,100,Calvin,12356.503595238095
1,8,0,2pl,4777.994902615843
1,8,0,Calvin,19337.64223577236
1,8,10,2pl,3966.240682812649
1,8,10,Calvin,19182.666774711168
1,8,20,2pl,4689.688808222934
1,8,20,Calvin,18496.154230844124
1,8,30,2pl,4678.444183884511
1,8,30,Calvin,17901.190613821138
1,8,40,2pl,4636.710522524383
1,8,40,Calvin,17592.722520325202
1,8,50,2pl,4576.420175106973
1,8,50,Calvin,17494.651170731708
1,8,60,2pl,4658.221679552481
1,8,60,Calvin,17080.010620796947
1,8,70,2pl,4630.141350022876
1,8,70,Calvin,17491.117872764225
1,8,80,2pl,4607.724509056207
1,8,80,Calvin,17525.515808943088
1,8,90,2pl,4636.3662143783795
1,8,90,Calvin,17615.761601626014
1,8,100,2pl,4585.360999937537
1,8,100,Calvin,17603.32970609756
1,16,0,2pl,4677.999150589156
1,16,0,Calvin,19702.841385281383
1,16,10,2pl,4701.635651134727
1,16,10,Calvin,19714.6270995671
1,16,20,2pl,4673.749408652985
1,16,20,Calvin,19662.095757575757
1,16,30,2pl,4660.295629122552
1,16,30,Calvin,19624.66935064935
1,16,40,2pl,4637.772836013794
1,16,40,Calvin,19583.81260936432
1,16,50,2pl,4584.376476540922
1,16,50,Calvin,19555.871941786285
1,16,60,2pl,4600.443580477427
1,16,60,Calvin,19531.98263442697
1,16,70,2pl,4513.278772984852
1,16,70,Calvin,19567.174112554112
1,16,80,2pl,4490.780588306443
1,16,80,Calvin,19585.8258008658
1,16,90,2pl,4517.963571494366
1,16,90,Calvin,19598.323333333334
1,16,100,2pl,4462.082165208834
1,16,100,Calvin,19545.43588744589
1,32,0,2pl,4762.080791566955
1,32,0,Calvin,19997.639228101914
1,32,10,2pl,4699.352231033886
1,32,10,Calvin,19990.924370571385
1,32,20,2pl,4655.681989894866
1,32,20,Calvin,19984.459369817578
1,32,30,2pl,4653.22869924355
1,32,30,Calvin,19984.851333766772
1,32,40,2pl,4615.2078117720475
1,32,40,Calvin,19979.13996984773
1,32,50,2pl,4559.981605965383
1,32,50,Calvin,19978.19308759234
1,32,60,2pl,4571.291956731696
1,32,60,Calvin,19979.93405246495
1,32,70,2pl,4515.163171291823
1,32,70,Calvin,19959.559812302123
1,32,80,2pl,4501.973381734308
1,32,80,Calvin,19800.12383954934
1,32,90,2pl,4422.992856409284
1,32,90,Calvin,19946.853242122717
1,32,100,2pl,2951.8522025063617
1,32,100,Calvin,19958.90649781396
1,64,0,2pl,4673.566968489143
1,64,0,Calvin,20081.764128893003
1,64,10,2pl,4812.454304018723
1,64,10,Calvin,20076.835718470553
1,64,20,2pl,4731.501047679742
1,64,20,Calvin,20068.953963922293
1,64,30,2pl,4708.191876946389
1,64,30,Calvin,20077.87665741597
1,64,40,2pl,4671.560568942397
1,64,40,Calvin,20077.033879361465
1,64,50,2pl,4636.71411691825
1,64,50,Calvin,20069.7715942029
1,64,60,2pl,4622.551460904114
1,64,60,Calvin,20064.844907493065
1,64,70,2pl,4587.811008145128
1,64,70,Calvin,20032.376406105457
1,64,80,2pl,4508.115931291615
1,64,80,Calvin,20052.390942028986
1,64,90,2pl,4471.759715236284
1,64,90,Calvin,20048.96116013979
1,64,100,2pl,4450.9228574736835
1,64,100,Calvin,20046.73749922911
1,128,0,2pl,4686.618365798851
1,128,0,Calvin,24861.166666666668
1,128,10,2pl,4695.138326711779
1,128,10,Calvin,21860.05
1,128,20,2pl,4768.5299099792655
1,128,20,Calvin,22835.137777777778
1,128,30,2pl,4799.186830417919
1,128,30,Calvin,21862.033333333336
1,128,40,2pl,4482.063760388888
1,128,40,Calvin,21698.85666666667
1,128,50,2pl,4731.471435276017
1,128,50,Calvin,22612.006666666664
1,128,60,2pl,4584.699586725893
1,128,60,Calvin,21592.583333333332
1,128,70,2pl,4611.230880695197
1,128,70,Calvin,21991.926666666666
1,128,80,2pl,4546.47338071041
1,128,80,Calvin,21745.879999999997
1,128,90,2pl,4598.897041087835
1,128,90,Calvin,24392.78888888889
1,128,100,2pl,4408.07698639818
1,128,100,Calvin,22147.911111111112
2,1,0,2pl,61.23501045000887
2,1,0,Calvin,25408.929011627908
2,1,10,2pl,85.14348981023322
2,1,10,Calvin,24295.31437984496
2,1,20,2pl,1454.8101263214048
2,1,20,Calvin,23918.287088166893
2,1,30,2pl,900.3516575890766
2,1,30,Calvin,19817.01068169066
2,1,40,2pl,1206.6174310186113
2,1,40,Calvin,11954.20122739018
2,1,50,2pl,646.5753101980212
2,1,50,Calvin,21060.75670503876
2,1,60,2pl,705.2248927794726
2,1,60,Calvin,20154.143624713917
2,1,70,2pl,18091.356643495634
2,1,70,Calvin,20985.67126984127
2,1,80,2pl,698.9607820106806
2,1,80,Calvin,19444.021399580102
2,1,90,2pl,1139.2715097663724
2,1,90,Calvin,19529.4793353636
2,1,100,2pl,795.0993469093031
2,1,100,Calvin,18285.715965116276
2,2,0,2pl,2621.1919845155026
2,2,0,Calvin,32168.871274509806
2,2,10,2pl,16374.947395852709
2,2,10,Calvin,26475.732384169427
2,2,20,2pl,1625.2156518270042
2,2,20,Calvin,28758.56175648926
2,2,30,2pl,1834.6815320976384
2,2,30,Calvin,28265.70430112045
2,2,40,2pl,1060.837506049064
2,2,40,Calvin,22914.15385791154
2,2,50,2pl,2151.5195052713334
2,2,50,Calvin,25678.805688888893
2,2,60,2pl,2068.1951421849244
2,2,60,Calvin,24171.368980392155
2,2,70,2pl,303807.1134366628
2,2,70,Calvin,23256.31879607843
2,2,80,2pl,1230.5213037345618
2,2,80,Calvin,22324.129721176472
2,2,90,2pl,1657.239633898979
2,2,90,Calvin,21606.45699536971
2,2,100,2pl,1599.8890771550844
2,2,100,Calvin,19826.810180784316
2,4,0,2pl,6446.775806728993
2,4,0,Calvin,36249.38841269841
2,4,10,2pl,58.26481027121494
2,4,10,Calvin,34387.04206349207
2,4,20,2pl,1416.5761550483296
2,4,20,Calvin,32244.160253968254
2,4,30,2pl,685.772316234909
2,4,30,Calvin,30539.83674206349
2,4,40,2pl,0.9768954869262169
2,4,40,Calvin,28352.28682142857
2,4,50,2pl,805.2486683707139
2,4,50,Calvin,27523.48530515873
2,4,60,2pl,754.1946309560554
2,4,60,Calvin,26289.463075396823
2,4,70,2pl,1790.0428818654866
2,4,70,Calvin,25607.464291806595
2,4,80,2pl,1227.6364905245669
2,4,80,Calvin,-2.0
2,4,90,2pl,1988.6788236431973
2,4,90,Calvin,22348.043365463393
2,4,100,2pl,1083.3581254148212
2,4,100,Calvin,20186.893365079362
2,8,0,2pl,8167.17941204111
2,8,0,Calvin,38565.56966519748
2,8,10,2pl,2666.923949760001
2,8,10,Calvin,31231.90379689852
2,8,20,2pl,2977.7671724334937
2,8,20,Calvin,35145.885514302914
2,8,30,2pl,1964.5422524355201
2,8,30,Calvin,33779.18478746361
2,8,40,2pl,2149.8631787478394
2,8,40,Calvin,32303.464095001505
2,8,50,2pl,2447.391716200052
2,8,50,Calvin,31065.13895172137
2,8,60,2pl,2449.0946004723273
2,8,60,Calvin,29909.46332977015
2,8,70,2pl,1990.131523320193
2,8,70,Calvin,29086.29597661347
2,8,80,2pl,19245.140469544407
2,8,80,Calvin,27284.60949779183
2,8,90,2pl,18313.664962745665
2,8,90,Calvin,25509.17795660242
2,8,100,2pl,3652.6151796032286
2,8,100,Calvin,24033.536252634745
2,16,0,2pl,8963.025929147376
2,16,0,Calvin,39240.26542737525
2,16,10,2pl,5413.230933777774
2,16,10,Calvin,37641.41442891319
2,16,20,2pl,5619.17113142896
2,16,20,Calvin,37156.08347334245
2,16,30,2pl,3280.6266847751544
2,16,30,Calvin,36105.062665413534
2,16,40,2pl,3405.956718430299
2,16,40,Calvin,34446.05262061705
2,16,50,2pl,1870.0727414296796
2,16,50,Calvin,33041.94569987468
2,16,60,2pl,2741.900287582181
2,16,60,Calvin,32119.708077238553
2,16,70,2pl,27924.415554939304
2,16,70,Calvin,31867.831422428684
2,16,80,2pl,2282.871836840741
2,16,80,Calvin,20178.817110434753
2,16,90,2pl,2504.3601057535975
2,16,90,Calvin,30063.661998917745
2,16,100,2pl,2393.144748658908
2,16,100,Calvin,29227.82070377079
2,32,0,2pl,9300.837744018876
2,32,0,Calvin,39934.81724785166
2,32,10,2pl,6020.7573739755635
2,32,10,Calvin,39382.42593792633
2,32,20,2pl,4949.010509870751
2,32,20,Calvin,39008.601279198316
2,32,30,2pl,4862.0076323769
2,32,30,Calvin,37094.971729048644
2,32,40,2pl,4448.0897129497525
2,32,40,Calvin,37388.191976933515
2,32,50,2pl,42894.35909063418
2,32,50,Calvin,35570.160562818426
2,32,60,2pl,4687.90212228556
2,32,60,Calvin,32746.60073270013
2,32,70,2pl,4544.128252422276
2,32,70,Calvin,31515.337865822406
2,32,80,2pl,3400.7984064450634
2,32,80,Calvin,31470.581871200062
2,32,90,2pl,22628.69561297423
2,32,90,Calvin,29099.97039255819
2,32,100,2pl,2371.812013303353
2,32,100,Calvin,28751.759702716623
2,64,0,2pl,9560.053837770398
2,64,0,Calvin,39915.36856521739
2,64,10,2pl,6923.166503715092
2,64,10,Calvin,39799.2088235617
2,64,20,2pl,6830.832128168863
2,64,20,Calvin,39767.80905797101
2,64,30,2pl,56078.11117747028
2,64,30,Calvin,39471.63656126483
2,64,40,2pl,5790.92449509506
2,64,40,Calvin,32295.524731452704
2,64,50,2pl,4290.427056173964
2,64,50,Calvin,35359.98838213743
2,64,60,2pl,5088.712445687549
2,64,60,Calvin,35136.476348872784
2,64,70,2pl,96509.99090761568
2,64,70,Calvin,33869.59711674718
2,64,80,2pl,40856.81881313344
2,64,80,Calvin,32047.94935861856
2,64,90,2pl,4447.148035454763
2,64,90,Calvin,27496.415206430636
2,64,100,2pl,53998.45956276814
2,64,100,Calvin,29763.237852173912
2,128,0,2pl,9354.561295207819
2,128,0,Calvin,39675.27822222222
2,128,10,2pl,7079.234662276562
2,128,10,Calvin,32042.48
2,128,20,2pl,7019.940571843167
2,128,20,Calvin,40208.205444444444
2,128,30,2pl,3140.8818270833335
2,128,30,Calvin,41252.63166666667
2,128,40,2pl,1555.861312077701
2,128,40,Calvin,-2.0
2,128,50,2pl,5255.8529223551
2,128,50,Calvin,-2.0
2,128,60,2pl,6004.99097
2,128,60,Calvin,40990.62138888889
2,128,70,2pl,2373.1893536470593
2,128,70,Calvin,39352.41722222222
2,128,80,2pl,5203.4978201738495
2,128,80,Calvin,38639.607777777775
2,128,90,2pl,3833.848015857977
2,128,90,Calvin,34113.745
2,128,100,2pl,3552.511479955238
2,128,100,Calvin,34084.95
4,1,0,2pl,58.11210624295173
4,1,0,Calvin,50640.51418290014
4,1,10,2pl,10474.135540985126
4,1,10,Calvin,34565.851315047876
4,1,20,2pl,105.98710154690879
4,1,20,Calvin,20715.017100349596
4,1,30,2pl,153.60401468049955
4,1,30,Calvin,24142.827250721995
4,1,40,2pl,627.9195075643639
4,1,40,Calvin,17515.777663311837
4,1,50,2pl,461.8191691840532
4,1,50,Calvin,25282.55028368293
4,1,60,2pl,1177.9374266512325
4,1,60,Calvin,20729.950756002054
4,1,70,2pl,336.8900547613704
4,1,70,Calvin,30791.23911069539
4,1,80,2pl,260.32120861461914
4,1,80,Calvin,18457.07993654811
4,1,90,2pl,1598.6177184300257
4,1,90,Calvin,18496.791622214623
4,1,100,2pl,1353.817030669479
4,1,100,Calvin,20540.58096719676
4,2,0,2pl,3051.38747907646
4,2,0,Calvin,64085.65751120562
4,2,10,2pl,716.044750206659
4,2,10,Calvin,44918.29348392468
4,2,20,2pl,694.0917344579183
4,2,20,Calvin,47244.500517908506
4,2,30,2pl,271.85888278398284
4,2,30,Calvin,37991.890715873014
4,2,40,2pl,583.260947879569
4,2,40,Calvin,50924.227055775664
4,2,50,2pl,219500.29391727402
4,2,50,Calvin,41034.43161590103
4,2,60,2pl,1353.1906450178951
4,2,60,Calvin,30497.46224165575
4,2,70,2pl,770.3924332496335
4,2,70,Calvin,35963.58852233257
4,2,80,2pl,512.4866232183899
4,2,80,Calvin,25259.06673263699
4,2,90,2pl,1082.4462646734894
4,2,90,Calvin,29245.477877693746
4,2,100,2pl,1081.067162627603
4,2,100,Calvin,27927.485653375345
4,4,0,2pl,1829.3539880452129
4,4,0,Calvin,72576.88249700707
4,4,10,2pl,258.2272224697226
4,4,10,Calvin,53211.126944797004
4,4,20,2pl,222.4783193596892
4,4,20,Calvin,42362.180865266106
4,4,30,2pl,516.9894290972787
4,4,30,Calvin,55176.72598438395
4,4,40,2pl,1013.4489455257362
4,4,40,Calvin,48228.78196127798
4,4,50,2pl,15469.60712418366
4,4,50,Calvin,42585.69763810958
4,4,60,2pl,279172.1832381765
4,4,60,Calvin,42677.0762414085
4,4,70,2pl,953.8640834836043
4,4,70,Calvin,174.7614645008606
4,4,80,2pl,41589.71905365497
4,4,80,Calvin,-2.0
4,4,90,2pl,1490.1600123934852
4,4,90,Calvin,-2.0
4,4,100,2pl,1705.7595645201616
4,4,100,Calvin,21393.974139070568
4,8,0,2pl,15060.657979580594
4,8,0,Calvin,76513.23554940782
4,8,10,2pl,1741.6053376167692
4,8,10,Calvin,71154.67271983087
4,8,20,2pl,15775.971835221082
4,8,20,Calvin,70445.04695394501
4,8,30,2pl,43754.26273053465
4,8,30,Calvin,66152.77735897368
4,8,40,2pl,21808.417676857756
4,8,40,Calvin,65940.72568582506
4,8,50,2pl,14478.190821711776
4,8,50,Calvin,62930.12899421862
4,8,60,2pl,1722.5633773038455
4,8,60,Calvin,60747.44514452224
4,8,70,2pl,163114.7837100949
4,8,70,Calvin,58538.05291887986
4,8,80,2pl,16295.588175626659
4,8,80,Calvin,55717.092459957195
4,8,90,2pl,235290.5870972495
4,8,90,Calvin,54060.832887607896
4,8,100,2pl,21830.071845534945
4,8,100,Calvin,51462.52273049282
4,16,0,2pl,18448.226635352024
4,16,0,Calvin,78017.35730035316
4,16,10,2pl,4370.217104813645
4,16,10,Calvin,73756.1120399357
4,16,20,2pl,4716.500029035161
4,16,20,Calvin,72490.488971548
4,16,30,2pl,2259.650635449009
4,16,30,Calvin,67941.52558406755
4,16,40,2pl,1619.4160006268705
4,16,40,Calvin,67827.85087028243
4,16,50,2pl,19137.504018716234
4,16,50,Calvin,64985.98048065582
4,16,60,2pl,12599.2484495484
4,16,60,Calvin,64933.49629374573
4,16,70,2pl,250562.51013012973
4,16,70,Calvin,63260.16580965049
4,16,80,2pl,103063.78314672156
4,16,80,Calvin,60491.67219337749
4,16,90,2pl,56544.923550382904
4,16,90,Calvin,60476.06219504402
4,16,100,2pl,2862.2901078474006
4,16,100,Calvin,58512.517322643725
4,32,0,2pl,18500.535275378516
4,32,0,Calvin,69503.14386007957
4,32,10,2pl,11192.36084998604
4,32,10,Calvin,78006.62681904987
4,32,20,2pl,5717.76191437829
4,32,20,Calvin,74385.42434611185
4,32,30,2pl,62834.426742617485
4,32,30,Calvin,70994.13797571544
4,32,40,2pl,6569.9580299205945
4,32,40,Calvin,67542.48229790603
4,32,50,2pl,52253.39344206421
4,32,50,Calvin,65045.23691767902
4,32,60,2pl,59750.15535457676
4,32,60,Calvin,62866.677928842335
4,32,70,2pl,195421.40461853318
4,32,70,Calvin,59309.7160196396
4,32,80,2pl,3640.666604906355
4,32,80,Calvin,62839.30993548231
4,32,90,2pl,164539.0960211585
4,32,90,Calvin,57651.4523959207
4,32,100,2pl,49492.96558601759
4,32,100,Calvin,56465.08257474142
4,64,0,2pl,18906.312052950205
4,64,0,Calvin,79418.73784380032
4,64,10,2pl,10411.26079846086
4,64,10,Calvin,47640.33737867616
4,64,20,2pl,76522.842467414
4,64,20,Calvin,78858.9387771269
4,64,30,2pl,11389.329789465684
4,64,30,Calvin,78742.49062560387
4,64,40,2pl,7707.692014750297
4,64,40,Calvin,75172.28350153835
4,64,50,2pl,7630.937329592739
4,64,50,Calvin,71132.53621060606
4,64,60,2pl,6726.4514734326285
4,64,60,Calvin,66892.05683141293
4,64,70,2pl,44961.346803119995
4,64,70,Calvin,65043.20210524154
4,64,80,2pl,11367.670757691934
4,64,80,Calvin,62712.56777018006
4,64,90,2pl,5191.951818290193
4,64,90,Calvin,58095.83599060899
4,64,100,2pl,5303.09544346115
4,64,100,Calvin,58322.926111786604
4,128,0,2pl,12026.716091835015
4,128,0,Calvin,77986.77555555556
4,128,10,2pl,10392.021516387053
4,128,10,Calvin,78946.63875
4,128,20,2pl,8850.042099269047
4,128,20,Calvin,-2.0
4,128,30,2pl,5966.627904057895
4,128,30,Calvin,29378.20048888889
4,128,40,2pl,10274.170513041161
4,128,40,Calvin,77980.42124999998
4,128,50,2pl,10287.87538386737
4,128,50,Calvin,52505.5714888889
4,128,60,2pl,5341.256039361295
4,128,60,Calvin,-2.0
4,128,70,2pl,8999.810130607066
4,128,70,Calvin,51825.050232222224
4,128,80,2pl,5458.905831362907
4,128,80,Calvin,61617.170722222225
4,128,90,2pl,506307.15039481217
4,128,90,Calvin,68821.54097777778
4,128,100,2pl,3926.3269503968254
4,128,100,Calvin,-2.0
8,1,0,2pl,143.08073401190615
8,1,0,Calvin,100862.60609074747
8,1,10,2pl,9889.194173117203
8,1,10,Calvin,52448.617574859105
8,1,20,2pl,858.4492665087349
8,1,20,Calvin,11194.839373571034
8,1,30,2pl,704.0641978678983
8,1,30,Calvin,20023.637524068265
8,1,40,2pl,1684.657697659648
8,1,40,Calvin,15892.761212635129
8,1,50,2pl,1033.522019161239
8,1,50,Calvin,17790.821615019122
8,1,60,2pl,215.05714963218784
8,1,60,Calvin,21936.616059659194
8,1,70,2pl,1053.3492548323527
8,1,70,Calvin,20929.109456562775
8,1,80,2pl,1073.2997221070468
8,1,80,Calvin,20312.003534270698
8,1,90,2pl,1540.9514047837777
8,1,90,Calvin,20884.855406393533
8,1,100,2pl,3166.351818456446
8,1,100,Calvin,24858.804418586446
8,2,0,2pl,34770.579636759096
8,2,0,Calvin,127529.82016089892
8,2,10,2pl,469.60301997623014
8,2,10,Calvin,45343.31408016645
8,2,20,2pl,984.6004894932986
8,2,20,Calvin,51394.51673036945
8,2,30,2pl,551.6344285673466
8,2,30,Calvin,22538.70872375215
8,2,40,2pl,1888.1163570379622
8,2,40,Calvin,48077.470696803844
8,2,50,2pl,938.5668650581673
8,2,50,Calvin,33535.595712355345
8,2,60,2pl,722.2670858786215
8,2,60,Calvin,34424.533639797286
8,2,70,2pl,1343.8447648411068
8,2,70,Calvin,27995.9828151687
8,2,80,2pl,1199.6507464083531
8,2,80,Calvin,32856.96916522035
8,2,90,2pl,946.5037624788238
8,2,90,Calvin,22900.66306308072
8,2,100,2pl,1131.3828091275607
8,2,100,Calvin,21583.981974638198
8,4,0,2pl,9801.679062555677
8,4,0,Calvin,144081.22374437572
8,4,10,2pl,1257.8031544582007
8,4,10,Calvin,72729.80092874088
8,4,20,2pl,1519.831657071302
8,4,20,Calvin,38974.49146148188
8,4,30,2pl,13911.256912183091
8,4,30,Calvin,63048.183048391795
8,4,40,2pl,13005.448693246924
8,4,40,Calvin,69679.97888356278
8,4,50,2pl,1344.5668037667856
8,4,50,Calvin,41289.333496879226
8,4,60,2pl,140292.17929746574
8,4,60,Calvin,50925.67587914873
8,4,70,2pl,1356.8903018507663
8,4,70,Calvin,31966.89696168245
8,4,80,2pl,9927.48900964323
8,4,80,Calvin,66772.94588293556
8,4,90,2pl,1454.9906408228187
8,4,90,Calvin,13755.986475287515
8,4,100,2pl,1278.5142886371877
8,4,100,Calvin,12854.416050552043
8,8,0,2pl,19008.5244263473
8,8,0,Calvin,152688.2932854622
8,8,10,2pl,835.1029844878954
8,8,10,Calvin,144808.45974169823
8,8,20,2pl,682.1936227341644
8,8,20,Calvin,140195.99955724188
8,8,30,2pl,1161.7491585740056
8,8,30,Calvin,136047.67085975673
8,8,40,2pl,24228.4084342087
8,8,40,Calvin,129536.43590896208
8,8,50,2pl,185155.10590806682
8,8,50,Calvin,112880.15661944715
8,8,60,2pl,1204.145751919191
8,8,60,Calvin,121831.71589568038
8,8,70,2pl,27078.49773735307
8,8,70,Calvin,116677.39398747688
8,8,80,2pl,76488.94788895275
8,8,80,Calvin,109294.38432999118
8,8,90,2pl,860.0211912685523
8,8,90,Calvin,86063.05983267857
8,8,100,2pl,16023.756556281616
8,8,100,Calvin,102881.0075644731
8,16,0,2pl,24113.330509780808
8,16,0,Calvin,154345.3125541981
8,16,10,2pl,35324.13358418967
8,16,10,Calvin,142985.51084150872
8,16,20,2pl,4168.958564183488
8,16,20,Calvin,145604.19804538923
8,16,30,2pl,3450.4434952123142
8,16,30,Calvin,143960.39894042732
8,16,40,2pl,124892.19434799971
8,16,40,Calvin,140256.3279987114
8,16,50,2pl,54224.148993904026
8,16,50,Calvin,134350.10580573298
8,16,60,2pl,22241.086266697777
8,16,60,Calvin,127277.85561271099
8,16,70,2pl,36528.3953527
8,16,70,Calvin,124368.35189208559
8,16,80,2pl,2146.2718142510134
8,16,80,Calvin,119400.33096233725
8,16,90,2pl,16834.907347724646
8,16,90,Calvin,114969.10699483078
8,16,100,2pl,1768.2703038712673
8,16,100,Calvin,108864.08209659446
8,32,0,2pl,36710.612617205385
8,32,0,Calvin,157976.71158354954
8,32,10,2pl,46912.86607616514
8,32,10,Calvin,152634.01235170674
8,32,20,2pl,9722.700988553077
8,32,20,Calvin,146043.09400838893
8,32,30,2pl,6320.570256768881
8,32,30,Calvin,140600.0406562776
8,32,40,2pl,346461.88050207926
8,32,40,Calvin,132766.89268346262
8,32,50,2pl,89098.66649911297
8,32,50,Calvin,115169.60030807141
8,32,60,2pl,10003.467593913068
8,32,60,Calvin,111656.65046492389
8,32,70,2pl,59816.82593012669
8,32,70,Calvin,109773.42146782052
8,32,80,2pl,84377.64373059504
8,32,80,Calvin,113890.1007614608
8,32,90,2pl,161884.82370267078
8,32,90,Calvin,106146.07089549465
8,32,100,2pl,138351.51976889418
8,32,100,Calvin,110234.99777061369
8,64,0,2pl,37439.262083165726
8,64,0,Calvin,157655.20914592434
8,64,10,2pl,11287.787075458218
8,64,10,Calvin,145302.41638910532
8,64,20,2pl,19688.516259646054
8,64,20,Calvin,157000.6670241798
8,64,30,2pl,16257.566444716946
8,64,30,Calvin,143226.12253245595
8,64,40,2pl,88030.85993648051
8,64,40,Calvin,146421.5062981325
8,64,50,2pl,14763.340143024107
8,64,50,Calvin,140242.37244526585
8,64,60,2pl,7551.704849733032
8,64,60,Calvin,126416.27540931017
8,64,70,2pl,49953.059408672016
8,64,70,Calvin,121943.62987719457
8,64,80,2pl,55875.967776959464
8,64,80,Calvin,117432.59509121456
8,64,90,2pl,71723.20094152312
8,64,90,Calvin,105942.56467772128
8,64,100,2pl,111518.13414945983
8,64,100,Calvin,95197.16425715567
8,128,0,2pl,20356.57495927222
8,128,0,Calvin,-2.0
8,128,10,2pl,3156.7624567666667
8,128,10,Calvin,71612.8139981389
8,128,20,2pl,9195.870070209548
8,128,20,Calvin,-2.0
8,128,30,2pl,1023223.808885715
8,128,30,Calvin,147221.92136666668
8,128,40,2pl,-3.0
8,128,40,Calvin,-2.0
8,128,50,2pl,-2.0
8,128,50,Calvin,224.24999750000003
8,128,60,2pl,-2.0
8,128,60,Calvin,-2.0
8,128,70,2pl,-2.0
8,128,70,Calvin,39830.83036111111
8,128,80,2pl,-2.0
8,128,80,Calvin,131025.5058611111
8,128,90,2pl,6570.28711422645
8,128,90,Calvin,112917.19272222223
8,128,100,2pl,3835.759710521403
8,128,100,Calvin,51701.91166666667
16,1,0,2pl,656.1959321489463
16,1,0,Calvin,201220.87786728394
16,1,10,2pl,59.883292370134505
16,1,10,Calvin,36264.926801513095
16,1,20,2pl,65.61135152353442
16,1,20,Calvin,22036.031459508955
16,1,30,2pl,6469.914954355299
16,1,30,Calvin,20911.093009847118
16,1,40,2pl,3477.3524509161603
16,1,40,Calvin,20983.881663580247
16,1,50,2pl,134682.559507629
16,1,50,Calvin,13098.238010185183
16,1,60,2pl,9010.379711618041
16,1,60,Calvin,22366.228891467075
16,1,70,2pl,245908.47199926537
16,1,70,Calvin,19278.054717701987
16,1,80,2pl,10178.262453301397
16,1,80,Calvin,20814.729020576127
16,1,90,2pl,21458.496703780784
16,1,90,Calvin,24163.168890487203
16,1,100,2pl,14559.845133578383
16,1,100,Calvin,33220.98758837037
16,2,0,2pl,1978.1792887792628
16,2,0,Calvin,252298.1048665567
16,2,10,2pl,126.94838264199662
16,2,10,Calvin,41153.48560959043
16,2,20,2pl,118078.01452446898
16,2,20,Calvin,49532.551341808554
16,2,30,2pl,1509.3154547982688
16,2,30,Calvin,43899.1999143138
16,2,40,2pl,2290.3587738627352
16,2,40,Calvin,31781.417131879396
16,2,50,2pl,2309.6680396528996
16,2,50,Calvin,39519.43509839102
16,2,60,2pl,11361.427015450588
16,2,60,Calvin,43013.001360702896
16,2,70,2pl,13138.798582194251
16,2,70,Calvin,41850.58726089111
16,2,80,2pl,15136.342649150394
16,2,80,Calvin,40990.42974054411
16,2,90,2pl,20151.98268051392
16,2,90,Calvin,40726.98606882976
16,2,100,2pl,18265.29186061844
16,2,100,Calvin,44616.21565225237
16,4,0,2pl,6349.101528516873
16,4,0,Calvin,286203.04359377094
16,4,10,2pl,22879.62875153111
16,4,10,Calvin,123912.96852560867
16,4,20,2pl,95868.04745513863
16,4,20,Calvin,130522.28347963747
16,4,30,2pl,34636.38188345386
16,4,30,Calvin,46034.92974685624
16,4,40,2pl,55541.48500195884
16,4,40,Calvin,63958.44644478018
16,4,50,2pl,54832.24117732394
16,4,50,Calvin,129273.68661184215
16,4,60,2pl,974.3070190360605
16,4,60,Calvin,70627.01411781604
16,4,70,2pl,877.8383625238772
16,4,70,Calvin,42899.56404353723
16,4,80,2pl,1556.4780389064535
16,4,80,Calvin,65972.85762059443
16,4,90,2pl,1788.143090650169
16,4,90,Calvin,204.90857916260953
16,4,100,2pl,2934.4599367936826
16,4,100,Calvin,99.99196666666667
16,8,0,2pl,22616.998469868293
16,8,0,Calvin,302456.5814018702
16,8,10,2pl,27271.935040779837
16,8,10,Calvin,292684.19697281247
16,8,20,2pl,13135.466823519406
16,8,20,Calvin,149030.363937473
16,8,30,2pl,32516.665959758215
16,8,30,Calvin,266034.1503967223
16,8,40,2pl,305259.2853867644
16,8,40,Calvin,167752.64370114796
16,8,50,2pl,20734.488882267335
16,8,50,Calvin,178003.96284067654
16,8,60,2pl,203404.98216869167
16,8,60,Calvin,216847.1710360908
16,8,70,2pl,14917.032339364225
16,8,70,Calvin,208980.01123100994
16,8,80,2pl,44809.449179358366
16,8,80,Calvin,201922.23249796196
16,8,90,2pl,820.8403411065314
16,8,90,Calvin,183979.15226394698
16,8,100,2pl,2889.9984119897204
16,8,100,Calvin,182811.30995699778
16,16,0,2pl,117846.1356843902
16,16,0,Calvin,306298.2243936526
16,16,10,2pl,14545.585527361693
16,16,10,Calvin,289425.4882600801
16,16,20,2pl,16940.433740441847
16,16,20,Calvin,269753.3156327224
16,16,30,2pl,1906.7789525676928
16,16,30,Calvin,281034.44814229413
16,16,40,2pl,147699.17301865423
16,16,40,Calvin,275929.5944874502
16,16,50,2pl,86028.39064272445
16,16,50,Calvin,260884.34970943004
16,16,60,2pl,1985.8756344048936
16,16,60,Calvin,244744.0816062526
16,16,70,2pl,19717.949771223437
16,16,70,Calvin,232708.10416955827
16,16,80,2pl,78501.16861980382
16,16,80,Calvin,215962.27629907872
16,16,90,2pl,31709.726530432177
16,16,90,Calvin,209621.40749732792
16,16,100,2pl,96715.06742582818
16,16,100,Calvin,164192.3822471155
16,32,0,2pl,31548.712440080835
16,32,0,Calvin,310746.7609440368
16,32,10,2pl,136708.1056341109
16,32,10,Calvin,296052.6058737133
16,32,20,2pl,37755.55423829337
16,32,20,Calvin,287060.76211978705
16,32,30,2pl,77731.94846021573
16,32,30,Calvin,276326.2450323543
16,32,40,2pl,199669814.91562784
16,32,40,Calvin,233993.0539145635
16,32,50,2pl,89526.40021596041
16,32,50,Calvin,252407.1500719993
16,32,60,2pl,265700.8808783141
16,32,60,Calvin,238710.25253830795
16,32,70,2pl,260618.7867017819
16,32,70,Calvin,171001.02772678717
16,32,80,2pl,219851.5493605494
16,32,80,Calvin,227430.36440387383
16,32,90,2pl,99476.51016867415
16,32,90,Calvin,235478.22028376698
16,32,100,2pl,292448.3555733045
16,32,100,Calvin,218932.85304065925
16,64,0,2pl,70557.4240338999
16,64,0,Calvin,306101.0658055184
16,64,10,2pl,598039.9767842442
16,64,10,Calvin,313630.93366484204
16,64,20,2pl,40705.5202003145
16,64,20,Calvin,311317.67748163495
16,64,30,2pl,253045.19521976545
16,64,30,Calvin,187769.68396292327
16,64,40,2pl,47748.381176934105
16,64,40,Calvin,273578.5344363656
16,64,50,2pl,313905.3952905747
16,64,50,Calvin,190990.74283392171
16,64,60,2pl,158829.1072585321
16,64,60,Calvin,243086.21883289827
16,64,70,2pl,799236.9987454917
16,64,70,Calvin,227748.20699008845
16,64,80,2pl,166922.71877077947
16,64,80,Calvin,205922.38301547943
16,64,90,2pl,760202.4459865304
16,64,90,Calvin,202016.4464363047
16,64,100,2pl,101598.13473019726
16,64,100,Calvin,150157.87041862626
16,128,0,2pl,154.10056333333333
16,128,0,Calvin,-3.0
16,128,10,2pl,-3.0
16,128,10,Calvin,22825.02049875
16,128,20,2pl,-2.0
16,128,20,Calvin,-3.0
16,128,30,2pl,155.1497797
16,128,30,Calvin,-3.0
16,128,40,2pl,-2.0
16,128,40,Calvin,-2.0
16,128,50,2pl,20.82218222222222
16,128,50,Calvin,12128.35499
16,128,60,2pl,-3.0
16,128,60,Calvin,4877.963
16,128,70,2pl,18.713326756206758
16,128,70,Calvin,-3.0
16,128,80,2pl,9.722744360902256
16,128,80,Calvin,3172.9559795000005
16,128,90,2pl,2.581818181818182
16,128,90,Calvin,16767.163
16,128,100,2pl,7.145571185412952
16,128,100,Calvin,-3.0
32,1,0,2pl,26188.370409184343
32,1,0,Calvin,397959.90655507334
32,1,10,2pl,477.4093938308861
32,1,10,Calvin,25663.236692354094
32,1,20,2pl,415.23333900650204
32,1,20,Calvin,23840.83558925734
32,1,30,2pl,143.6573329539923
32,1,30,Calvin,42023.14979383693
32,1,40,2pl,13814.44983464663
32,1,40,Calvin,37147.338640522525
32,1,50,2pl,3421.137622632779
32,1,50,Calvin,44736.95388717073
32,1,60,2pl,197140.14556049125
32,1,60,Calvin,36811.34049071628
32,1,70,2pl,10270.20958863397
32,1,70,Calvin,43522.74273086246
32,1,80,2pl,19649.13058329262
32,1,80,Calvin,22545.98060571171
32,1,90,2pl,13495.541237653468
32,1,90,Calvin,23344.13365080485
32,1,100,2pl,28264.83809050977
32,1,100,Calvin,41532.88762427508
32,2,0,2pl,70223.79469558214
32,2,0,Calvin,366990.2739215105
32,2,10,2pl,518.7052014650202
32,2,10,Calvin,79445.90002508427
32,2,20,2pl,2230.7689682588866
32,2,20,Calvin,57441.35635066407
32,2,30,2pl,5636.810862271096
32,2,30,Calvin,100156.24781430095
32,2,40,2pl,4611.604941365887
32,2,40,Calvin,79614.13806109485
32,2,50,2pl,10299.774444994428
32,2,50,Calvin,58432.7642544913
32,2,60,2pl,10920.773779145646
32,2,60,Calvin,100284.91074210669
32,2,70,2pl,14867.302352493796
32,2,70,Calvin,52821.43777756329
32,2,80,2pl,11457.53269965922
32,2,80,Calvin,52364.821399029395
32,2,90,2pl,20182.659925348442
32,2,90,Calvin,71313.77886898846
32,2,100,2pl,8961.987068522272
32,2,100,Calvin,74570.53873894495
32,4,0,2pl,73180.89625219093
32,4,0,Calvin,407681.61527602887
32,4,10,2pl,47032.092485092806
32,4,10,Calvin,112043.29663397426
32,4,20,2pl,16835.106128093565
32,4,20,Calvin,118196.43125962035
32,4,30,2pl,16327.126325552095
32,4,30,Calvin,119639.41127432848
32,4,40,2pl,8589.90036533843
32,4,40,Calvin,93091.00830128592
32,4,50,2pl,8648.602504564717
32,4,50,Calvin,143888.12900843692
32,4,60,2pl,2961.889614874314
32,4,60,Calvin,82167.7212035765
32,4,70,2pl,190402.13044090755
32,4,70,Calvin,23026.858741597738
32,4,80,2pl,9386.814114721565
32,4,80,Calvin,547.3638995712836
32,4,90,2pl,3474.585922538932
32,4,90,Calvin,197.22772386098427
32,4,100,2pl,2616.307243294507
32,4,100,Calvin,154.4315137976915
32,8,0,2pl,85368.05468538478
32,8,0,Calvin,616497.5830516473
32,8,10,2pl,120435.87498020717
32,8,10,Calvin,398092.08260707854
32,8,20,2pl,792.3361365669575
32,8,20,Calvin,222883.92721765712
32,8,30,2pl,171154.84108054382
32,8,30,Calvin,476418.9239027498
32,8,40,2pl,160038.6743646793
32,8,40,Calvin,228394.35990154595
32,8,50,2pl,167843.36394029035
32,8,50,Calvin,299797.3438843646
32,8,60,2pl,4703.335350938827
32,8,60,Calvin,210019.27093738396
32,8,70,2pl,1541.2969749731844
32,8,70,Calvin,283029.54476565175
32,8,80,2pl,3059.070546871209
32,8,80,Calvin,301619.42194005754
32,8,90,2pl,191202.62210908005
32,8,90,Calvin,174466.86459257294
32,8,100,2pl,1193.8492716403055
32,8,100,Calvin,179191.46543632404
32,16,0,2pl,338155.4545238043
32,16,0,Calvin,614310.1744489582
32,16,10,2pl,610577.0862924206
32,16,10,Calvin,616267.6289138346
32,16,20,2pl,172579.39254365093
32,16,20,Calvin,581090.4657672779
32,16,30,2pl,32919.155876510464
32,16,30,Calvin,544709.6372771696
32,16,40,2pl,45418.34853407664
32,16,40,Calvin,416521.0784856635
32,16,50,2pl,18552.65126699748
32,16,50,Calvin,390499.7956061151
32,16,60,2pl,140057.09889213703
32,16,60,Calvin,442832.89815490943
32,16,70,2pl,50370.49944271939
32,16,70,Calvin,404006.3800678104
32,16,80,2pl,22204.782707484414
32,16,80,Calvin,320351.4095856819
32,16,90,2pl,3097.0275882144174
32,16,90,Calvin,339404.1028725216
32,16,100,2pl,3453.9906432892008
32,16,100,Calvin,316669.2321850162
32,32,0,2pl,70298.8902413666
32,32,0,Calvin,626801.5635612388
32,32,10,2pl,143519.21430960819
32,32,10,Calvin,600863.5252695918
32,32,20,2pl,610955.9384583592
32,32,20,Calvin,608619.652368964
32,32,30,2pl,629886.8727782901
32,32,30,Calvin,562171.3261573105
32,32,40,2pl,452519.0821644809
32,32,40,Calvin,538990.7568573095
32,32,50,2pl,265966.1767042664
32,32,50,Calvin,469655.61032142723
32,32,60,2pl,635762.6957667439
32,32,60,Calvin,489836.5643421442
32,32,70,2pl,570842.3734727165
32,32,70,Calvin,321141.46746112435
32,32,80,2pl,51228.731619505656
32,32,80,Calvin,303585.32869738067
32,32,90,2pl,396705.7239424444
32,32,90,Calvin,410513.5304209443
32,32,100,2pl,700673.0975003703
32,32,100,Calvin,387570.74790143996
32,64,0,2pl,38442.80179973538
32,64,0,Calvin,625958.4078598557
32,64,10,2pl,39798.267506738666
32,64,10,Calvin,420902.3471440741
32,64,20,2pl,369131.1085337443
32,64,20,Calvin,559208.5109634581
32,64,30,2pl,290997.54298150266
32,64,30,Calvin,428679.1799771734
32,64,40,2pl,1118248.3819973103
32,64,40,Calvin,488350.26011711505
32,64,50,2pl,682217.9694449938
32,64,50,Calvin,464829.73676596704
32,64,60,2pl,1692887.055086623
32,64,60,Calvin,419035.4321183027
32,64,70,2pl,1157189.1719948386
32,64,70,Calvin,418446.7648371731
32,64,80,2pl,653602.2837687507
32,64,80,Calvin,362503.09994506993
32,64,90,2pl,835676.9168668078
32,64,90,Calvin,373078.48427636916
32,64,100,2pl,952975.2106412648
32,64,100,Calvin,233604.85318545284
32,128,0,2pl,-3.0
32,128,0,Calvin,-3.0
32,128,10,2pl,-3.0
32,128,10,Calvin,-3.0
32,128,20,2pl,-2.0
32,128,20,Calvin,-3.0
32,128,30,2pl,2.382275132275132
32,128,30,Calvin,-3.0
32,128,40,2pl,4.946078431372549
32,128,40,Calvin,-3.0
32,128,50,2pl,1.112781954887218
32,128,50,Calvin,-3.0
32,128,60,2pl,-2.0
32,128,60,Calvin,-3.0
32,128,70,2pl,-2.0
32,128,70,Calvin,-3.0
32,128,80,2pl,4.4523809523809526
32,128,80,Calvin,-3.0
32,128,90,2pl,-3.0
32,128,90,Calvin,-3.0
32,128,100,2pl,-2.0
32,128,100,Calvin,-3.0
