WH,terminal,num_chunk,chunk_size,tp
1,1,1,1024,84.04340486466283
1,1,1,2048,84.42763461954785
1,1,1,4096,82.95447700247205
1,1,1,8192,84.02163475751253
1,1,2,1024,83.90497741476973
1,1,2,2048,84.30973812513808
1,1,2,4096,83.76621671595052
1,1,2,8192,82.69906141644101
1,1,4,1024,85.86034782766218
1,1,4,2048,86.41528435955506
1,1,4,4096,83.60474203562653
1,1,4,8192,82.21651953764912
1,1,8,1024,82.32676990734747
1,1,8,2048,84.04892216053348
1,1,8,4096,81.4156314172299
1,1,8,8192,81.51600691866496
1,2,1,1024,177.92526635261564
1,2,1,2048,176.4476186794836
1,2,1,4096,178.8215557031352
1,2,1,8192,173.87628693773422
1,2,2,1024,180.87032695327002
1,2,2,2048,177.0088522971521
1,2,2,4096,176.77038070721184
1,2,2,8192,179.24321248604153
1,2,4,1024,174.19295489480203
1,2,4,2048,177.20924801660794
1,2,4,4096,174.29361953089654
1,2,4,8192,170.88808119053724
1,2,8,1024,175.59777432112682
1,2,8,2048,175.42688704766906
1,2,8,4096,169.90913256967187
1,2,8,8192,176.5529590550633
1,4,1,1024,337.70385863069083
1,4,1,2048,339.12973071082337
1,4,1,4096,337.3575972292261
1,4,1,8192,334.011795244317
1,4,2,1024,331.10880447685713
1,4,2,2048,337.0865626879015
1,4,2,4096,336.4985161728568
1,4,2,8192,335.535726384617
1,4,4,1024,337.21271130223494
1,4,4,2048,333.0574254433632
1,4,4,4096,331.1632317554059
1,4,4,8192,338.53530813069875
1,4,8,1024,335.86138400063305
1,4,8,2048,335.72664097410944
1,4,8,4096,329.20326541486924
1,4,8,8192,332.563292024934
1,8,1,1024,530.3164408052253
1,8,1,2048,534.4661604338097
1,8,1,4096,528.879772723416
1,8,1,8192,526.9354773298314
1,8,2,1024,516.8910181656336
1,8,2,2048,531.6649764693508
1,8,2,4096,528.6418191844433
1,8,2,8192,524.7098859131212
1,8,4,1024,535.1102314777567
1,8,4,2048,541.3163088128655
1,8,4,4096,538.3251184781835
1,8,4,8192,538.3838919262681
1,8,8,1024,522.5511094973803
1,8,8,2048,529.3728338425649
1,8,8,4096,519.4617582207586
1,8,8,8192,520.9535935946575
1,16,1,1024,403.16615999501056
1,16,1,2048,401.9740183342512
1,16,1,4096,404.1531075188612
1,16,1,8192,392.6293489972174
1,16,2,1024,409.85699311162836
1,16,2,2048,409.44120573943775
1,16,2,4096,398.4352003229706
1,16,2,8192,405.1805176899874
1,16,4,1024,401.176369682239
1,16,4,2048,396.0145628701933
1,16,4,4096,402.730975033164
1,16,4,8192,410.2741363213027
1,16,8,1024,400.4510444628447
1,16,8,2048,386.69502487046026
1,16,8,4096,389.69209957989034
1,16,8,8192,403.27114394523227
1,32,1,1024,374.95175149155995
1,32,1,2048,367.205892008458
1,32,1,4096,375.55645542807446
1,32,1,8192,372.7636241017571
1,32,2,1024,378.04100432764056
1,32,2,2048,375.04652552099515
1,32,2,4096,377.20046351574064
1,32,2,8192,369.15342729157874
1,32,4,1024,369.8556560267429
1,32,4,2048,371.33154945316255
1,32,4,4096,373.80554586778845
1,32,4,8192,375.7749477499131
1,32,8,1024,382.0056841794753
1,32,8,2048,378.07897118318533
1,32,8,4096,369.1798412166789
1,32,8,8192,369.50482411295206
1,64,1,1024,347.4807591857446
1,64,1,2048,345.7144529790003
1,64,1,4096,350.3643062251215
1,64,1,8192,347.33540027821664
1,64,2,1024,353.7904700353295
1,64,2,2048,347.0677876728814
1,64,2,4096,347.89667531442075
1,64,2,8192,345.789250028333
1,64,4,1024,346.826579024369
1,64,4,2048,348.89215714411665
1,64,4,4096,346.92409920551836
1,64,4,8192,342.54582049108785
1,64,8,1024,342.53641489016997
1,64,8,2048,343.8084190852706
1,64,8,4096,343.77249738746553
1,64,8,8192,347.73558395154083
1,128,1,1024,338.2681396335823
1,128,1,2048,341.09746862186086
1,128,1,4096,341.66140778487744
1,128,1,8192,338.84214972469437
1,128,2,1024,338.7639744045498
1,128,2,2048,334.28641573271597
1,128,2,4096,336.89139662298436
1,128,2,8192,334.9837809091271
1,128,4,1024,337.4795473512606
1,128,4,2048,338.8684970731474
1,128,4,4096,335.9453603669372
1,128,4,8192,334.26450262972384
1,128,8,1024,336.8473466543523
1,128,8,2048,336.5137991427783
1,128,8,4096,335.37421686670496
1,128,8,8192,330.7907083605806
1,256,1,1024,328.0284018371242
1,256,1,2048,333.12602215681994
1,256,1,4096,326.3601537313744
1,256,1,8192,324.55263561359686
1,256,2,1024,328.49671880996164
1,256,2,2048,329.2868499988802
1,256,2,4096,329.2749460002829
1,256,2,8192,323.8299430359186
1,256,4,1024,327.2635804708988
1,256,4,2048,329.247907053337
1,256,4,4096,332.4530006475159
1,256,4,8192,327.79225394584677
1,256,8,1024,329.2956282036214
1,256,8,2048,330.4313650732061
1,256,8,4096,319.2315396883583
1,256,8,8192,321.7261130436845
1,512,1,1024,305.1923081692549
1,512,1,2048,293.23773461254
1,512,1,4096,304.55951779575406
1,512,1,8192,311.18008749172697
1,512,2,1024,299.45768500151985
1,512,2,2048,317.4908695647765
1,512,2,4096,297.0533751751659
1,512,2,8192,314.8310982582838
1,512,4,1024,304.53060368222265
1,512,4,2048,304.13019878231216
1,512,4,4096,299.29789000193904
1,512,4,8192,292.6417916367301
1,512,8,1024,300.2411670435449
1,512,8,2048,312.7303379014839
1,512,8,4096,297.5980102432527
1,512,8,8192,295.99159156079935
2,1,1,1024,86.58223968669931
2,1,1,2048,84.02153845349676
2,1,1,4096,83.94902340895023
2,1,1,8192,83.11570696021056
2,1,2,1024,83.99936143638338
2,1,2,2048,86.37746700941517
2,1,2,4096,84.59910997310647
2,1,2,8192,84.58841783716285
2,1,4,1024,86.18279926420081
2,1,4,2048,82.23245371384711
2,1,4,4096,84.96006134039962
2,1,4,8192,81.42737742086814
2,1,8,1024,81.63286292706665
2,1,8,2048,83.97134845021938
2,1,8,4096,80.96012930249488
2,1,8,8192,81.08828563136319
2,2,1,1024,173.19384639090345
2,2,1,2048,170.02696798401067
2,2,1,4096,170.79268713062638
2,2,1,8192,172.03708822437065
2,2,2,1024,173.69289677227414
2,2,2,2048,173.36512012595574
2,2,2,4096,170.69264917584277
2,2,2,8192,173.41565344785343
2,2,4,1024,174.37661123001075
2,2,4,2048,175.24886643553324
2,2,4,4096,173.08185131402976
2,2,4,8192,171.04219668178277
2,2,8,1024,173.6417806469677
2,2,8,2048,173.98686173569308
2,2,8,4096,171.78092720405584
2,2,8,8192,170.6868218116597
2,4,1,1024,353.6124674578653
2,4,1,2048,357.2812269050216
2,4,1,4096,354.7087858550689
2,4,1,8192,352.24678571039505
2,4,2,1024,350.12994473842144
2,4,2,2048,355.7011758146114
2,4,2,4096,347.5354095455059
2,4,2,8192,348.6291790902187
2,4,4,1024,352.612275983191
2,4,4,2048,355.1229597046411
2,4,4,4096,352.6569920285012
2,4,4,8192,345.38585275135546
2,4,8,1024,353.52422791953904
2,4,8,2048,349.5127873182589
2,4,8,4096,348.1836985422378
2,4,8,8192,347.42289092634496
2,8,1,1024,718.1011534700251
2,8,1,2048,731.9275085137037
2,8,1,4096,701.5792541807614
2,8,1,8192,711.2491057336637
2,8,2,1024,702.9153787516958
2,8,2,2048,709.4911621613501
2,8,2,4096,731.7250573349796
2,8,2,8192,696.4030901218839
2,8,4,1024,723.8289919141561
2,8,4,2048,715.130141737744
2,8,4,4096,707.7279686113401
2,8,4,8192,727.3017583934156
2,8,8,1024,714.0337112018569
2,8,8,2048,709.7471150864427
2,8,8,4096,704.4345051319054
2,8,8,8192,698.7570690734698
2,16,1,1024,1257.6338268176632
2,16,1,2048,1260.2006090922644
2,16,1,4096,1226.9336742463006
2,16,1,8192,1243.8193862168744
2,16,2,1024,1211.724919530044
2,16,2,2048,1226.7554916731049
2,16,2,4096,1234.633897512101
2,16,2,8192,1238.33852781744
2,16,4,1024,1232.8640815686997
2,16,4,2048,1263.6649209292696
2,16,4,4096,1242.9173261788126
2,16,4,8192,1193.723466358986
2,16,8,1024,1231.2173286063185
2,16,8,2048,1201.778739440548
2,16,8,4096,1258.4911324248365
2,16,8,8192,1184.0135161468816
2,32,1,1024,896.3060754234939
2,32,1,2048,894.0624806642599
2,32,1,4096,945.1710895643678
2,32,1,8192,886.2228978102121
2,32,2,1024,885.6073884619509
2,32,2,2048,889.4043933636125
2,32,2,4096,919.0564402848062
2,32,2,8192,926.733396275709
2,32,4,1024,940.2707857543893
2,32,4,2048,888.931679045737
2,32,4,4096,891.0194207356008
2,32,4,8192,934.4510592862993
2,32,8,1024,921.6199258172252
2,32,8,2048,901.0640703395893
2,32,8,4096,908.7601269238181
2,32,8,8192,920.4081324048935
2,64,1,1024,811.5376861122287
2,64,1,2048,811.4831195287015
2,64,1,4096,808.3076287884346
2,64,1,8192,814.1246667358772
2,64,2,1024,811.9246632554806
2,64,2,2048,815.8908742433023
2,64,2,4096,809.1225288005654
2,64,2,8192,809.8523166970391
2,64,4,1024,811.759545135068
2,64,4,2048,814.5035995260491
2,64,4,4096,805.8446517402945
2,64,4,8192,798.6224908542526
2,64,8,1024,811.9251759478917
2,64,8,2048,812.7570558867378
2,64,8,4096,805.4594765344272
2,64,8,8192,801.7098392126617
2,128,1,1024,755.7374304172118
2,128,1,2048,756.9273932715761
2,128,1,4096,761.7156675853067
2,128,1,8192,760.1966238452536
2,128,2,1024,764.5139367190059
2,128,2,2048,764.1237978922094
2,128,2,4096,754.2364319036348
2,128,2,8192,767.5840211915796
2,128,4,1024,760.647382232034
2,128,4,2048,763.2427459631826
2,128,4,4096,760.6073741514487
2,128,4,8192,755.38683722307
2,128,8,1024,767.6795447716432
2,128,8,2048,760.6065538995316
2,128,8,4096,761.4851540411167
2,128,8,8192,756.8088390569386
2,256,1,1024,742.3240812990349
2,256,1,2048,746.6734730585731
2,256,1,4096,739.9609456980237
2,256,1,8192,744.7267415066231
2,256,2,1024,749.8446433412196
2,256,2,2048,739.2608116810562
2,256,2,4096,743.5159246065996
2,256,2,8192,746.3574012336918
2,256,4,1024,749.6768275824885
2,256,4,2048,747.4038005141829
2,256,4,4096,742.3455702242269
2,256,4,8192,742.834224856021
2,256,8,1024,740.1244898695198
2,256,8,2048,745.2180827516692
2,256,8,4096,741.7871911397824
2,256,8,8192,726.0840439885169
2,512,1,1024,709.2070429440652
2,512,1,2048,697.3902662813639
2,512,1,4096,698.0859586034011
2,512,1,8192,704.1522510006722
2,512,2,1024,705.6765924908881
2,512,2,2048,702.9157517403764
2,512,2,4096,717.8444911411425
2,512,2,8192,706.4155728818951
2,512,4,1024,707.9759911486826
2,512,4,2048,714.8417511051742
2,512,4,4096,717.3124076383275
2,512,4,8192,692.2256567511267
2,512,8,1024,683.7617311753587
2,512,8,2048,697.3738676810136
2,512,8,4096,699.0941377122164
2,512,8,8192,694.6036114066501
4,1,1,1024,87.6827438247517
4,1,1,2048,83.21626270805983
4,1,1,4096,84.06031262399183
4,1,1,8192,83.93799297991423
4,1,2,1024,83.4331442705207
4,1,2,2048,84.40464803102411
4,1,2,4096,83.48807156128325
4,1,2,8192,84.89378749561756
4,1,4,1024,84.6211150202649
4,1,4,2048,84.05476257762938
4,1,4,4096,83.13803051343774
4,1,4,8192,84.47651212252396
4,1,8,1024,83.02102595670989
4,1,8,2048,83.78256266629928
4,1,8,4096,83.74354570683425
4,1,8,8192,82.87116581367685
4,2,1,1024,172.51021775675727
4,2,1,2048,172.89370679088498
4,2,1,4096,173.9038018715638
4,2,1,8192,171.67063561181237
4,2,2,1024,172.42598123754485
4,2,2,2048,171.4603183580742
4,2,2,4096,175.0707215158235
4,2,2,8192,177.29941619575482
4,2,4,1024,172.1036772970017
4,2,4,2048,172.89327280025
4,2,4,4096,169.98834918192208
4,2,4,8192,169.93140473330308
4,2,8,1024,170.509798703642
4,2,8,2048,176.98634948483198
4,2,8,4096,174.181232480105
4,2,8,8192,168.08694366575287
4,4,1,1024,335.9643623892043
4,4,1,2048,336.12979173423463
4,4,1,4096,344.8250425400661
4,4,1,8192,349.44652792465604
4,4,2,1024,346.48141349155986
4,4,2,2048,342.5081151824308
4,4,2,4096,338.1199780041673
4,4,2,8192,345.9869826532652
4,4,4,1024,340.54308221862345
4,4,4,2048,345.2698680158696
4,4,4,4096,341.50771292296105
4,4,4,8192,333.95180815846885
4,4,8,1024,351.5465814725478
4,4,8,2048,342.21835055427164
4,4,8,4096,336.7186448045598
4,4,8,8192,344.470467280234
4,8,1,1024,768.31180971572
4,8,1,2048,744.418463993277
4,8,1,4096,744.0461632485818
4,8,1,8192,759.2834563419316
4,8,2,1024,787.4309225706702
4,8,2,2048,749.7539384128389
4,8,2,4096,758.9741000230956
4,8,2,8192,758.0240430608709
4,8,4,1024,740.2373286081569
4,8,4,2048,766.5680636594321
4,8,4,4096,764.1318490382013
4,8,4,8192,747.5051531832228
4,8,8,1024,759.3972624934486
4,8,8,2048,755.4683025081631
4,8,8,4096,765.8489897807295
4,8,8,8192,743.45356892598
4,16,1,1024,1672.887275703146
4,16,1,2048,1667.613677149697
4,16,1,4096,1650.5952016649499
4,16,1,8192,1702.6320355361368
4,16,2,1024,1701.7195555643375
4,16,2,2048,1697.102887696107
4,16,2,4096,1655.218748202503
4,16,2,8192,1673.4348296026317
4,16,4,1024,1688.0567068159473
4,16,4,2048,1672.0406698161776
4,16,4,4096,1674.903964307012
4,16,4,8192,1639.535130292238
4,16,8,1024,1656.3936920596323
4,16,8,2048,1672.61715000168
4,16,8,4096,1699.46935913517
4,16,8,8192,1653.7177314388503
4,32,1,1024,2769.393214063932
4,32,1,2048,2810.7657952059185
4,32,1,4096,2848.5444246253137
4,32,1,8192,2732.854718042398
4,32,2,1024,2744.659162942629
4,32,2,2048,2771.9308785270405
4,32,2,4096,2773.762635645276
4,32,2,8192,2740.210798282929
4,32,4,1024,2809.895329907831
4,32,4,2048,2782.1428044263835
4,32,4,4096,2777.4538652642495
4,32,4,8192,2767.6927001600798
4,32,8,1024,2770.7774607805845
4,32,8,2048,2797.3136968721315
4,32,8,4096,2732.7350396163615
4,32,8,8192,2742.2278244123277
4,64,1,1024,2124.569250551873
4,64,1,2048,2131.056461210908
4,64,1,4096,2130.978121505738
4,64,1,8192,2116.3210569976195
4,64,2,1024,2108.6489711495183
4,64,2,2048,2125.2841947302772
4,64,2,4096,2113.822073235921
4,64,2,8192,2106.6087622461764
4,64,4,1024,2114.6268848916775
4,64,4,2048,2117.7136684018838
4,64,4,4096,2104.731651404189
4,64,4,8192,2093.847946858783
4,64,8,1024,2121.7965020382603
4,64,8,2048,2124.1770075815807
4,64,8,4096,2093.9507755933305
4,64,8,8192,2094.449138873391
4,128,1,1024,1936.7374559145003
4,128,1,2048,1930.7148625922082
4,128,1,4096,1927.0627696862382
4,128,1,8192,1920.642636160309
4,128,2,1024,1912.2251208187402
4,128,2,2048,1910.4784934642166
4,128,2,4096,1915.6082189907545
4,128,2,8192,1908.7822361356884
4,128,4,1024,1902.3410823311904
4,128,4,2048,1909.252389555717
4,128,4,4096,1924.2064109613718
4,128,4,8192,1884.728864059891
4,128,8,1024,1907.542877474687
4,128,8,2048,1893.6778391950559
4,128,8,4096,1883.5695102089037
4,128,8,8192,1878.0147285462192
4,256,1,1024,1828.5765265430316
4,256,1,2048,1807.224512999431
4,256,1,4096,1819.5108971021118
4,256,1,8192,1805.2959425012768
4,256,2,1024,1799.4629618353429
4,256,2,2048,1808.9268437598002
4,256,2,4096,1809.3767052898359
4,256,2,8192,1807.9043930322941
4,256,4,1024,1804.5366047566647
4,256,4,2048,1823.9452726873662
4,256,4,4096,1808.7151572975188
4,256,4,8192,1790.9143021970583
4,256,8,1024,1817.223719868309
4,256,8,2048,1786.0198345401075
4,256,8,4096,1808.4462383103648
4,256,8,8192,1782.8250975108924
4,512,1,1024,1746.2867509448245
4,512,1,2048,1740.8815567848476
4,512,1,4096,1725.059528848136
4,512,1,8192,1714.1697363984767
4,512,2,1024,1728.235317250018
4,512,2,2048,1735.495906186666
4,512,2,4096,1726.206702471001
4,512,2,8192,1704.7116923395204
4,512,4,1024,1714.2026052036044
4,512,4,2048,1712.325578345855
4,512,4,4096,1699.6358319116334
4,512,4,8192,1724.9970814764317
4,512,8,1024,1730.3486322966685
4,512,8,2048,1732.8434874485185
4,512,8,4096,1728.203566758619
4,512,8,8192,1718.9329850506235
8,1,1,1024,80.48282513855303
8,1,1,2048,83.29373089748582
8,1,1,4096,83.73798915430375
8,1,1,8192,82.32670797341113
8,1,2,1024,83.10447981542829
8,1,2,2048,82.49404179245523
8,1,2,4096,81.47118832165395
8,1,2,8192,83.07123875457727
8,1,4,1024,85.06058647705665
8,1,4,2048,84.83253781756012
8,1,4,4096,81.82122744879258
8,1,4,8192,82.2883817706914
8,1,8,1024,82.44989776667457
8,1,8,2048,83.46074170317769
8,1,8,4096,83.51034198063999
8,1,8,8192,82.28250246072021
8,2,1,1024,166.56007811654464
8,2,1,2048,169.35953542698152
8,2,1,4096,168.37578885867933
8,2,1,8192,166.1316121011746
8,2,2,1024,170.00391212501617
8,2,2,2048,173.16033660356183
8,2,2,4096,171.2760303952576
8,2,2,8192,169.5087020267914
8,2,4,1024,169.83153436617135
8,2,4,2048,170.40954222998263
8,2,4,4096,169.28738006120025
8,2,4,8192,168.4430483401903
8,2,8,1024,170.43751245724957
8,2,8,2048,171.92091696821728
8,2,8,4096,168.58730774040558
8,2,8,8192,170.41961078696923
8,4,1,1024,343.9729520181013
8,4,1,2048,335.0514565715563
8,4,1,4096,344.63974593598596
8,4,1,8192,332.25905927150507
8,4,2,1024,343.0623944100609
8,4,2,2048,337.0017628499606
8,4,2,4096,341.9313564977044
8,4,2,8192,344.32573303346385
8,4,4,1024,347.37489928166883
8,4,4,2048,332.37363083564344
8,4,4,4096,337.2461289671148
8,4,4,8192,345.0417434148778
8,4,8,1024,334.3525620366146
8,4,8,2048,345.6633047727151
8,4,8,4096,342.38444106648586
8,4,8,8192,332.64872233916435
8,8,1,1024,733.212126802871
8,8,1,2048,754.0097758124297
8,8,1,4096,770.3936070184021
8,8,1,8192,758.7919053378556
8,8,2,1024,763.6540910239473
8,8,2,2048,759.9892307598608
8,8,2,4096,756.4270278085977
8,8,2,8192,726.7316950343526
8,8,4,1024,760.1108920166397
8,8,4,2048,757.2950241057698
8,8,4,4096,745.5099030781939
8,8,4,8192,740.9694304063952
8,8,8,1024,756.5588673092321
8,8,8,2048,741.2551650433801
8,8,8,4096,739.9163175197297
8,8,8,8192,751.4157776993652
8,16,1,1024,1717.453849351339
8,16,1,2048,1766.5935625662944
8,16,1,4096,1710.1149995205822
8,16,1,8192,1758.7070393766335
8,16,2,1024,1735.6160004877518
8,16,2,2048,1741.9359117168724
8,16,2,4096,1740.4658554360303
8,16,2,8192,1761.433131904665
8,16,4,1024,1742.1634506174323
8,16,4,2048,1736.9837207601931
8,16,4,4096,1723.1570078937473
8,16,4,8192,1781.2544152350795
8,16,8,1024,1768.8348169556937
8,16,8,2048,1743.014342556874
8,16,8,4096,1722.307006797355
8,16,8,8192,1769.0735198613586
8,32,1,1024,3220.9427709883457
8,32,1,2048,3229.260797102237
8,32,1,4096,3244.260117685905
8,32,1,8192,3214.4662435802024
8,32,2,1024,3286.6746965265465
8,32,2,2048,3300.064265063371
8,32,2,4096,3285.3780595058997
8,32,2,8192,3280.724238648884
8,32,4,1024,3260.1750351285423
8,32,4,2048,3282.326857529546
8,32,4,4096,3300.186356454807
8,32,4,8192,3277.639316243641
8,32,8,1024,3314.8030046818135
8,32,8,2048,3292.152479710083
8,32,8,4096,3294.360030418155
8,32,8,8192,3254.9229297485194
8,64,1,1024,4001.5881112310403
8,64,1,2048,3952.5467179964503
8,64,1,4096,3951.1045501465546
8,64,1,8192,3955.5911819984044
8,64,2,1024,4121.100207477329
8,64,2,2048,4054.317025651959
8,64,2,4096,4081.919737786644
8,64,2,8192,4113.622065122793
8,64,4,1024,4135.29349812688
8,64,4,2048,4154.557118687973
8,64,4,4096,4156.443406320724
8,64,4,8192,4084.801812620333
8,64,8,1024,4132.504573667168
8,64,8,2048,4144.987424543708
8,64,8,4096,4103.335111219091
8,64,8,8192,4123.260060492078
8,128,1,1024,3637.440385728088
8,128,1,2048,3636.4280343584373
8,128,1,4096,3653.250385121514
8,128,1,8192,3646.275164662125
8,128,2,1024,3723.37515025886
8,128,2,2048,3728.0850374687675
8,128,2,4096,3719.2109061137635
8,128,2,8192,3696.8774634961605
8,128,4,1024,3772.9106679322435
8,128,4,2048,3771.3052082423496
8,128,4,4096,3776.7320909123123
8,128,4,8192,3753.2208727891775
8,128,8,1024,3748.0176756573132
8,128,8,2048,3745.13665386462
8,128,8,4096,3719.523393423286
8,128,8,8192,3725.0693859874414
8,256,1,1024,3510.0907023096297
8,256,1,2048,3526.884129966384
8,256,1,4096,3504.7766116771086
8,256,1,8192,3506.5476098184117
8,256,2,1024,3582.643778475059
8,256,2,2048,3514.807740849343
8,256,2,4096,3579.1297335278523
8,256,2,8192,3582.8118389651804
8,256,4,1024,3615.832388506156
8,256,4,2048,3581.444325868797
8,256,4,4096,3580.978006113785
8,256,4,8192,3583.3275205192044
8,256,8,1024,3558.7914562795086
8,256,8,2048,3582.576662563939
8,256,8,4096,3577.866748715778
8,256,8,8192,3544.8582957951003
8,512,1,1024,3417.0661748168145
8,512,1,2048,3389.4461164640365
8,512,1,4096,3393.3386642385162
8,512,1,8192,3379.8606435068837
8,512,2,1024,3461.0237297062235
8,512,2,2048,3468.5048304013812
8,512,2,4096,3453.7765458354606
8,512,2,8192,3456.830636414847
8,512,4,1024,3501.566857036434
8,512,4,2048,3512.673280728821
8,512,4,4096,3503.9606535237367
8,512,4,8192,3470.7291057298166
8,512,8,1024,3492.0390491673056
8,512,8,2048,3451.759657001477
8,512,8,4096,3424.232307247517
8,512,8,8192,3474.1485392769323
16,1,1,1024,80.93786912746982
16,1,1,2048,82.19963573637057
16,1,1,4096,77.86618444071767
16,1,1,8192,81.14388147379724
16,1,2,1024,82.19320066236729
16,1,2,2048,82.19364527384612
16,1,2,4096,80.77129000003141
16,1,2,8192,83.02695671728299
16,1,4,1024,81.20994543119112
16,1,4,2048,81.26550345376371
16,1,4,4096,81.83864631487093
16,1,4,8192,81.53274380218384
16,1,8,1024,81.28302985746517
16,1,8,2048,79.7268567485337
16,1,8,4096,81.42155117576316
16,1,8,8192,82.49947398249378
16,2,1,1024,165.01508655834664
16,2,1,2048,168.64883014534314
16,2,1,4096,167.75933335635946
16,2,1,8192,168.08814431446459
16,2,2,1024,177.7927257547316
16,2,2,2048,169.62040178618494
16,2,2,4096,173.75455646830122
16,2,2,8192,171.24865755440396
16,2,4,1024,172.1372512226777
16,2,4,2048,171.89388405551983
16,2,4,4096,171.2655150849877
16,2,4,8192,172.89841349682936
16,2,8,1024,165.78150813635793
16,2,8,2048,167.72077784908
16,2,8,4096,173.57023593881823
16,2,8,8192,171.06473984525277
16,4,1,1024,339.591042329996
16,4,1,2048,335.47927041731907
16,4,1,4096,332.5814460161721
16,4,1,8192,335.8201834024447
16,4,2,1024,335.6272067009237
16,4,2,2048,329.66765608172994
16,4,2,4096,338.29727049452435
16,4,2,8192,332.7295539313192
16,4,4,1024,338.47566414227214
16,4,4,2048,340.49282669582044
16,4,4,4096,338.4200848277304
16,4,4,8192,341.2807063769588
16,4,8,1024,341.06841583135025
16,4,8,2048,338.8362041346316
16,4,8,4096,340.8463037459815
16,4,8,8192,340.70401777437837
16,8,1,1024,744.1118633385812
16,8,1,2048,744.5958654054892
16,8,1,4096,724.0827340997156
16,8,1,8192,748.5264280568763
16,8,2,1024,733.4575865864376
16,8,2,2048,736.1253669125103
16,8,2,4096,735.4004615759786
16,8,2,8192,736.0393696727201
16,8,4,1024,749.3345044329523
16,8,4,2048,760.5142182130097
16,8,4,4096,750.7543687815499
16,8,4,8192,732.2351326513649
16,8,8,1024,740.1694147801712
16,8,8,2048,738.7085394551605
16,8,8,4096,754.4911599857272
16,8,8,8192,736.1317475904043
16,16,1,1024,1645.7355124209635
16,16,1,2048,1666.1553359554339
16,16,1,4096,1664.980935261082
16,16,1,8192,1688.138655029371
16,16,2,1024,1712.4208905084572
16,16,2,2048,1697.4156679327982
16,16,2,4096,1710.1851988074957
16,16,2,8192,1703.50550053244
16,16,4,1024,1706.2337082592414
16,16,4,2048,1730.8971999158223
16,16,4,4096,1758.5273352787306
16,16,4,8192,1669.9086506299575
16,16,8,1024,1695.3670135470222
16,16,8,2048,1708.4069489537771
16,16,8,4096,1691.0327559024834
16,16,8,8192,1715.295578885656
16,32,1,1024,3008.3387293091314
16,32,1,2048,2943.158740133947
16,32,1,4096,2975.2261658584034
16,32,1,8192,2978.0220264575787
16,32,2,1024,3169.3025178817866
16,32,2,2048,3147.985491093121
16,32,2,4096,3146.228488654653
16,32,2,8192,3183.1606928011165
16,32,4,1024,3257.2692707219835
16,32,4,2048,3198.988311537562
16,32,4,4096,3204.7399807946636
16,32,4,8192,3204.6413464436787
16,32,8,1024,3242.4410622879736
16,32,8,2048,3252.2863808928946
16,32,8,4096,3209.3721734771498
16,32,8,8192,3177.1440567025766
16,64,1,1024,3951.7519027878775
16,64,1,2048,3914.84001492897
16,64,1,4096,3830.014112788813
16,64,1,8192,3910.314517598664
16,64,2,1024,4129.030109671897
16,64,2,2048,4174.6009672964665
16,64,2,4096,4127.819963963092
16,64,2,8192,4148.8005800925675
16,64,4,1024,4237.2837882138765
16,64,4,2048,4254.263181002837
16,64,4,4096,4176.582211530423
16,64,4,8192,4228.308747677674
16,64,8,1024,4288.723868249989
16,64,8,2048,4260.418496683824
16,64,8,4096,4252.960438808547
16,64,8,8192,4205.106609690999
16,128,1,1024,4747.503713720912
16,128,1,2048,4664.681433465004
16,128,1,4096,4718.796706096055
16,128,1,8192,4704.677761309875
16,128,2,1024,5152.429845049518
16,128,2,2048,5228.798333052699
16,128,2,4096,5093.476054123347
16,128,2,8192,5086.831217551938
16,128,4,1024,5353.8160218931325
16,128,4,2048,5347.036644762303
16,128,4,4096,5411.736363707838
16,128,4,8192,5395.641665435752
16,128,8,1024,5346.11473378643
16,128,8,2048,5398.9205548559485
16,128,8,4096,5435.682970040903
16,128,8,8192,5309.552917528409
16,256,1,1024,4452.69482502357
16,256,1,2048,4296.346311839782
16,256,1,4096,4392.32781388539
16,256,1,8192,4382.164932947004
16,256,2,1024,4597.592844788617
16,256,2,2048,4642.003511651792
16,256,2,4096,4668.920500336241
16,256,2,8192,4598.733750076623
16,256,4,1024,4769.141999510893
16,256,4,2048,4818.208052348114
16,256,4,4096,4859.898999264019
16,256,4,8192,4766.4872639658315
16,256,8,1024,4780.558170161545
16,256,8,2048,4775.930806633151
16,256,8,4096,4801.429909610003
16,256,8,8192,4750.740053141348
16,512,1,1024,4186.945485626623
16,512,1,2048,4179.220320088085
16,512,1,4096,4147.574518516888
16,512,1,8192,4164.992611190337
16,512,2,1024,4394.596676218818
16,512,2,2048,4396.020002904764
16,512,2,4096,4357.700254663625
16,512,2,8192,4315.350836533199
16,512,4,1024,4531.252397883572
16,512,4,2048,4525.227688725259
16,512,4,4096,4580.080160753337
16,512,4,8192,4443.493396778369
16,512,8,1024,4488.722144051234
16,512,8,2048,4508.610361601604
16,512,8,4096,4483.150937336713
16,512,8,8192,4505.047614184726
32,1,1,1024,82.33272610926802
32,1,1,2048,80.51568795183358
32,1,1,4096,78.84938973809922
32,1,1,8192,79.64429150710559
32,1,2,1024,80.39368813338329
32,1,2,2048,81.31585930353192
32,1,2,4096,80.4544816682166
32,1,2,8192,79.43858076023561
32,1,4,1024,80.40995045452173
32,1,4,2048,82.1551289603723
32,1,4,4096,82.8548835436131
32,1,4,8192,79.49933690591176
32,1,8,1024,80.64390444102985
32,1,8,2048,82.81070249822416
32,1,8,4096,80.12088807868115
32,1,8,8192,81.14386156157578
32,2,1,1024,165.0092743374452
32,2,1,2048,164.4040087267683
32,2,1,4096,173.14805478015663
32,2,1,8192,169.25481688211858
32,2,2,1024,166.9765877137353
32,2,2,2048,172.0933608648505
32,2,2,4096,165.82633896594544
32,2,2,8192,165.92548234507277
32,2,4,1024,172.14828417420836
32,2,4,2048,164.94818278157558
32,2,4,4096,168.17162130099712
32,2,4,8192,168.38673301226322
32,2,8,1024,172.68715721064632
32,2,8,2048,166.35432435649855
32,2,8,4096,167.56504281234996
32,2,8,8192,172.34337367604803
32,4,1,1024,329.7540740076137
32,4,1,2048,337.09863534778833
32,4,1,4096,332.89172585455657
32,4,1,8192,325.9201539735318
32,4,2,1024,332.56237764610836
32,4,2,2048,339.32079974536754
32,4,2,4096,332.32684147301546
32,4,2,8192,334.6574849871876
32,4,4,1024,345.46803176486173
32,4,4,2048,338.3573902279017
32,4,4,4096,331.23161865473696
32,4,4,8192,338.28522792897206
32,4,8,1024,338.0969131892139
32,4,8,2048,329.12923349316617
32,4,8,4096,334.1297668141946
32,4,8,8192,338.44167841377583
32,8,1,1024,725.0709001671548
32,8,1,2048,722.6791001106121
32,8,1,4096,718.7262263841548
32,8,1,8192,729.8474424928391
32,8,2,1024,726.0401631087216
32,8,2,2048,721.9629993333665
32,8,2,4096,741.5997408895163
32,8,2,8192,718.5997894186893
32,8,4,1024,734.0480178521061
32,8,4,2048,731.4752361039567
32,8,4,4096,738.4954716526287
32,8,4,8192,734.3882076724809
32,8,8,1024,753.5464164489886
32,8,8,2048,747.4986511061669
32,8,8,4096,721.6708948020643
32,8,8,8192,722.222818130388
32,16,1,1024,1584.3991189289427
32,16,1,2048,1661.0370393810451
32,16,1,4096,1647.2087937935387
32,16,1,8192,1632.1226195691631
32,16,2,1024,1680.8133452017626
32,16,2,2048,1705.1610212685234
32,16,2,4096,1658.0661372980176
32,16,2,8192,1664.2518053844476
32,16,4,1024,1684.5718421892225
32,16,4,2048,1693.1362615145051
32,16,4,4096,1665.3871686495688
32,16,4,8192,1716.9094920538398
32,16,8,1024,1694.6587393985922
32,16,8,2048,1662.8441817631494
32,16,8,4096,1711.8428105235635
32,16,8,8192,1671.1855124287433
32,32,1,1024,2754.861151238813
32,32,1,2048,2606.8736120907447
32,32,1,4096,2704.6146619027368
32,32,1,8192,2733.858186583067
32,32,2,1024,2758.788793326803
32,32,2,2048,2902.3455785916353
32,32,2,4096,2916.1470751181773
32,32,2,8192,2885.2715997078285
32,32,4,1024,2999.2847719471647
32,32,4,2048,2978.739916938161
32,32,4,4096,2994.6680583884895
32,32,4,8192,2982.2370337390057
32,32,8,1024,3020.58764235215
32,32,8,2048,2993.883833526835
32,32,8,4096,2994.598661414722
32,32,8,8192,3027.279131863988
32,64,1,1024,3677.3877914623504
32,64,1,2048,3348.791860964564
32,64,1,4096,3689.445772129315
32,64,1,8192,3557.9986103577144
32,64,2,1024,3714.3294839974496
32,64,2,2048,3910.4938844801786
32,64,2,4096,4014.0547952282955
32,64,2,8192,3963.9709790771376
32,64,4,1024,4029.374987424542
32,64,4,2048,4108.64412336878
32,64,4,4096,4123.348367632138
32,64,4,8192,4161.394248648084
32,64,8,1024,4125.1409425903885
32,64,8,2048,4044.2748816090225
32,64,8,4096,4018.7650432950445
32,64,8,8192,4100.724506793478
32,128,1,1024,4788.0651210388405
32,128,1,2048,4464.047904413888
32,128,1,4096,5239.229664109348
32,128,1,8192,5009.402734411157
32,128,2,1024,4936.486935737778
32,128,2,2048,5381.4746560030135
32,128,2,4096,5494.709457340738
32,128,2,8192,5487.56935374888
32,128,4,1024,5424.495596928137
32,128,4,2048,5682.057875624734
32,128,4,4096,5572.291277622699
32,128,4,8192,5569.282527594064
32,128,8,1024,5648.109175776092
32,128,8,2048,5632.449947243093
32,128,8,4096,5686.075583195881
32,128,8,8192,5565.069116700357
32,256,1,1024,4522.608516154127
32,256,1,2048,4970.657013838329
32,256,1,4096,5237.9614645576985
32,256,1,8192,5333.990912072315
32,256,2,1024,5681.8268067827985
32,256,2,2048,5790.357856258362
32,256,2,4096,5985.838034504036
32,256,2,8192,5892.255945780154
32,256,4,1024,6178.697827792229
32,256,4,2048,6253.532560284849
32,256,4,4096,6214.7532726159
32,256,4,8192,6219.905529097996
32,256,8,1024,6290.308678912879
32,256,8,2048,6182.863917743197
32,256,8,4096,6196.000481687115
32,256,8,8192,6108.179306856484
32,512,1,1024,4664.1217458974525
32,512,1,2048,4901.948567125245
32,512,1,4096,4957.2533247207875
32,512,1,8192,4873.969133518417
32,512,2,1024,5132.493577921087
32,512,2,2048,5397.757464760677
32,512,2,4096,5417.715654580895
32,512,2,8192,5238.94471042238
32,512,4,1024,5637.06311365809
32,512,4,2048,5565.117403596327
32,512,4,4096,5588.8051997189295
32,512,4,8192,5548.460008601588
32,512,8,1024,5576.856387068576
32,512,8,2048,5454.616684857324
32,512,8,4096,5519.070463872474
32,512,8,8192,5647.270003261748
64,1,1,1024,77.0767015911838
64,1,1,2048,77.96063858621524
64,1,1,4096,78.86581694108625
64,1,1,8192,79.27128823325559
64,1,2,1024,80.27687159055935
64,1,2,2048,80.48780351305298
64,1,2,4096,80.04429957014634
64,1,2,8192,81.19921477710557
64,1,4,1024,81.05475582324914
64,1,4,2048,80.47177528931377
64,1,4,4096,81.71055481374721
64,1,4,8192,78.56031324054163
64,1,8,1024,80.29350162791148
64,1,8,2048,78.51032411983239
64,1,8,4096,79.57699915775356
64,1,8,8192,81.22702934667076
64,2,1,1024,165.67013018195885
64,2,1,2048,163.3265975129083
64,2,1,4096,163.27088756715852
64,2,1,8192,169.14856103793582
64,2,2,1024,164.34263016813577
64,2,2,2048,168.12616991092702
64,2,2,4096,167.65958231267632
64,2,2,8192,167.5863714073977
64,2,4,1024,161.96010010916177
64,2,4,2048,173.04347035481297
64,2,4,4096,171.1035383523846
64,2,4,8192,169.276473863325
64,2,8,1024,166.46488268501784
64,2,8,2048,166.46486613625444
64,2,8,4096,168.38720296737975
64,2,8,8192,169.07035634306223
64,4,1,1024,321.27485183541233
64,4,1,2048,327.60885978397124
64,4,1,4096,329.038319282637
64,4,1,8192,331.095737736492
64,4,2,1024,323.397989475432
64,4,2,2048,328.59696309644386
64,4,2,4096,331.05278623209665
64,4,2,8192,331.3690731433167
64,4,4,1024,338.3914122191404
64,4,4,2048,333.0136274236469
64,4,4,4096,330.324940233033
64,4,4,8192,340.05696535848074
64,4,8,1024,329.2949915267098
64,4,8,2048,332.70169138247223
64,4,8,4096,335.53047173000607
64,4,8,8192,329.5038108628782
64,8,1,1024,686.7586392055861
64,8,1,2048,696.5712423192153
64,8,1,4096,725.8782799754434
64,8,1,8192,725.4545909808731
64,8,2,1024,718.200762415061
64,8,2,2048,710.9477538245061
64,8,2,4096,713.0789532605739
64,8,2,8192,721.1370714397902
64,8,4,1024,723.8621074544071
64,8,4,2048,719.0671139061366
64,8,4,4096,722.2983336111892
64,8,4,8192,716.8219302051735
64,8,8,1024,732.4078950092953
64,8,8,2048,724.7061928762083
64,8,8,4096,741.1875886619138
64,8,8,8192,713.4610006353897
64,16,1,1024,1550.797266817213
64,16,1,2048,1591.5641678514755
64,16,1,4096,1608.0393636957779
64,16,1,8192,1629.3244027687126
64,16,2,1024,1590.888899118457
64,16,2,2048,1618.6809923299834
64,16,2,4096,1637.39809717484
64,16,2,8192,1640.9934469642078
64,16,4,1024,1638.7573130008695
64,16,4,2048,1663.4678466068951
64,16,4,4096,1660.3167736459493
64,16,4,8192,1655.6169687970416
64,16,8,1024,1652.057221758714
64,16,8,2048,1657.630516667917
64,16,8,4096,1652.979200407808
64,16,8,8192,1655.8939961169945
64,32,1,1024,2734.547348252899
64,32,1,2048,2499.5262827664483
64,32,1,4096,2580.232447971071
64,32,1,8192,2692.486168716642
64,32,2,1024,2642.2398840293426
64,32,2,2048,2767.247510642273
64,32,2,4096,2910.201181359971
64,32,2,8192,2911.0114016396524
64,32,4,1024,2873.2702587570166
64,32,4,2048,2976.9850992797888
64,32,4,4096,3021.486492653512
64,32,4,8192,3007.207660453465
64,32,8,1024,2958.3404748463163
64,32,8,2048,2985.5501310235722
64,32,8,4096,3018.9468305331593
64,32,8,8192,3004.419851127866
64,64,1,1024,3283.62012869616
64,64,1,2048,3568.039023874589
64,64,1,4096,2925.8261251741737
64,64,1,8192,3121.6373507234916
64,64,2,1024,3521.09949322741
64,64,2,2048,3537.2847592442918
64,64,2,4096,3771.6862388732766
64,64,2,8192,3860.1751327844686
64,64,4,1024,3652.168481296205
64,64,4,2048,3921.6931961439163
64,64,4,4096,3844.3442398167936
64,64,4,8192,3931.641636017204
64,64,8,1024,3952.3017669341266
64,64,8,2048,3935.8383768499757
64,64,8,4096,3902.317993795938
64,64,8,8192,3939.975762389258
64,128,1,1024,3651.2618674612277
64,128,1,2048,4571.417567082522
64,128,1,4096,4627.217945060903
64,128,1,8192,4732.069428348424
64,128,2,1024,4704.589151241905
64,128,2,2048,4792.212596570077
64,128,2,4096,5076.0910225097405
64,128,2,8192,5097.361016462516
64,128,4,1024,4887.600339850423
64,128,4,2048,5425.423481726456
64,128,4,4096,5471.288419533214
64,128,4,8192,5399.102153130359
64,128,8,1024,5409.623220942095
64,128,8,2048,5410.276681003859
64,128,8,4096,5551.144213554172
64,128,8,8192,5310.951038094897
64,256,1,1024,3260.464978020593
64,256,1,2048,3938.009738538424
64,256,1,4096,3900.8838475671073
64,256,1,8192,5112.837254461095
64,256,2,1024,4532.890311493255
64,256,2,2048,4962.304146912805
64,256,2,4096,5966.956650119552
64,256,2,8192,5957.260871647501
64,256,4,1024,5110.96633385252
64,256,4,2048,6188.8301737605325
64,256,4,4096,6105.687523209514
64,256,4,8192,6076.844261866297
64,256,8,1024,6148.000494174994
64,256,8,2048,5757.431219874136
64,256,8,4096,6067.620615916249
64,256,8,8192,6066.4935142839795
64,512,1,1024,2948.295164943686
64,512,1,2048,3465.0012452403025
64,512,1,4096,3784.659970919116
64,512,1,8192,4381.902548104225
64,512,2,1024,3971.687300340643
64,512,2,2048,3766.444031136227
64,512,2,4096,5546.628572735825
64,512,2,8192,5758.129249736053
64,512,4,1024,4728.970754639428
64,512,4,2048,5874.694524493413
64,512,4,4096,5402.719392978594
64,512,4,8192,5731.265986075756
64,512,8,1024,5515.485385881283
64,512,8,2048,5988.148286116961
64,512,8,4096,5795.550230248646
64,512,8,8192,5949.818588126021
128,1,1,1024,80.53835226046358
128,1,1,2048,77.60447940857416
128,1,1,4096,80.70476549772549
128,1,1,8192,80.2934523476812
128,1,2,1024,79.28261660688669
128,1,2,2048,79.97143289132158
128,1,2,4096,80.08858785101323
128,1,2,8192,79.04933398523411
128,1,4,1024,79.11621526128643
128,1,4,2048,80.78258908902059
128,1,4,4096,80.37142016133419
128,1,4,8192,79.76595108875445
128,1,8,1024,80.19955033095138
128,1,8,2048,79.03769123005239
128,1,8,4096,81.99925486105055
128,1,8,8192,81.26031451487906
128,2,1,1024,165.37659970105608
128,2,1,2048,164.94966174117334
128,2,1,4096,170.17617842133473
128,2,1,8192,169.18166112646725
128,2,2,1024,161.36425086630285
128,2,2,2048,168.4985269657451
128,2,2,4096,172.0599454629759
128,2,2,8192,167.82030509958304
128,2,4,1024,167.0374647114572
128,2,4,2048,168.7814796328039
128,2,4,4096,167.58201792524093
128,2,4,8192,169.0549361843849
128,2,8,1024,169.2538466402802
128,2,8,2048,169.33722530272237
128,2,8,4096,168.5380110156935
128,2,8,8192,168.4202656750548
128,4,1,1024,320.05905634468087
128,4,1,2048,332.4678993053462
128,4,1,4096,329.7587780866627
128,4,1,8192,333.28580285166436
128,4,2,1024,325.7132794083032
128,4,2,2048,327.43344090492513
128,4,2,4096,328.7178581299743
128,4,2,8192,330.31800331368487
128,4,4,1024,327.76884593285354
128,4,4,2048,331.6138787931751
128,4,4,4096,334.274046780745
128,4,4,8192,333.9041516832592
128,4,8,1024,334.4481328957586
128,4,8,2048,338.6453966655578
128,4,8,4096,329.8360958734948
128,4,8,8192,340.33659413949863
128,8,1,1024,704.300332361121
128,8,1,2048,705.7280040474685
128,8,1,4096,720.1780139540651
128,8,1,8192,714.3634295932939
128,8,2,1024,706.7480763676796
128,8,2,2048,713.8357453159715
128,8,2,4096,747.395116699854
128,8,2,8192,700.2293794809584
128,8,4,1024,717.308147219578
128,8,4,2048,711.4955663672635
128,8,4,4096,725.4926243979493
128,8,4,8192,685.6464606131807
128,8,8,1024,727.0096730390624
128,8,8,2048,738.0257160272205
128,8,8,4096,736.5558254193035
128,8,8,8192,687.8242122603824
128,16,1,1024,1336.4168517654834
128,16,1,2048,1345.1263869287868
128,16,1,4096,1400.2410378366437
128,16,1,8192,1380.8360649071612
128,16,2,1024,1326.2884806692364
128,16,2,2048,1351.598153350498
128,16,2,4096,1388.112597557235
128,16,2,8192,1419.3589327511374
128,16,4,1024,1369.719282424129
128,16,4,2048,1393.789655688275
128,16,4,4096,1423.9289912755994
128,16,4,8192,1395.6721243294903
128,16,8,1024,1391.918047146021
128,16,8,2048,1418.5388587516327
128,16,8,4096,1286.9273616224493
128,16,8,8192,1408.1372270448048
128,32,1,1024,2002.6790741818422
128,32,1,2048,1920.2879699323994
128,32,1,4096,1919.1426787959429
128,32,1,8192,2091.3353784386313
128,32,2,1024,1955.2111972290566
128,32,2,2048,2024.8752673257702
128,32,2,4096,2039.3336868996928
128,32,2,8192,2155.948575871173
128,32,4,1024,2072.1014562097316
128,32,4,2048,2169.9764422272788
128,32,4,4096,2242.76366736555
128,32,4,8192,2249.7440025628757
128,32,8,1024,2177.6619073685674
128,32,8,2048,2071.0879036026977
128,32,8,4096,2032.214859309114
128,32,8,8192,1784.9317442126357
128,64,1,1024,1916.3583032490617
128,64,1,2048,2222.1052112277303
128,64,1,4096,2218.831878379699
128,64,1,8192,2311.7969586887893
128,64,2,1024,2194.055515249422
128,64,2,2048,2318.6828720390963
128,64,2,4096,2475.6389061737077
128,64,2,8192,2620.4831337434784
128,64,4,1024,2470.122807274551
128,64,4,2048,2594.7594037530994
128,64,4,4096,2721.7126529522957
128,64,4,8192,2520.245647498253
128,64,8,1024,2412.2778580973186
128,64,8,2048,2724.8620727474913
128,64,8,4096,2686.770098504135
128,64,8,8192,2679.4380366454
128,128,1,1024,1416.6267709341007
128,128,1,2048,2007.5466520405673
128,128,1,4096,2343.120696286212
128,128,1,8192,2042.312551784987
128,128,2,1024,2327.8222585235476
128,128,2,2048,2067.386156839098
128,128,2,4096,2432.0230852610034
128,128,2,8192,3039.311225054668
128,128,4,1024,2176.775932941675
128,128,4,2048,2756.8152314712083
128,128,4,4096,3039.092965975907
128,128,4,8192,2929.732898533736
128,128,8,1024,2891.208301487974
128,128,8,2048,2966.836755315208
128,128,8,4096,3146.699272492948
128,128,8,8192,2917.0103900187255
128,256,1,1024,1403.1426627347091
128,256,1,2048,1886.0854430632844
128,256,1,4096,1957.4261689777695
128,256,1,8192,1970.064237235567
128,256,2,1024,2521.010564297961
128,256,2,2048,2169.6162382422704
128,256,2,4096,2487.219080626616
128,256,2,8192,3201.9744449982954
128,256,4,1024,2422.6072400688968
128,256,4,2048,2807.0429232637453
128,256,4,4096,3356.8009154954348
128,256,4,8192,3241.1786882976994
128,256,8,1024,2828.0066229236822
128,256,8,2048,3440.419017497296
128,256,8,4096,3310.5419713088118
128,256,8,8192,3416.974912171277
128,512,1,1024,1282.107247896069
128,512,1,2048,1759.641687172054
128,512,1,4096,1900.5041611593097
128,512,1,8192,1788.890529105246
128,512,2,1024,2214.700845012812
128,512,2,2048,2188.929206169658
128,512,2,4096,2251.2846482882046
128,512,2,8192,2471.65425009869
128,512,4,1024,2166.202119674682
128,512,4,2048,2497.995726715506
128,512,4,4096,3051.9162350549063
128,512,4,8192,2925.5332115512538
128,512,8,1024,2575.0517931300305
128,512,8,2048,2909.188963116765
128,512,8,4096,2873.4047421388
128,512,8,8192,3162.9528313315936
256,1,1,1024,75.37188719505524
256,1,1,2048,76.62201538581394
256,1,1,4096,79.35467428634594
256,1,1,8192,80.58789888704216
256,1,2,1024,80.51641552334792
256,1,2,2048,81.83864505480518
256,1,2,4096,81.28228724854263
256,1,2,8192,78.22100335920977
256,1,4,1024,81.04925814217745
256,1,4,2048,80.83790618778198
256,1,4,4096,81.14933218490378
256,1,4,8192,79.88234780093431
256,1,8,1024,81.7272948430068
256,1,8,2048,80.1547278118913
256,1,8,4096,80.79413020213734
256,1,8,8192,79.01609796652136
256,2,1,1024,165.59246122640664
256,2,1,2048,163.03173195149728
256,2,1,4096,167.87053727604487
256,2,1,8192,166.33775913737085
256,2,2,1024,161.09290255839488
256,2,2,2048,165.34902080220297
256,2,2,4096,165.62085690300907
256,2,2,8192,165.0988581399599
256,2,4,1024,165.9659724555234
256,2,4,2048,164.97601861247912
256,2,4,4096,167.24849053122378
256,2,4,8192,165.59357341679427
256,2,8,1024,167.00326564052583
256,2,8,2048,168.64208082977868
256,2,8,4096,166.88754998395967
256,2,8,8192,165.5654203832278
256,4,1,1024,312.41289853836525
256,4,1,2048,320.58084847067505
256,4,1,4096,326.27547524548584
256,4,1,8192,319.4855095954965
256,4,2,1024,326.8344411597854
256,4,2,2048,330.6287283360268
256,4,2,4096,335.63615088315424
256,4,2,8192,323.7743954472165
256,4,4,1024,324.6802222949471
256,4,4,2048,325.6151850300642
256,4,4,4096,334.2961528121905
256,4,4,8192,328.4477756248314
256,4,8,1024,332.4807896205508
256,4,8,2048,330.9139037198144
256,4,8,4096,330.73053773117385
256,4,8,8192,330.05790241281056
256,8,1,1024,703.7349497673081
256,8,1,2048,710.7478384935057
256,8,1,4096,714.0240010952572
256,8,1,8192,690.2001136020499
256,8,2,1024,715.6955437534257
256,8,2,2048,716.7955329553156
256,8,2,4096,708.2727049331756
256,8,2,8192,701.8028882534703
256,8,4,1024,721.9920946742305
256,8,4,2048,733.2057732494887
256,8,4,4096,719.6690574652685
256,8,4,8192,708.0919733234551
256,8,8,1024,729.7454539596497
256,8,8,2048,722.1040951804738
256,8,8,4096,732.0547049838747
256,8,8,8192,702.046606602747
256,16,1,1024,1417.084595010029
256,16,1,2048,1405.1903685098243
256,16,1,4096,1434.816445863796
256,16,1,8192,1564.6905592154956
256,16,2,1024,1419.0226853905122
256,16,2,2048,1442.8427787256815
256,16,2,4096,1482.0392104222885
256,16,2,8192,1597.8623160092993
256,16,4,1024,1492.3834454098658
256,16,4,2048,1499.7684377979128
256,16,4,4096,1481.799133258173
256,16,4,8192,1647.243372634911
256,16,8,1024,1481.435360493864
256,16,8,2048,1542.9676807791675
256,16,8,4096,1525.8827176771802
256,16,8,8192,1635.873838200893
256,32,1,1024,2246.493114719027
256,32,1,2048,2356.6804337145604
256,32,1,4096,2084.094131085391
256,32,1,8192,2405.805187836447
256,32,2,1024,2423.5843804435635
256,32,2,2048,2297.853700596571
256,32,2,4096,2340.1046023196673
256,32,2,8192,2791.4958348059768
256,32,4,1024,2415.458376382199
256,32,4,2048,2436.1393373518717
256,32,4,4096,2516.1362205648707
256,32,4,8192,2970.5182384636337
256,32,8,1024,2316.983510809019
256,32,8,2048,2500.8390908869883
256,32,8,4096,2546.5673758763896
256,32,8,8192,2979.7098470311867
256,64,1,1024,2459.603343653315
256,64,1,2048,2890.737910910557
256,64,1,4096,2575.9142669891867
256,64,1,8192,3026.7458794510335
256,64,2,1024,2928.2759001723443
256,64,2,2048,2842.4705994803594
256,64,2,4096,2813.559999766409
256,64,2,8192,3571.667001147564
256,64,4,1024,2877.992862468474
256,64,4,2048,3000.644058984517
256,64,4,4096,3141.113799181406
256,64,4,8192,3952.236498138864
256,64,8,1024,3034.8109525866585
256,64,8,2048,3065.301843221822
256,64,8,4096,3164.621854068571
256,64,8,8192,3928.872793610917
256,128,1,1024,1729.8502922021544
256,128,1,2048,2061.80022768591
256,128,1,4096,3273.84453808604
256,128,1,8192,3533.890834061976
256,128,2,1024,3333.085219011294
256,128,2,2048,3527.3004144924344
256,128,2,4096,3411.331810522493
256,128,2,8192,4602.984675678575
256,128,4,1024,3440.9650785371236
256,128,4,2048,3193.016078779607
256,128,4,4096,3427.876732326645
256,128,4,8192,5323.22104693272
256,128,8,1024,3577.0358281144313
256,128,8,2048,3779.815862874995
256,128,8,4096,3831.200724506663
256,128,8,8192,5316.5418896088395
256,256,1,1024,1235.8247467481892
256,256,1,2048,1257.6781793932867
256,256,1,4096,2174.692961031902
256,256,1,8192,2543.9527732990814
256,256,2,1024,2768.924741567583
256,256,2,2048,3021.767263305075
256,256,2,4096,2642.4102701681527
256,256,2,8192,3356.004437125788
256,256,4,1024,3247.4181593553635
256,256,4,2048,2956.196014654403
256,256,4,4096,3147.4635414618992
256,256,4,8192,5299.905024617928
256,256,8,1024,2935.568663457967
256,256,8,2048,3310.768716326695
256,256,8,4096,3902.3339588202307
256,256,8,8192,5400.687409289966
256,512,1,1024,1161.3612794509643
256,512,1,2048,1434.6368712699439
256,512,1,4096,1838.2129372531706
256,512,1,8192,2378.489417799026
256,512,2,1024,2566.9820949774135
256,512,2,2048,2112.834145397897
256,512,2,4096,2267.369233727853
256,512,2,8192,3149.3603474310053
256,512,4,1024,2681.261333708104
256,512,4,2048,2797.6507904176397
256,512,4,4096,2987.0682249880956
256,512,4,8192,4780.667197332077
256,512,8,1024,2547.341256819527
256,512,8,2048,2547.1952839096625
256,512,8,4096,3647.5516611867547
256,512,8,8192,4605.349482642528
